Report,Timeframe,Period,Prior Year Week Ending,Current Year Week Ending,Geography,Variety,Volume Prior Year,Volume Current Year,Volume Variance,Price per Volume Prior Year,Price per Volume Current Year,Price per Volume Variance,Units Prior Year,Units Current Year,Unit Variance,Price per Unit Prior Year,Price per Unit Current Year,Price per Unit Variance,Dollars Prior Year,Dollars Current Year,Dollar Variance
Produce,Last 04 Wks,1.0,2020/02/02,2021/01/31,Total U.S.,Total Store with Perimeter,0.0,0.0,0.0,0.0,0.0,0.0,18797724287.0,19920878365.0,0.0597,3.4055,3.5718,0.0489,64014972475.0,71153824858.0,0.1115
Produce,Last 04 Wks,1.0,2020/02/02,2021/01/31,Total U.S.,Produce Department,3038689944.0,3313058947.0,0.0903,1.6507,1.6978,0.0285,2259357207.0,2463539825.0,0.0904,2.2201,2.2833,0.0285,5015952270.0,5624924320.0,0.1214
Produce,Last 04 Wks,1.0,2020/02/02,2021/01/31,Total U.S.,Vegetable Aisle,1452029124.0,1638973842.0,0.1287,1.7998,1.8203,0.0113,1251433780.0,1399323738.0,0.1182,2.0884,2.132,0.0209,2613433100.0,2983380208.0,0.1416
Produce,Last 04 Wks,1.0,2020/02/02,2021/01/31,Total U.S.,Fruit Aisle,1557148901.0,1644392615.0,0.056,1.4882,1.5524,0.0431,957640975.4,1008258678.0,0.0529,2.4199,2.5318,0.0463,2317388003.0,2552725898.0,0.1016
Produce,Last 04 Wks,1.0,2020/02/02,2021/01/31,Total U.S.,Blackberries,8830568.424,9613482.315,0.0887,6.0593,6.5588,0.0824,20231631.88,21511594.64,0.0633,2.6447,2.9311,0.1083,53506867.12,63052551.38,0.1784
Produce,Last 04 Wks,1.0,2020/02/02,2021/01/31,Total U.S.,Blueberries,42340173.86,42620129.93,0.0066,3.82,4.2229,0.1055,54426722.45,55780887.28,0.0249,2.9717,3.2266,0.0858,161739955.9,179981941.7,0.1128
Produce,Last 04 Wks,1.0,2020/02/02,2021/01/31,Total U.S.,Raspberries,11444435.0,13024134.32,0.138,7.3603,7.3833,0.0031,26510941.77,29685725.77,0.1198,3.1773,3.2393,0.0195,84234322.25,96161125.03,0.1416
Produce,Last 04 Wks,1.0,2020/02/02,2021/01/31,Total U.S.,Strawberries,72222983.81,77409048.31,0.0718,3.1239,3.293,0.0541,65814778.45,70335752.99,0.0687,3.4281,3.6241,0.0572,225619289.0,254904609.2,0.1298
Produce,Last 04 Wks,1.0,2020/02/02,2021/01/31,Total U.S.,Apples,214807712.6,221042629.5,0.029,1.5817,1.6446,0.0397,103840617.8,103935417.6,0.0009,3.2719,3.4975,0.0689,339760412.2,363517451.6,0.0699
Produce,Last 04 Wks,1.0,2020/02/02,2021/01/31,Total U.S.,Apricots,71329.3012,187780.4466,1.6326,3.5508,3.3362,-0.0604,74842.9061,167121.3188,1.233,3.3841,3.7486,0.1077,253274.2414,626473.6832,1.4735
Produce,Last 04 Wks,1.0,2020/02/02,2021/01/31,Total U.S.,Avocados,94003195.17,98966412.91,0.0528,2.0464,1.9907,-0.0272,127876338.3,124320632.8,-0.0278,1.5044,1.5847,0.0534,192371169.5,197016931.6,0.0241
Produce,Last 04 Wks,1.0,2020/02/02,2021/01/31,Total U.S.,Bananas,478204152.3,487614943.7,0.0197,0.5344,0.5526,0.0341,243028888.8,249000167.8,0.0246,1.0516,1.0822,0.0291,255561345.4,269467742.3,0.0544
Produce,Last 04 Wks,1.0,2020/02/02,2021/01/31,Total U.S.,Cherries,2866717.676,4434858.932,0.547,4.9726,4.5956,-0.0758,2440796.507,3693124.339,0.5131,5.8403,5.5186,-0.0551,14255064.91,20380841.58,0.4297
Produce,Last 04 Wks,1.0,2020/02/02,2021/01/31,Total U.S.,Coconuts,581846.614,674172.1725,0.1587,2.0296,2.0707,0.0203,471822.8792,555462.1404,0.1773,2.5029,2.5133,0.0041,1180918.645,1396026.407,0.1822
Produce,Last 04 Wks,1.0,2020/02/02,2021/01/31,Total U.S.,Dates,31564.2843,5010.8708,-0.8412,6.8083,8.0556,0.1832,46385.0572,7756.4402,-0.8328,4.6329,5.2041,0.1233,214898.5779,40365.385,-0.8122
Produce,Last 04 Wks,1.0,2020/02/02,2021/01/31,Total U.S.,Grapefruit,20711362.36,22858803.65,0.1037,1.0992,1.1649,0.0598,9018656.378,8950925.973,-0.0075,2.5244,2.975,0.1785,22766279.15,26628685.88,0.1697
Produce,Last 04 Wks,1.0,2020/02/02,2021/01/31,Total U.S.,Grapes,115242461.5,131285951.2,0.1392,2.1689,2.0446,-0.0573,60768546.48,70202304.85,0.1552,4.1131,3.8237,-0.0704,249944087.4,268430636.4,0.074
Produce,Last 04 Wks,1.0,2020/02/02,2021/01/31,Total U.S.,Kiwi,6834547.749,8347735.706,0.2214,2.3204,2.313,-0.0032,5908166.515,7121915.144,0.2054,2.6843,2.7112,0.01,15859031.94,19308662.8,0.2175
Produce,Last 04 Wks,1.0,2020/02/02,2021/01/31,Total U.S.,Lemons,28988125.64,35582973.43,0.2275,1.8408,1.8903,0.0269,32561659.24,38962404.54,0.1966,1.6388,1.7263,0.0534,53361542.74,67262310.62,0.2605
Produce,Last 04 Wks,1.0,2020/02/02,2021/01/31,Total U.S.,Limes,23756888.65,29180045.52,0.2283,1.5698,1.5635,-0.004,26498102.14,33529008.45,0.2653,1.4074,1.3607,-0.0332,37293999.6,45622690.2,0.2233
Produce,Last 04 Wks,1.0,2020/02/02,2021/01/31,Total U.S.,Mangoes,17321439.04,16113698.82,-0.0697,1.5796,1.7502,0.108,16723062.07,15751163.54,-0.0581,1.6361,1.7905,0.0943,27360797.0,28201880.48,0.0307
Produce,Last 04 Wks,1.0,2020/02/02,2021/01/31,Total U.S.,Melons,85180497.27,76077758.43,-0.1069,1.1192,1.3406,0.1978,26787605.18,25546242.08,-0.0463,3.5588,3.9922,0.1218,95332402.65,101986805.6,0.0698
Produce,Last 04 Wks,1.0,2020/02/02,2021/01/31,Total U.S.,Nectarines,2274371.307,1930878.696,-0.151,2.488,2.5927,0.0421,1638510.825,1376183.462,-0.1601,3.4536,3.6377,0.0533,5658711.358,5006182.585,-0.1153
Produce,Last 04 Wks,1.0,2020/02/02,2021/01/31,Total U.S.,Oranges,103215484.5,117560933.3,0.139,1.0799,1.1683,0.0819,35939142.14,41824699.26,0.1638,3.1013,3.2838,0.0588,111459274.3,137342131.9,0.2322
Produce,Last 04 Wks,1.0,2020/02/02,2021/01/31,Total U.S.,Other,2244908.573,2505039.394,0.1159,3.275,3.8326,0.1702,2424199.492,2669932.199,0.1014,3.0328,3.5959,0.1857,7352124.731,9600709.144,0.3058
Produce,Last 04 Wks,1.0,2020/02/02,2021/01/31,Total U.S.,Papaya,5229971.143,6027446.782,0.1525,1.3122,1.3945,0.0627,2174959.794,2645345.761,0.2163,3.1553,3.1774,0.007,6862746.248,8405329.864,0.2248
Produce,Last 04 Wks,1.0,2020/02/02,2021/01/31,Total U.S.,Peaches,2878633.445,2679236.571,-0.0693,2.6547,2.6595,0.0018,2100231.306,1941327.168,-0.0757,3.6387,3.6703,0.0087,7642046.056,7125345.372,-0.0676
Produce,Last 04 Wks,1.0,2020/02/02,2021/01/31,Total U.S.,Pears,23879394.33,28100361.14,0.1768,1.6141,1.6564,0.0262,14172604.95,15708013.83,0.1083,2.7196,2.9632,0.0895,38544245.44,46545454.29,0.2076
Produce,Last 04 Wks,1.0,2020/02/02,2021/01/31,Total U.S.,Pineapple,46776370.85,55193343.52,0.1799,1.1469,1.1093,-0.0328,17650035.35,20391402.36,0.1553,3.0395,3.0025,-0.0122,53648153.52,61224999.91,0.1412
Produce,Last 04 Wks,1.0,2020/02/02,2021/01/31,Total U.S.,Plums,974749.6477,814902.5058,-0.164,2.8524,2.9307,0.0274,818015.3824,718901.7373,-0.1212,3.399,3.3221,-0.0226,2780405.008,2388237.16,-0.141
Produce,Last 04 Wks,1.0,2020/02/02,2021/01/31,Total U.S.,Pomegranates,984598.6402,3619379.794,2.676,5.9777,3.6359,-0.3918,1486642.502,4072387.428,1.7393,3.959,3.2314,-0.1838,5885602.741,13159607.22,1.2359
Produce,Last 04 Wks,1.0,2020/02/02,2021/01/31,Total U.S.,Tangelos,2047996.032,1620751.507,-0.2086,1.4579,1.3903,-0.0464,1468892.797,1035297.082,-0.2952,2.0327,2.1765,0.0707,2985810.772,2253297.124,-0.2453
Produce,Last 04 Wks,1.0,2020/02/02,2021/01/31,Total U.S.,Tangerines,127081347.7,133517697.5,0.0506,1.3863,1.4005,0.0102,40963145.77,43047521.55,0.0509,4.3008,4.3437,0.01,176176246.6,186985684.2,0.0614
Produce,Last 04 Wks,1.0,2020/02/02,2021/01/31,Total U.S.,Variety,14017191.68,13389684.77,-0.0448,4.0325,4.1914,0.0394,11543933.3,11205839.16,-0.0293,4.8964,5.0083,0.0228,56523857.92,56121981.99,-0.0071
Produce,Last 04 Wks,2.0,2020/03/01,2021/02/28,Total U.S.,Total Store with Perimeter,0.0,0.0,0.0,0.0,0.0,0.0,19081786242.0,19886664181.0,0.0422,3.4626,3.6121,0.0432,66072427351.0,71833574036.0,0.0872
Produce,Last 04 Wks,2.0,2020/03/01,2021/02/28,Total U.S.,Produce Department,3040355132.0,3300455891.0,0.0855,1.657,1.707,0.0302,2235747487.0,2438750160.0,0.0908,2.2533,2.3101,0.0252,5037823866.0,5633769140.0,0.1183
Produce,Last 04 Wks,2.0,2020/03/01,2021/02/28,Total U.S.,Vegetable Aisle,1419788646.0,1601746114.0,0.1282,1.7986,1.8149,0.0091,1215827203.0,1367262903.0,0.1246,2.1003,2.1262,0.0123,2553597815.0,2907058521.0,0.1384
Produce,Last 04 Wks,2.0,2020/03/01,2021/02/28,Total U.S.,Fruit Aisle,1592773714.0,1669103681.0,0.0479,1.5078,1.5781,0.0466,971840089.3,1015659070.0,0.0451,2.4712,2.5934,0.0495,2401593178.0,2634011978.0,0.0968
Produce,Last 04 Wks,2.0,2020/03/01,2021/02/28,Total U.S.,Blackberries,8556055.343,7721100.41,-0.0976,6.1125,7.213,0.18,19422574.58,16835812.43,-0.1332,2.6927,3.308,0.2285,52299026.52,55692616.33,0.0649
Produce,Last 04 Wks,2.0,2020/03/01,2021/02/28,Total U.S.,Blueberries,42727440.18,37552582.59,-0.1211,3.7752,4.93,0.3059,51956253.83,48898181.39,-0.0589,3.1047,3.7861,0.2195,161306397.2,185132489.9,0.1477
Produce,Last 04 Wks,2.0,2020/03/01,2021/02/28,Total U.S.,Raspberries,10737637.39,10504627.37,-0.0217,7.9367,8.4782,0.0682,24448225.2,23363291.32,-0.0444,3.4858,3.812,0.0936,85221315.71,89060450.73,0.045
Produce,Last 04 Wks,2.0,2020/03/01,2021/02/28,Total U.S.,Strawberries,106857346.0,98236291.18,-0.0807,2.8218,3.3178,0.1758,97699237.87,89903143.91,-0.0798,3.0863,3.6253,0.1747,301527391.7,325929881.4,0.0809
Produce,Last 04 Wks,2.0,2020/03/01,2021/02/28,Total U.S.,Apples,203239536.3,207509636.4,0.021,1.6102,1.7012,0.0565,98372833.02,97867882.86,-0.0051,3.3267,3.6071,0.0843,327259943.9,353016639.0,0.0787
Produce,Last 04 Wks,2.0,2020/03/01,2021/02/28,Total U.S.,Apricots,19721.6446,33776.8466,0.7127,4.2258,4.0581,-0.0397,26158.4755,42966.8997,0.6426,3.186,3.1902,0.0013,83339.8368,137071.3949,0.6447
Produce,Last 04 Wks,2.0,2020/03/01,2021/02/28,Total U.S.,Avocados,81426953.93,101638112.1,0.2482,2.2723,1.929,-0.1511,107321011.9,129837461.9,0.2098,1.724,1.51,-0.1241,185023292.3,196057121.2,0.0596
Produce,Last 04 Wks,2.0,2020/03/01,2021/02/28,Total U.S.,Bananas,483210051.7,487558659.9,0.009,0.5361,0.5489,0.0239,246208235.9,248786987.0,0.0105,1.0521,1.0757,0.0224,259040107.1,267621327.6,0.0331
Produce,Last 04 Wks,2.0,2020/03/01,2021/02/28,Total U.S.,Cherries,1093470.903,2256183.378,1.0633,5.8477,5.4426,-0.0693,930511.6121,1908403.864,1.0509,6.8718,6.4345,-0.0636,6394249.769,12279575.15,0.9204
Produce,Last 04 Wks,2.0,2020/03/01,2021/02/28,Total U.S.,Coconuts,583387.7756,720282.0047,0.2347,2.053,2.0905,0.0183,474625.5001,596543.1158,0.2569,2.5235,2.5241,0.0003,1197708.855,1505748.551,0.2572
Produce,Last 04 Wks,2.0,2020/03/01,2021/02/28,Total U.S.,Dates,32162.6529,4965.5008,-0.8456,6.8198,8.0117,0.1748,47939.9771,7711.2635,-0.8391,4.5754,5.1589,0.1276,219342.5732,39782.0059,-0.8186
Produce,Last 04 Wks,2.0,2020/03/01,2021/02/28,Total U.S.,Grapefruit,18958094.7,20758238.67,0.095,1.1031,1.1584,0.0502,8455502.54,7926227.14,-0.0626,2.4732,3.0338,0.2267,20912373.53,24046968.44,0.1499
Produce,Last 04 Wks,2.0,2020/03/01,2021/02/28,Total U.S.,Grapes,124307072.8,140197029.0,0.1278,2.0844,1.9591,-0.0601,65846843.57,73498518.39,0.1162,3.935,3.737,-0.0503,259108367.2,274660597.2,0.06
Produce,Last 04 Wks,2.0,2020/03/01,2021/02/28,Total U.S.,Kiwi,6418942.693,6986261.937,0.0884,2.2456,2.3664,0.0538,5670384.233,6069933.621,0.0705,2.542,2.7237,0.0715,14414269.73,16532527.5,0.147
Produce,Last 04 Wks,2.0,2020/03/01,2021/02/28,Total U.S.,Lemons,28245479.32,35049014.27,0.2409,1.9074,1.9069,-0.0002,31653483.81,38505835.72,0.2165,1.702,1.7357,0.0198,53874140.11,66834464.09,0.2406
Produce,Last 04 Wks,2.0,2020/03/01,2021/02/28,Total U.S.,Limes,22834072.45,29185541.76,0.2782,1.5703,1.6447,0.0474,25598812.4,33345963.86,0.3026,1.4007,1.4395,0.0277,35855370.91,48000657.12,0.3387
Produce,Last 04 Wks,2.0,2020/03/01,2021/02/28,Total U.S.,Mangoes,19519805.03,17525774.78,-0.1022,1.6332,1.8058,0.1057,19068912.36,16403795.49,-0.1398,1.6718,1.9293,0.154,31880127.41,31647506.33,-0.0073
Produce,Last 04 Wks,2.0,2020/03/01,2021/02/28,Total U.S.,Melons,94909827.72,86311011.55,-0.0906,1.0457,1.2897,0.2333,27925316.94,27315889.21,-0.0218,3.554,4.075,0.1466,99245731.88,111311235.0,0.1216
Produce,Last 04 Wks,2.0,2020/03/01,2021/02/28,Total U.S.,Nectarines,5315114.036,4639852.419,-0.127,2.1727,2.2597,0.0401,3546302.873,3018326.577,-0.1489,3.2563,3.4736,0.0667,11547965.31,10484593.75,-0.0921
Produce,Last 04 Wks,2.0,2020/03/01,2021/02/28,Total U.S.,Oranges,98435593.46,108113770.6,0.0983,1.1046,1.2037,0.0897,35803392.75,39000239.42,0.0893,3.0369,3.3369,0.0988,108732231.7,130140007.2,0.1969
Produce,Last 04 Wks,2.0,2020/03/01,2021/02/28,Total U.S.,Other,2455351.995,2382764.897,-0.0296,3.4558,4.0271,0.1653,2511623.376,2590888.483,0.0316,3.3784,3.7036,0.0963,8485150.184,9595648.232,0.1309
Produce,Last 04 Wks,2.0,2020/03/01,2021/02/28,Total U.S.,Papaya,5486099.014,6807319.639,0.2408,1.3079,1.3197,0.009,2288232.152,2986368.713,0.3051,3.1358,3.0082,-0.0407,7175399.146,8983470.807,0.252
Produce,Last 04 Wks,2.0,2020/03/01,2021/02/28,Total U.S.,Peaches,4588656.75,4502777.979,-0.0187,2.5323,2.6127,0.0317,3293194.881,3246004.632,-0.0143,3.5285,3.6243,0.0271,11620068.11,11764358.16,0.0124
Produce,Last 04 Wks,2.0,2020/03/01,2021/02/28,Total U.S.,Pears,20702299.62,25710457.15,0.2419,1.6605,1.6639,0.0021,12272368.27,14189429.07,0.1562,2.8011,3.0149,0.0763,34375779.74,42779277.3,0.2445
Produce,Last 04 Wks,2.0,2020/03/01,2021/02/28,Total U.S.,Pineapple,46252292.6,55558471.46,0.2012,1.2601,1.1601,-0.0794,18517412.83,21738993.83,0.174,3.1474,2.9648,-0.058,58282014.73,64451256.16,0.1059
Produce,Last 04 Wks,2.0,2020/03/01,2021/02/28,Total U.S.,Plums,3730696.039,3790755.223,0.0161,2.385,2.4387,0.0225,3011370.562,3054354.55,0.0143,2.9547,3.0267,0.0244,8897631.483,9244533.552,0.039
Produce,Last 04 Wks,2.0,2020/03/01,2021/02/28,Total U.S.,Pomegranates,372896.3822,1075344.29,1.8838,9.2442,5.4873,-0.4064,756758.9758,1538770.017,1.0334,4.5551,3.8347,-0.1582,3447141.187,5900716.846,0.7118
Produce,Last 04 Wks,2.0,2020/03/01,2021/02/28,Total U.S.,Tangelos,2491617.15,2414245.671,-0.0311,1.49,1.4995,0.0063,1864702.035,1691294.762,-0.093,1.991,2.1404,0.075,3712593.161,3620046.587,-0.0249
Produce,Last 04 Wks,2.0,2020/03/01,2021/02/28,Total U.S.,Tangerines,133226025.9,148095647.5,0.1116,1.3556,1.3837,0.0207,43417536.73,47621576.62,0.0968,4.1595,4.303,0.0345,180597042.8,204913908.3,0.1346
Produce,Last 04 Wks,2.0,2020/03/01,2021/02/28,Total U.S.,Variety,13848171.37,13936449.12,0.0064,4.1802,4.2838,0.0248,11264004.48,11548626.32,0.0253,5.1392,5.1695,0.0059,57888107.87,59700809.04,0.0313
Produce,Last 04 Wks,3.0,2020/03/29,2021/03/28,Total U.S.,Total Store with Perimeter,0.0,0.0,0.0,0.0,0.0,0.0,24922874596.0,19638078243.0,-0.212,3.4973,3.6808,0.0525,87162299448.0,72284212631.0,-0.1707
Produce,Last 04 Wks,3.0,2020/03/29,2021/03/28,Total U.S.,Produce Department,3834747547.0,3322915610.0,-0.1335,1.5602,1.6945,0.0861,2642854216.0,2433036586.0,-0.0794,2.2638,2.3143,0.0223,5982989128.0,5630763711.0,-0.0589
Produce,Last 04 Wks,3.0,2020/03/29,2021/03/28,Total U.S.,Vegetable Aisle,1914260362.0,1585899676.0,-0.1715,1.6494,1.7991,0.0908,1501394245.0,1349754168.0,-0.101,2.103,2.1139,0.0052,3157396232.0,2853270941.0,-0.0963
Produce,Last 04 Wks,3.0,2020/03/29,2021/03/28,Total U.S.,Fruit Aisle,1892178409.0,1708995459.0,-0.0968,1.4525,1.5744,0.0839,1092959932.0,1030246756.0,-0.0574,2.5146,2.6116,0.0386,2748336115.0,2690566145.0,-0.021
Produce,Last 04 Wks,3.0,2020/03/29,2021/03/28,Total U.S.,Blackberries,10692905.54,7341261.826,-0.3134,6.1305,7.7959,0.2717,24084644.36,16248074.93,-0.3254,2.7218,3.5224,0.2942,65552535.1,57231964.85,-0.1269
Produce,Last 04 Wks,3.0,2020/03/29,2021/03/28,Total U.S.,Blueberries,25689856.96,35723577.86,0.3906,6.3361,5.4472,-0.1403,39029184.03,48286070.94,0.2372,4.1706,4.03,-0.0337,162773246.5,194593481.8,0.1955
Produce,Last 04 Wks,3.0,2020/03/29,2021/03/28,Total U.S.,Raspberries,13451781.06,12222528.4,-0.0914,7.6207,8.319,0.0916,30641900.54,27107886.46,-0.1153,3.3455,3.7509,0.1212,102511345.1,101679793.1,-0.0081
Produce,Last 04 Wks,3.0,2020/03/29,2021/03/28,Total U.S.,Strawberries,104645211.4,114018595.0,0.0896,2.6762,2.7773,0.0378,94133611.41,99913367.2,0.0614,2.9751,3.1694,0.0653,280055952.2,316663308.7,0.1307
Produce,Last 04 Wks,3.0,2020/03/29,2021/03/28,Total U.S.,Apples,245942815.2,201646927.9,-0.1801,1.6012,1.7081,0.0668,114591589.3,95197122.42,-0.1692,3.4365,3.618,0.0528,393796392.7,344424972.1,-0.1254
Produce,Last 04 Wks,3.0,2020/03/29,2021/03/28,Total U.S.,Apricots,23033.7589,31922.336,0.3859,4.3134,4.1179,-0.0453,30555.4742,41246.1698,0.3499,3.2516,3.1871,-0.0198,99354.1202,131454.5755,0.3231
Produce,Last 04 Wks,3.0,2020/03/29,2021/03/28,Total U.S.,Avocados,85858635.15,94154817.78,0.0966,2.5997,2.1569,-0.1703,109942881.3,116285279.3,0.0577,2.0302,1.7464,-0.1398,223203596.9,203086310.6,-0.0901
Produce,Last 04 Wks,3.0,2020/03/29,2021/03/28,Total U.S.,Bananas,545351038.8,490554099.0,-0.1005,0.538,0.5481,0.0189,275980405.4,251170841.8,-0.0899,1.0631,1.0705,0.007,293381940.6,268882604.1,-0.0835
Produce,Last 04 Wks,3.0,2020/03/29,2021/03/28,Total U.S.,Cherries,198017.4285,1220826.351,5.1652,5.9926,5.4828,-0.0851,183752.1518,1045901.22,4.6919,6.4578,6.3997,-0.009,1186638.259,6693498.72,4.6407
Produce,Last 04 Wks,3.0,2020/03/29,2021/03/28,Total U.S.,Coconuts,661185.838,781709.8972,0.1823,2.0438,2.0989,0.027,536159.2724,644562.3921,0.2022,2.5204,2.5455,0.01,1351359.347,1640762.855,0.2142
Produce,Last 04 Wks,3.0,2020/03/29,2021/03/28,Total U.S.,Dates,28913.8555,5038.1942,-0.8258,6.9114,8.0101,0.159,42217.8689,7914.1257,-0.8125,4.7334,5.0993,0.0773,199835.0968,40356.4687,-0.7981
Produce,Last 04 Wks,3.0,2020/03/29,2021/03/28,Total U.S.,Grapefruit,20921864.45,13628407.65,-0.3486,1.1399,1.2936,0.1348,9183689.999,6174808.238,-0.3276,2.5969,2.8551,0.0994,23849371.56,17629644.9,-0.2608
Produce,Last 04 Wks,3.0,2020/03/29,2021/03/28,Total U.S.,Grapes,150408075.1,135070407.4,-0.102,1.866,2.0338,0.0899,76310142.49,71476979.86,-0.0633,3.6779,3.8433,0.045,280664497.1,274709244.9,-0.0212
Produce,Last 04 Wks,3.0,2020/03/29,2021/03/28,Total U.S.,Kiwi,7537176.571,7049362.701,-0.0647,2.1801,2.3436,0.075,6508256.77,6173509.232,-0.0514,2.5247,2.6761,0.06,16431492.69,16520971.09,0.0054
Produce,Last 04 Wks,3.0,2020/03/29,2021/03/28,Total U.S.,Lemons,40315197.49,37157859.56,-0.0783,1.9044,1.8791,-0.0132,43884349.45,40045899.83,-0.0875,1.7495,1.7436,-0.0033,76774379.59,69824443.15,-0.0905
Produce,Last 04 Wks,3.0,2020/03/29,2021/03/28,Total U.S.,Limes,30523926.88,28670241.65,-0.0607,1.6565,1.8585,0.1219,34452420.45,33487309.84,-0.028,1.4676,1.5912,0.0842,50563743.91,53283898.66,0.0538
Produce,Last 04 Wks,3.0,2020/03/29,2021/03/28,Total U.S.,Mangoes,22881104.69,25048479.85,0.0947,1.6642,1.577,-0.0524,21310841.61,22017594.79,0.0332,1.7868,1.7941,0.0041,38079217.84,39502479.79,0.0374
Produce,Last 04 Wks,3.0,2020/03/29,2021/03/28,Total U.S.,Melons,129480444.2,121024743.7,-0.0653,0.9818,1.1673,0.1889,36056703.2,36946279.18,0.0247,3.5255,3.8236,0.0845,127117798.2,141266627.6,0.1113
Produce,Last 04 Wks,3.0,2020/03/29,2021/03/28,Total U.S.,Nectarines,5043699.237,5320781.596,0.0549,2.1607,2.1006,-0.0278,3474625.524,3569134.858,0.0272,3.1364,3.1316,-0.0015,10897855.7,11176927.99,0.0256
Produce,Last 04 Wks,3.0,2020/03/29,2021/03/28,Total U.S.,Oranges,144503955.9,103785820.0,-0.2818,1.0816,1.1889,0.0992,49918929.62,37424118.46,-0.2503,3.1309,3.2971,0.0531,156289695.5,123389900.5,-0.2105
Produce,Last 04 Wks,3.0,2020/03/29,2021/03/28,Total U.S.,Other,2564521.052,2610612.217,0.018,3.423,3.9327,0.1489,2371489.765,2583971.915,0.0896,3.7016,3.9733,0.0734,8778335.97,10266823.96,0.1696
Produce,Last 04 Wks,3.0,2020/03/29,2021/03/28,Total U.S.,Papaya,7439758.046,7707005.631,0.0359,1.1926,1.2663,0.0618,3137840.243,3402525.283,0.0844,2.8276,2.8683,0.0144,8872424.719,9759353.521,0.1
Produce,Last 04 Wks,3.0,2020/03/29,2021/03/28,Total U.S.,Peaches,4454488.359,5280060.54,0.1853,2.3444,2.3963,0.0221,3164134.198,3788601.675,0.1974,3.3005,3.3397,0.0119,10443192.93,12652684.44,0.2116
Produce,Last 04 Wks,3.0,2020/03/29,2021/03/28,Total U.S.,Pears,21709051.67,23298056.92,0.0732,1.68,1.6848,0.0028,12610440.49,12911215.45,0.0239,2.8922,3.0401,0.0511,36472229.09,39251691.41,0.0762
Produce,Last 04 Wks,3.0,2020/03/29,2021/03/28,Total U.S.,Pineapple,78624024.14,62416693.08,-0.2061,0.7975,1.1311,0.4183,25987046.53,23422934.69,-0.0987,2.4129,3.0141,0.2492,62704974.31,70599729.23,0.1259
Produce,Last 04 Wks,3.0,2020/03/29,2021/03/28,Total U.S.,Plums,6077907.949,6557772.909,0.079,2.2626,2.223,-0.0175,4618324.932,4984204.299,0.0792,2.9777,2.9248,-0.0177,13751851.44,14577970.71,0.0601
Produce,Last 04 Wks,3.0,2020/03/29,2021/03/28,Total U.S.,Pomegranates,277938.347,527526.8411,0.898,7.4945,8.5965,0.147,496913.0,1041827.612,1.0966,4.1919,4.3528,0.0384,2083016.23,4534859.75,1.1771
Produce,Last 04 Wks,3.0,2020/03/29,2021/03/28,Total U.S.,Tangelos,3260505.911,2484895.493,-0.2379,1.4988,1.4692,-0.0197,2448399.218,1730556.494,-0.2932,1.996,2.1096,0.057,4886906.823,3650867.409,-0.2529
Produce,Last 04 Wks,3.0,2020/03/29,2021/03/28,Total U.S.,Tangerines,169221804.6,145403936.3,-0.1407,1.3827,1.3816,-0.0008,55692597.71,47236348.04,-0.1518,4.2014,4.2528,0.0122,233988834.9,200888518.1,-0.1415
Produce,Last 04 Wks,3.0,2020/03/29,2021/03/28,Total U.S.,Variety,12605200.22,15795775.12,0.2531,4.0926,4.2569,0.0401,10343148.44,13168761.38,0.2732,4.9877,5.1061,0.0237,51588618.54,67240358.14,0.3034
Produce,Last 04 Wks,4.0,2020/04/26,2021/04/25,Total U.S.,Total Store with Perimeter,0.0,0.0,0.0,0.0,0.0,0.0,21225612736.0,19736250555.0,-0.0702,3.54,3.7171,0.05,75138955747.0,73361409076.0,-0.0237
Produce,Last 04 Wks,4.0,2020/04/26,2021/04/25,Total U.S.,Produce Department,3740184980.0,3396470730.0,-0.0919,1.5751,1.7017,0.0804,2593075014.0,2453485782.0,-0.0538,2.2719,2.3558,0.0369,5891132733.0,5779892289.0,-0.0189
Produce,Last 04 Wks,4.0,2020/04/26,2021/04/25,Total U.S.,Vegetable Aisle,1845294073.0,1584420734.0,-0.1414,1.6883,1.8286,0.0831,1487710716.0,1368841766.0,-0.0799,2.0942,2.1166,0.0107,3115491644.0,2897291747.0,-0.07
Produce,Last 04 Wks,4.0,2020/04/26,2021/04/25,Total U.S.,Fruit Aisle,1864353927.0,1783866230.0,-0.0432,1.4462,1.5638,0.0814,1052296170.0,1031753043.0,-0.0195,2.5622,2.7038,0.0553,2696170539.0,2789675988.0,0.0347
Produce,Last 04 Wks,4.0,2020/04/26,2021/04/25,Total U.S.,Blackberries,9867585.759,8153814.267,-0.1737,6.3868,7.8238,0.225,22328767.95,17551289.52,-0.214,2.8225,3.6347,0.2878,63022085.09,63793941.52,0.0122
Produce,Last 04 Wks,4.0,2020/04/26,2021/04/25,Total U.S.,Blueberries,32681571.17,32756491.88,0.0023,5.6549,5.9997,0.061,47733541.98,47479738.48,-0.0053,3.8717,4.1392,0.0691,184810461.6,196528270.7,0.0634
Produce,Last 04 Wks,4.0,2020/04/26,2021/04/25,Total U.S.,Raspberries,14392167.88,12454736.57,-0.1346,6.7969,8.181,0.2037,33399240.09,27573201.15,-0.1744,2.9289,3.6954,0.2617,97821534.28,101892760.0,0.0416
Produce,Last 04 Wks,4.0,2020/04/26,2021/04/25,Total U.S.,Strawberries,116618666.0,111655269.9,-0.0426,2.7015,2.9377,0.0875,103172938.9,96413683.86,-0.0655,3.0535,3.4021,0.1142,315040128.9,328010005.5,0.0412
Produce,Last 04 Wks,4.0,2020/04/26,2021/04/25,Total U.S.,Apples,212900422.3,193405098.3,-0.0916,1.6003,1.7541,0.0961,96467997.67,91679002.43,-0.0496,3.5318,3.7005,0.0478,340707618.1,339255673.9,-0.0043
Produce,Last 04 Wks,4.0,2020/04/26,2021/04/25,Total U.S.,Apricots,17085.1207,27159.1694,0.5896,4.4979,4.1522,-0.0768,22500.2251,34927.1149,0.5523,3.4154,3.2288,-0.0546,76846.8022,112771.3545,0.4675
Produce,Last 04 Wks,4.0,2020/04/26,2021/04/25,Total U.S.,Avocados,89614441.33,87785069.69,-0.0204,2.6158,2.4847,-0.0501,113033732.9,105223531.2,-0.0691,2.0739,2.0729,-0.0005,234416324.8,218119165.1,-0.0695
Produce,Last 04 Wks,4.0,2020/04/26,2021/04/25,Total U.S.,Bananas,523604513.0,490462193.4,-0.0633,0.536,0.5475,0.0214,263000983.4,251974371.2,-0.0419,1.0672,1.0657,-0.0014,280665762.2,268517769.0,-0.0433
Produce,Last 04 Wks,4.0,2020/04/26,2021/04/25,Total U.S.,Cherries,43165.3671,53735.3833,0.2449,5.3194,5.6047,0.0536,49641.8213,60101.9306,0.2107,4.6255,5.011,0.0834,229615.8618,301171.8193,0.3116
Produce,Last 04 Wks,4.0,2020/04/26,2021/04/25,Total U.S.,Coconuts,644962.9696,834496.8126,0.2939,2.0276,2.1109,0.0411,522445.9085,685641.6206,0.3124,2.5031,2.5692,0.0264,1307734.763,1761558.445,0.347
Produce,Last 04 Wks,4.0,2020/04/26,2021/04/25,Total U.S.,Dates,12591.3605,5578.7451,-0.5569,7.056,7.9503,0.1267,18764.1872,8695.4923,-0.5366,4.7348,5.1006,0.0773,88844.3973,44352.6135,-0.5008
Produce,Last 04 Wks,4.0,2020/04/26,2021/04/25,Total U.S.,Grapefruit,18138153.76,11228590.57,-0.3809,1.1875,1.3787,0.161,8211126.671,5363903.793,-0.3468,2.6231,2.8861,0.1003,21538461.52,15480664.18,-0.2813
Produce,Last 04 Wks,4.0,2020/04/26,2021/04/25,Total U.S.,Grapes,128809852.6,136486044.9,0.0596,1.9489,2.0489,0.0513,63733602.57,71195693.39,0.1171,3.9389,3.9278,-0.0028,251037780.6,279645677.9,0.114
Produce,Last 04 Wks,4.0,2020/04/26,2021/04/25,Total U.S.,Kiwi,6825780.046,7076015.172,0.0367,2.2993,2.4632,0.0713,5897308.477,6635504.968,0.1252,2.6612,2.6268,-0.013,15694210.68,17429855.38,0.1106
Produce,Last 04 Wks,4.0,2020/04/26,2021/04/25,Total U.S.,Lemons,43955614.82,39130590.69,-0.1098,1.9551,1.8921,-0.0323,46745410.63,42376136.15,-0.0935,1.8384,1.7472,-0.0497,85938617.19,74037770.5,-0.1385
Produce,Last 04 Wks,4.0,2020/04/26,2021/04/25,Total U.S.,Limes,34543561.15,30203735.02,-0.1256,1.7232,2.0186,0.1714,37965885.79,34963128.89,-0.0791,1.5679,1.7439,0.1122,59525566.67,60970638.83,0.0243
Produce,Last 04 Wks,4.0,2020/04/26,2021/04/25,Total U.S.,Mangoes,24389711.33,28527281.94,0.1696,1.5796,1.4751,-0.0661,21725428.92,25372420.73,0.1679,1.7733,1.6586,-0.0647,38524893.56,42081842.94,0.0923
Produce,Last 04 Wks,4.0,2020/04/26,2021/04/25,Total U.S.,Melons,205755473.0,199446172.6,-0.0307,0.7698,1.0015,0.3009,41138903.02,50039423.32,0.2164,3.8503,3.9917,0.0367,158398102.0,199741990.7,0.261
Produce,Last 04 Wks,4.0,2020/04/26,2021/04/25,Total U.S.,Nectarines,1313671.934,1828080.121,0.3916,2.4126,2.3451,-0.028,953891.7797,1357141.536,0.4227,3.3226,3.1589,-0.0493,3169355.493,4287079.685,0.3527
Produce,Last 04 Wks,4.0,2020/04/26,2021/04/25,Total U.S.,Oranges,139987082.0,98958823.82,-0.2931,1.1268,1.2153,0.0786,46760165.81,35656776.47,-0.2375,3.3732,3.3729,-0.0001,157731711.9,120266109.5,-0.2375
Produce,Last 04 Wks,4.0,2020/04/26,2021/04/25,Total U.S.,Other,1892864.54,2481352.61,0.3109,3.4164,3.9098,0.1444,1639746.019,2377359.632,0.4498,3.9437,4.0808,0.0348,6466709.881,9701469.099,0.5002
Produce,Last 04 Wks,4.0,2020/04/26,2021/04/25,Total U.S.,Papaya,6923554.124,7919230.318,0.1438,1.3218,1.2571,-0.0489,2944161.029,3529498.283,0.1988,3.1083,2.8206,-0.0926,9151297.744,9955220.722,0.0878
Produce,Last 04 Wks,4.0,2020/04/26,2021/04/25,Total U.S.,Peaches,1012135.173,1500193.155,0.4822,2.611,2.5599,-0.0196,739908.7265,1104021.6,0.4921,3.5717,3.4785,-0.0261,2642705.438,3840300.51,0.4532
Produce,Last 04 Wks,4.0,2020/04/26,2021/04/25,Total U.S.,Pears,20921530.76,23509672.16,0.1237,1.6346,1.6991,0.0394,11983670.21,13364128.06,0.1152,2.8538,2.9889,0.0473,34199348.08,39944193.38,0.168
Produce,Last 04 Wks,4.0,2020/04/26,2021/04/25,Total U.S.,Pineapple,69482279.36,87762069.81,0.2631,0.9562,0.9361,-0.021,23134874.87,30488005.47,0.3178,2.8719,2.6948,-0.0617,66441183.74,82158436.73,0.2366
Produce,Last 04 Wks,4.0,2020/04/26,2021/04/25,Total U.S.,Plums,4453414.548,5269164.891,0.1832,2.2981,2.2751,-0.01,3181357.71,3900588.2,0.2261,3.217,3.0733,-0.0446,10234282.66,11987759.68,0.1713
Produce,Last 04 Wks,4.0,2020/04/26,2021/04/25,Total U.S.,Pomegranates,362708.9771,572957.199,0.5797,5.9215,8.4586,0.4285,539723.0162,1126327.157,1.0869,3.9794,4.3029,0.0813,2147779.258,4846439.78,1.2565
Produce,Last 04 Wks,4.0,2020/04/26,2021/04/25,Total U.S.,Tangelos,1971050.808,1932068.841,-0.0198,1.5434,1.6593,0.0751,1366735.699,1391644.598,0.0182,2.2259,2.3037,0.035,3042152.596,3205878.784,0.0538
Produce,Last 04 Wks,4.0,2020/04/26,2021/04/25,Total U.S.,Tangerines,142263038.7,141379376.0,-0.0062,1.4386,1.3866,-0.0361,44650211.48,44824071.87,0.0039,4.5837,4.3736,-0.0458,204663941.7,196041675.2,-0.0421
Produce,Last 04 Wks,4.0,2020/04/26,2021/04/25,Total U.S.,Variety,9570421.54,18351573.88,0.9175,4.1471,4.3056,0.0382,7858082.513,14953372.55,0.9029,5.0508,5.2841,0.0462,39689650.95,79014509.19,0.9908
Produce,Last 04 Wks,5.0,2020/05/24,2021/05/23,Total U.S.,Total Store with Perimeter,0.0,0.0,0.0,0.0,0.0,0.0,20980833753.0,19480344372.0,-0.0715,3.6613,3.7723,0.0303,76816376510.0,73485546730.0,-0.0434
Produce,Last 04 Wks,5.0,2020/05/24,2021/05/23,Total U.S.,Produce Department,4039897752.0,3521896307.0,-0.1282,1.5296,1.6907,0.1053,2743862973.0,2490594453.0,-0.0923,2.2522,2.3907,0.0615,6179595506.0,5954311259.0,-0.0365
Produce,Last 04 Wks,5.0,2020/05/24,2021/05/23,Total U.S.,Vegetable Aisle,1788411890.0,1527283773.0,-0.146,1.735,1.8618,0.0731,1527089907.0,1351218141.0,-0.1152,2.032,2.1044,0.0357,3102980361.0,2843527950.0,-0.0836
Produce,Last 04 Wks,5.0,2020/05/24,2021/05/23,Total U.S.,Fruit Aisle,2219182111.0,1966985868.0,-0.1136,1.3476,1.5353,0.1393,1160526648.0,1088372145.0,-0.0622,2.577,2.7748,0.0768,2990619300.0,3019967033.0,0.0098
Produce,Last 04 Wks,5.0,2020/05/24,2021/05/23,Total U.S.,Blackberries,12046038.58,9571956.707,-0.2054,5.55,7.5283,0.3565,26264604.16,20008455.85,-0.2382,2.5455,3.6015,0.4149,66855510.42,72060920.06,0.0779
Produce,Last 04 Wks,5.0,2020/05/24,2021/05/23,Total U.S.,Blueberries,48877431.16,40593687.01,-0.1695,4.1181,5.3851,0.3077,58639602.02,53810744.27,-0.0823,3.4325,4.0624,0.1835,201281381.8,218601712.0,0.0861
Produce,Last 04 Wks,5.0,2020/05/24,2021/05/23,Total U.S.,Raspberries,13399346.92,13970175.33,0.0426,6.771,8.0497,0.1889,30332469.71,31034698.13,0.0232,2.9911,3.6236,0.2115,90726978.69,112456228.7,0.2395
Produce,Last 04 Wks,5.0,2020/05/24,2021/05/23,Total U.S.,Strawberries,168696734.0,130383164.9,-0.2271,2.1993,3.0034,0.3657,136750378.0,110999694.8,-0.1883,2.713,3.5279,0.3004,371008857.2,391596497.4,0.0555
Produce,Last 04 Wks,5.0,2020/05/24,2021/05/23,Total U.S.,Apples,194711288.2,186196841.1,-0.0437,1.6097,1.7661,0.0972,89176515.95,88697300.62,-0.0054,3.5147,3.7075,0.0549,313425431.3,328845262.6,0.0492
Produce,Last 04 Wks,5.0,2020/05/24,2021/05/23,Total U.S.,Apricots,1178172.969,1050560.27,-0.1083,3.1617,3.1593,-0.0008,1153454.351,926979.3489,-0.1963,3.2294,3.5805,0.1087,3725018.716,3319051.812,-0.109
Produce,Last 04 Wks,5.0,2020/05/24,2021/05/23,Total U.S.,Avocados,102680396.7,93177017.22,-0.0926,2.4577,2.3738,-0.0341,130212946.9,115360901.1,-0.1141,1.938,1.9173,-0.0107,252356840.1,221180708.6,-0.1235
Produce,Last 04 Wks,5.0,2020/05/24,2021/05/23,Total U.S.,Bananas,508969985.4,493131805.4,-0.0311,0.5387,0.5448,0.0113,255912065.3,252977186.1,-0.0115,1.0714,1.0619,-0.0088,274176217.4,268645584.8,-0.0202
Produce,Last 04 Wks,5.0,2020/05/24,2021/05/23,Total U.S.,Cherries,34219840.34,17812526.94,-0.4795,3.5255,4.2463,0.2044,25253115.66,13880063.93,-0.4504,4.7773,5.4493,0.1407,120641486.4,75636659.04,-0.373
Produce,Last 04 Wks,5.0,2020/05/24,2021/05/23,Total U.S.,Coconuts,755724.8458,810636.6384,0.0727,2.0032,2.1058,0.0512,614823.9107,666809.5465,0.0846,2.4623,2.56,0.0397,1513896.927,1707043.207,0.1276
Produce,Last 04 Wks,5.0,2020/05/24,2021/05/23,Total U.S.,Dates,7023.3093,5366.1974,-0.2359,7.5916,7.7175,0.0166,10902.8441,8538.4535,-0.2169,4.8903,4.8502,-0.0082,53318.2101,41413.4959,-0.2233
Produce,Last 04 Wks,5.0,2020/05/24,2021/05/23,Total U.S.,Grapefruit,14130369.65,10494968.02,-0.2573,1.2388,1.435,0.1583,6956345.162,5130028.827,-0.2625,2.5164,2.9357,0.1666,17505002.47,15060036.13,-0.1397
Produce,Last 04 Wks,5.0,2020/05/24,2021/05/23,Total U.S.,Grapes,121521918.0,117891242.5,-0.0299,2.1175,2.1282,0.005,59747339.23,59794534.29,0.0008,4.3069,4.1959,-0.0258,257323608.7,250894523.3,-0.025
Produce,Last 04 Wks,5.0,2020/05/24,2021/05/23,Total U.S.,Kiwi,7637103.394,6905447.01,-0.0958,2.359,2.5303,0.0726,6613987.184,6612633.105,-0.0002,2.7239,2.6423,-0.03,18016148.55,17472649.87,-0.0302
Produce,Last 04 Wks,5.0,2020/05/24,2021/05/23,Total U.S.,Lemons,43204834.24,39008629.8,-0.0971,1.9128,1.8841,-0.015,46113678.11,41980168.41,-0.0896,1.7922,1.7508,-0.0231,82643580.29,73497518.85,-0.1107
Produce,Last 04 Wks,5.0,2020/05/24,2021/05/23,Total U.S.,Limes,40363040.2,32678051.35,-0.1904,1.5915,2.0453,0.2851,45672890.69,38487579.29,-0.1573,1.4065,1.7366,0.2347,64238163.62,66837210.33,0.0405
Produce,Last 04 Wks,5.0,2020/05/24,2021/05/23,Total U.S.,Mangoes,31877615.17,34998600.82,0.0979,1.4173,1.3573,-0.0424,29438531.11,33622231.81,0.1421,1.5347,1.4128,-0.0794,45180299.63,47502200.91,0.0514
Produce,Last 04 Wks,5.0,2020/05/24,2021/05/23,Total U.S.,Melons,513992536.8,385970594.1,-0.2491,0.5704,0.7694,0.3488,72447110.43,70763759.18,-0.0232,4.0469,4.1966,0.037,293189816.6,296968139.7,0.0129
Produce,Last 04 Wks,5.0,2020/05/24,2021/05/23,Total U.S.,Nectarines,2976710.166,1384094.759,-0.535,2.4877,2.6938,0.0828,2266963.321,1089684.112,-0.5193,3.2666,3.4216,0.0474,7405231.148,3728423.374,-0.4965
Produce,Last 04 Wks,5.0,2020/05/24,2021/05/23,Total U.S.,Oranges,125610189.0,87375160.54,-0.3044,1.1726,1.2636,0.0776,42308746.37,32457958.93,-0.2328,3.4815,3.4017,-0.0229,147295800.3,110411205.8,-0.2504
Produce,Last 04 Wks,5.0,2020/05/24,2021/05/23,Total U.S.,Other,2037607.46,2244653.94,0.1016,3.1823,3.862,0.2136,1588154.905,2042567.208,0.2861,4.083,4.2441,0.0395,6484367.676,8668908.725,0.3369
Produce,Last 04 Wks,5.0,2020/05/24,2021/05/23,Total U.S.,Papaya,7649166.165,8198932.597,0.0719,1.3092,1.2769,-0.0247,3257349.171,3663856.029,0.1248,3.0744,2.8575,-0.0706,10014334.94,10469396.78,0.0454
Produce,Last 04 Wks,5.0,2020/05/24,2021/05/23,Total U.S.,Peaches,6944664.273,4328209.95,-0.3768,2.2519,2.6647,0.1833,4888702.535,3147206.405,-0.3562,3.199,3.6647,0.1456,15638726.53,11533502.83,-0.2625
Produce,Last 04 Wks,5.0,2020/05/24,2021/05/23,Total U.S.,Pears,19301878.59,22406174.57,0.1608,1.6625,1.6961,0.0202,11085746.91,12694035.16,0.1451,2.8946,2.9937,0.0342,32088549.48,38002116.3,0.1843
Produce,Last 04 Wks,5.0,2020/05/24,2021/05/23,Total U.S.,Pineapple,83222401.02,76176110.28,-0.0847,0.9063,1.0587,0.1681,27343126.89,27658764.73,0.0115,2.7585,2.9158,0.057,75426162.51,80646130.39,0.0692
Produce,Last 04 Wks,5.0,2020/05/24,2021/05/23,Total U.S.,Plums,4081927.523,1938128.599,-0.5252,2.1524,2.5527,0.186,2915214.548,1673870.795,-0.4258,3.0138,2.9557,-0.0193,8785834.011,4947411.117,-0.4369
Produce,Last 04 Wks,5.0,2020/05/24,2021/05/23,Total U.S.,Pomegranates,578859.894,708215.2783,0.2235,4.6383,5.9867,0.2907,751833.1116,1110433.839,0.477,3.5712,3.8182,0.0692,2684939.522,4239892.649,0.5791
Produce,Last 04 Wks,5.0,2020/05/24,2021/05/23,Total U.S.,Rhubarb,0.0,44915.5768,0.0,0.0,0.7279,0.0,0.0,7352.5768,0.0,0.0,4.4467,0.0,0.0,32695.0382,0.0
Produce,Last 04 Wks,5.0,2020/05/24,2021/05/23,Total U.S.,Tangelos,446114.908,973998.8289,1.1833,1.7338,1.7228,-0.0063,376842.4703,726575.5807,0.9281,2.0525,2.3095,0.1252,773482.0438,1678015.479,1.1694
Produce,Last 04 Wks,5.0,2020/05/24,2021/05/23,Total U.S.,Tangerines,93972392.38,124084910.8,0.3204,1.5885,1.4559,-0.0835,30838210.01,38334990.54,0.2431,4.8407,4.7126,-0.0265,149279311.5,180658743.2,0.2102
Produce,Last 04 Wks,5.0,2020/05/24,2021/05/23,Total U.S.,Variety,12248750.73,19379348.34,0.5821,4.1698,4.3342,0.0394,9849061.951,15669578.28,0.591,5.1857,5.3604,0.0337,51074414.16,83994496.88,0.6446
Produce,Last 04 Wks,6.0,2020/06/21,2021/06/20,Total U.S.,Total Store with Perimeter,0.0,0.0,0.0,0.0,0.0,0.0,20105049049.0,20013696602.0,-0.0045,3.6419,3.7627,0.0332,73219621167.0,75306105165.0,0.0285
Produce,Last 04 Wks,6.0,2020/06/21,2021/06/20,Total U.S.,Produce Department,4094611065.0,4029332085.0,-0.0159,1.5032,1.5848,0.0543,2706086385.0,2653286520.0,-0.0195,2.2745,2.4067,0.0581,6154872703.0,6385603227.0,0.0375
Produce,Last 04 Wks,6.0,2020/06/21,2021/06/20,Total U.S.,Vegetable Aisle,1660759150.0,1578280503.0,-0.0497,1.7898,1.8295,0.0222,1457750276.0,1405653786.0,-0.0357,2.039,2.0541,0.0074,2972378037.0,2887388649.0,-0.0286
Produce,Last 04 Wks,6.0,2020/06/21,2021/06/20,Total U.S.,Fruit Aisle,2402629445.0,2423153779.0,0.0085,1.2891,1.4048,0.0897,1196218360.0,1197510532.0,0.0011,2.5893,2.8425,0.0978,3097316378.0,3403949350.0,0.099
Produce,Last 04 Wks,6.0,2020/06/21,2021/06/20,Total U.S.,Blackberries,10289252.59,8933333.801,-0.1318,6.1327,7.2834,0.1876,22799207.83,19161140.19,-0.1596,2.7677,3.3957,0.2269,63100785.4,65064852.09,0.0311
Produce,Last 04 Wks,6.0,2020/06/21,2021/06/20,Total U.S.,Blueberries,45824250.74,48467650.13,0.0577,4.1523,4.4353,0.0681,55778672.78,58551008.06,0.0497,3.4113,3.6715,0.0763,190278278.1,214967322.6,0.1298
Produce,Last 04 Wks,6.0,2020/06/21,2021/06/20,Total U.S.,Raspberries,13435586.43,13138724.62,-0.0221,6.7528,7.8863,0.1679,30463436.52,29416619.8,-0.0344,2.9782,3.5224,0.1827,90727703.62,103616054.7,0.1421
Produce,Last 04 Wks,6.0,2020/06/21,2021/06/20,Total U.S.,Strawberries,152370835.1,142229617.0,-0.0666,2.0807,2.5616,0.2311,123458025.4,117802118.7,-0.0458,2.568,3.0927,0.2043,317039042.2,364330192.0,0.1492
Produce,Last 04 Wks,6.0,2020/06/21,2021/06/20,Total U.S.,Apples,169983685.9,164631800.3,-0.0315,1.6412,1.8149,0.1058,78850076.36,78379776.74,-0.006,3.5381,3.8121,0.0774,278982006.3,298794064.4,0.071
Produce,Last 04 Wks,6.0,2020/06/21,2021/06/20,Total U.S.,Apricots,3127540.25,3168609.051,0.0131,3.0285,3.2656,0.0783,3069393.726,3199116.858,0.0423,3.0859,3.2345,0.0482,9471747.588,10347400.46,0.0924
Produce,Last 04 Wks,6.0,2020/06/21,2021/06/20,Total U.S.,Avocados,99678885.01,89099129.85,-0.1061,2.408,2.4557,0.0198,126448063.7,108777190.5,-0.1397,1.8982,2.0114,0.0596,240026676.1,218799575.3,-0.0884
Produce,Last 04 Wks,6.0,2020/06/21,2021/06/20,Total U.S.,Bananas,487154273.5,490852354.0,0.0076,0.5353,0.546,0.0199,245866231.1,252680268.7,0.0277,1.0606,1.0606,0.0,260774347.1,267995707.3,0.0277
Produce,Last 04 Wks,6.0,2020/06/21,2021/06/20,Total U.S.,Cherries,72536611.13,84528102.0,0.1653,3.4858,3.6471,0.0463,54290423.39,63549486.99,0.1705,4.6573,4.8511,0.0416,252845453.7,308283721.3,0.2193
Produce,Last 04 Wks,6.0,2020/06/21,2021/06/20,Total U.S.,Coconuts,805363.6224,842815.8849,0.0465,1.9585,2.1333,0.0893,654876.9165,691334.8365,0.0557,2.4086,2.6008,0.0798,1577324.024,1798000.503,0.1399
Produce,Last 04 Wks,6.0,2020/06/21,2021/06/20,Total U.S.,Dates,4856.1868,3667.8243,-0.2447,7.6676,7.6781,0.0014,7646.2348,5892.5308,-0.2294,4.8697,4.7792,-0.0186,37235.1652,28161.8533,-0.2437
Produce,Last 04 Wks,6.0,2020/06/21,2021/06/20,Total U.S.,Grapefruit,12113694.02,9897478.138,-0.183,1.2584,1.4569,0.1577,5897779.82,4862814.627,-0.1755,2.5847,2.9653,0.1472,15244273.44,14419750.37,-0.0541
Produce,Last 04 Wks,6.0,2020/06/21,2021/06/20,Total U.S.,Grapes,143375631.1,130766078.4,-0.0879,1.841,2.1184,0.1507,74736576.48,69940758.24,-0.0642,3.5318,3.9607,0.1214,263955918.5,277016624.9,0.0495
Produce,Last 04 Wks,6.0,2020/06/21,2021/06/20,Total U.S.,Kiwi,7014991.501,7638901.465,0.0889,2.5152,2.7561,0.0958,6431019.318,6759337.102,0.0511,2.7436,3.1147,0.1353,17643926.54,21053393.72,0.1932
Produce,Last 04 Wks,6.0,2020/06/21,2021/06/20,Total U.S.,Lemons,40776667.85,39883713.82,-0.0219,1.9034,1.921,0.0092,42940656.41,42991467.88,0.0012,1.8075,1.7821,-0.014,77614346.55,76616233.69,-0.0129
Produce,Last 04 Wks,6.0,2020/06/21,2021/06/20,Total U.S.,Limes,38282185.13,34587355.69,-0.0965,1.5309,2.003,0.3083,43199233.34,41171131.56,-0.0469,1.3567,1.6827,0.2403,58608016.26,69277165.54,0.182
Produce,Last 04 Wks,6.0,2020/06/21,2021/06/20,Total U.S.,Mangoes,33519179.56,31477311.78,-0.0609,1.3622,1.3965,0.0252,29992224.19,28897304.04,-0.0365,1.5224,1.5212,-0.0008,45660776.13,43959291.58,-0.0373
Produce,Last 04 Wks,6.0,2020/06/21,2021/06/20,Total U.S.,Melons,721590984.0,770698831.2,0.0681,0.5131,0.5728,0.1163,94660560.58,107912739.3,0.14,3.9111,4.0906,0.0459,370225761.9,441423664.5,0.1923
Produce,Last 04 Wks,6.0,2020/06/21,2021/06/20,Total U.S.,Nectarines,20939089.26,19741153.47,-0.0572,2.0352,2.2272,0.0943,14815251.58,14130564.05,-0.0462,2.8765,3.1115,0.0817,42615774.36,43966766.65,0.0317
Produce,Last 04 Wks,6.0,2020/06/21,2021/06/20,Total U.S.,Oranges,96493597.83,65962260.31,-0.3164,1.2191,1.34,0.0992,32679083.47,25442949.1,-0.2214,3.5998,3.4741,-0.0349,117637400.1,88390652.8,-0.2486
Produce,Last 04 Wks,6.0,2020/06/21,2021/06/20,Total U.S.,Other,2304741.403,2399173.068,0.041,3.2238,3.4232,0.0619,1864814.77,2355126.501,0.2629,3.9843,3.4873,-0.1248,7430049.02,8212966.454,0.1054
Produce,Last 04 Wks,6.0,2020/06/21,2021/06/20,Total U.S.,Papaya,7267280.687,7426189.459,0.0219,1.3079,1.2722,-0.0273,3090686.558,3381306.733,0.094,3.0752,2.794,-0.0914,9504581.912,9447492.101,-0.006
Produce,Last 04 Wks,6.0,2020/06/21,2021/06/20,Total U.S.,Peaches,42083920.67,40817290.63,-0.0301,1.7381,1.9238,0.1069,27301951.41,27221289.8,-0.003,2.6791,2.8847,0.0767,73144207.08,78525253.82,0.0736
Produce,Last 04 Wks,6.0,2020/06/21,2021/06/20,Total U.S.,Pears,15904010.18,17685402.65,0.112,1.6832,1.7203,0.022,9139169.147,9969270.391,0.0908,2.9292,3.0517,0.0418,26770066.79,30423613.82,0.1365
Produce,Last 04 Wks,6.0,2020/06/21,2021/06/20,Total U.S.,Pineapple,82583550.58,77675156.59,-0.0594,0.9739,1.089,0.1182,28168932.93,28434521.04,0.0094,2.8553,2.9749,0.0419,80431193.42,84590036.94,0.0517
Produce,Last 04 Wks,6.0,2020/06/21,2021/06/20,Total U.S.,Plums,6207624.395,4695693.735,-0.2436,2.2511,2.437,0.0826,5227022.849,3913933.853,-0.2512,2.6734,2.9237,0.0936,13974157.34,11443237.85,-0.1811
Produce,Last 04 Wks,6.0,2020/06/21,2021/06/20,Total U.S.,Pomegranates,504813.6159,687436.0314,0.3618,4.5645,5.0925,0.1157,655871.5858,978057.4473,0.4912,3.5132,3.5793,0.0188,2304236.453,3500802.217,0.5193
Produce,Last 04 Wks,6.0,2020/06/21,2021/06/20,Total U.S.,Rhubarb,26640.0,243750.5365,8.1498,0.1754,0.2962,0.6885,1332.0,19303.5365,13.4921,3.5086,3.7404,0.066,4673.52,72202.537,14.4493
Produce,Last 04 Wks,6.0,2020/06/21,2021/06/20,Total U.S.,Tangelos,34339.9095,115303.2036,2.3577,2.5691,1.6222,-0.3686,24144.3509,73669.4233,2.0512,3.6539,2.539,-0.3051,88222.0707,187048.0264,1.1202
Produce,Last 04 Wks,6.0,2020/06/21,2021/06/20,Total U.S.,Tangerines,59219156.58,92096365.79,0.5552,1.6373,1.5564,-0.0494,19670216.78,28022914.17,0.4246,4.9292,5.1151,0.0377,96957659.99,143339715.7,0.4784
Produce,Last 04 Wks,6.0,2020/06/21,2021/06/20,Total U.S.,Variety,15374554.76,20099451.81,0.3073,4.061,4.3568,0.0728,12231042.16,15906470.69,0.3005,5.1047,5.5052,0.0785,62435906.83,87569081.83,0.4025
Produce,Last 04 Wks,7.0,2020/07/19,2021/07/18,Total U.S.,Total Store with Perimeter,0.0,0.0,0.0,0.0,0.0,0.0,20395760014.0,19909735026.0,-0.0238,3.6263,3.7588,0.0365,73962042556.0,74836311797.0,0.0118
Produce,Last 04 Wks,7.0,2020/07/19,2021/07/18,Total U.S.,Produce Department,4186697437.0,4068324547.0,-0.0283,1.4888,1.5442,0.0372,2723209429.0,2655212785.0,-0.025,2.2889,2.3661,0.0337,6233195484.0,6282471705.0,0.0079
Produce,Last 04 Wks,7.0,2020/07/19,2021/07/18,Total U.S.,Vegetable Aisle,1640924320.0,1560178698.0,-0.0492,1.7976,1.8161,0.0103,1448126969.0,1386235777.0,-0.0427,2.0369,2.044,0.0035,2949663000.0,2833443656.0,-0.0394
Produce,Last 04 Wks,7.0,2020/07/19,2021/07/18,Total U.S.,Fruit Aisle,2512678213.0,2478821150.0,-0.0135,1.2712,1.3534,0.0647,1221589451.0,1218309034.0,-0.0027,2.6147,2.7537,0.0531,3194147018.0,3354861826.0,0.0503
Produce,Last 04 Wks,7.0,2020/07/19,2021/07/18,Total U.S.,Blackberries,7608624.246,8638816.291,0.1354,6.9912,6.8158,-0.0251,16673522.55,18538174.71,0.1118,3.1903,3.1762,-0.0044,53193657.7,58880402.48,0.1069
Produce,Last 04 Wks,7.0,2020/07/19,2021/07/18,Total U.S.,Blueberries,51515101.27,53274450.12,0.0342,3.6877,3.8532,0.0449,59939526.96,60841321.03,0.015,3.1694,3.374,0.0645,189974759.0,205276282.6,0.0805
Produce,Last 04 Wks,7.0,2020/07/19,2021/07/18,Total U.S.,Raspberries,12056378.55,11957868.82,-0.0082,6.9413,7.9767,0.1492,27425991.45,26917760.5,-0.0185,3.0514,3.5435,0.1613,83686460.4,95383887.73,0.1398
Produce,Last 04 Wks,7.0,2020/07/19,2021/07/18,Total U.S.,Strawberries,125297637.9,124134689.9,-0.0093,2.2283,2.5339,0.1371,103145614.2,102005591.9,-0.0111,2.7069,3.0836,0.1392,279203479.1,314542824.2,0.1266
Produce,Last 04 Wks,7.0,2020/07/19,2021/07/18,Total U.S.,Apples,156195332.0,151922911.9,-0.0274,1.6662,1.8384,0.1033,73588577.71,72736056.03,-0.0116,3.5366,3.8397,0.0857,260255785.1,279288200.0,0.0731
Produce,Last 04 Wks,7.0,2020/07/19,2021/07/18,Total U.S.,Apricots,2011969.312,2660622.333,0.3224,3.068,3.2557,0.0612,2099399.569,2772644.915,0.3207,2.9402,3.1242,0.0626,6172719.513,8662252.186,0.4033
Produce,Last 04 Wks,7.0,2020/07/19,2021/07/18,Total U.S.,Avocados,96262972.39,89528668.18,-0.07,2.3364,2.3349,-0.0007,122129465.3,109965857.8,-0.0996,1.8416,1.9009,0.0322,224912953.5,209036618.3,-0.0706
Produce,Last 04 Wks,7.0,2020/07/19,2021/07/18,Total U.S.,Bananas,472552275.1,474114594.2,0.0033,0.5361,0.548,0.0223,239993642.8,245623095.7,0.0235,1.0555,1.0578,0.0022,253318687.8,259820625.7,0.0257
Produce,Last 04 Wks,7.0,2020/07/19,2021/07/18,Total U.S.,Cherries,118780828.7,116873393.8,-0.0161,3.0182,2.9689,-0.0164,86922601.41,86247624.88,-0.0078,4.1245,4.0231,-0.0246,358509485.0,346980990.9,-0.0322
Produce,Last 04 Wks,7.0,2020/07/19,2021/07/18,Total U.S.,Coconuts,743060.7305,807385.2451,0.0866,2.0698,2.1663,0.0467,615831.0311,663420.7895,0.0773,2.4974,2.6364,0.0557,1537952.552,1749053.13,0.1373
Produce,Last 04 Wks,7.0,2020/07/19,2021/07/18,Total U.S.,Dates,4423.7365,3310.9742,-0.2515,7.7991,7.7664,-0.0042,6994.7613,5172.7111,-0.2605,4.9325,4.9711,0.0078,34501.3845,25714.3124,-0.2547
Produce,Last 04 Wks,7.0,2020/07/19,2021/07/18,Total U.S.,Grapefruit,11269824.77,9909595.371,-0.1207,1.2912,1.47,0.1385,5570800.918,4921483.361,-0.1166,2.612,2.9598,0.1331,14551107.96,14566610.43,0.0011
Produce,Last 04 Wks,7.0,2020/07/19,2021/07/18,Total U.S.,Grapes,136574811.8,127306484.1,-0.0679,1.8958,2.1042,0.1099,71920329.99,69310369.51,-0.0363,3.6,3.8649,0.0736,258916478.9,267880459.5,0.0346
Produce,Last 04 Wks,7.0,2020/07/19,2021/07/18,Total U.S.,Kiwi,6758010.408,7167446.826,0.0606,2.5113,2.8139,0.1205,6249392.496,6379581.242,0.0208,2.7157,3.1614,0.1641,16971213.31,20168525.74,0.1884
Produce,Last 04 Wks,7.0,2020/07/19,2021/07/18,Total U.S.,Lemons,40394778.65,38299614.18,-0.0519,1.9648,1.9286,-0.0184,42117175.28,41037869.47,-0.0256,1.8844,1.7999,-0.0448,79367001.03,73865791.62,-0.0693
Produce,Last 04 Wks,7.0,2020/07/19,2021/07/18,Total U.S.,Limes,40484475.79,35416794.22,-0.1252,1.507,1.8258,0.2116,46208967.06,41777022.0,-0.0959,1.3203,1.5479,0.1724,61009332.27,64665664.02,0.0599
Produce,Last 04 Wks,7.0,2020/07/19,2021/07/18,Total U.S.,Mangoes,35757075.38,34297646.17,-0.0408,1.2887,1.2732,-0.012,31719377.11,31692660.79,-0.0008,1.4528,1.3779,-0.0515,46080459.33,43669161.35,-0.0523
Produce,Last 04 Wks,7.0,2020/07/19,2021/07/18,Total U.S.,Melons,845046946.5,830153617.3,-0.0176,0.5153,0.5572,0.0812,110121130.1,114723711.8,0.0418,3.9547,4.032,0.0196,435492713.4,462568557.8,0.0622
Produce,Last 04 Wks,7.0,2020/07/19,2021/07/18,Total U.S.,Nectarines,30355124.45,32517597.96,0.0712,1.7869,1.9028,0.0649,20979941.57,22688861.58,0.0815,2.5854,2.7271,0.0548,54240640.47,61875319.89,0.1408
Produce,Last 04 Wks,7.0,2020/07/19,2021/07/18,Total U.S.,Oranges,71682855.44,53682441.48,-0.2511,1.3024,1.3347,0.0248,26341067.06,20605230.97,-0.2178,3.5443,3.4774,-0.0189,93359955.19,71651754.8,-0.2325
Produce,Last 04 Wks,7.0,2020/07/19,2021/07/18,Total U.S.,Other,2652775.93,2889503.772,0.0892,3.5781,4.0148,0.122,2545104.201,2904730.646,0.1413,3.7295,3.9937,0.0708,9492007.509,11600644.87,0.2221
Produce,Last 04 Wks,7.0,2020/07/19,2021/07/18,Total U.S.,Papaya,7565346.696,7325767.47,-0.0317,1.2479,1.1887,-0.0474,3244964.135,3256940.915,0.0037,2.9094,2.6738,-0.081,9440994.219,8708449.362,-0.0776
Produce,Last 04 Wks,7.0,2020/07/19,2021/07/18,Total U.S.,Peaches,63069325.16,64170693.99,0.0175,1.65,1.7046,0.0331,40237410.46,41390712.2,0.0287,2.5862,2.6427,0.0218,104062526.7,109382221.3,0.0511
Produce,Last 04 Wks,7.0,2020/07/19,2021/07/18,Total U.S.,Pears,13307420.88,14103928.39,0.0599,1.6765,1.7604,0.05,7577974.569,8090401.893,0.0676,2.9441,3.0689,0.0424,22309962.24,24828549.81,0.1129
Produce,Last 04 Wks,7.0,2020/07/19,2021/07/18,Total U.S.,Pineapple,75760514.05,71407994.65,-0.0575,1.0532,1.1351,0.0778,27008773.06,26840348.47,-0.0062,2.9543,3.02,0.0223,79790751.56,81058195.31,0.0159
Produce,Last 04 Wks,7.0,2020/07/19,2021/07/18,Total U.S.,Plums,19096612.23,17902879.3,-0.0625,1.9374,2.1582,0.114,14758350.22,13590000.33,-0.0792,2.5069,2.8431,0.1341,36998380.76,38638355.67,0.0443
Produce,Last 04 Wks,7.0,2020/07/19,2021/07/18,Total U.S.,Pomegranates,361934.4151,556009.8229,0.5362,4.9784,5.1699,0.0385,503024.0068,788029.8058,0.5666,3.5821,3.6477,0.0183,1801864.617,2874511.58,0.5953
Produce,Last 04 Wks,7.0,2020/07/19,2021/07/18,Total U.S.,Rhubarb,121720.1291,117468.372,-0.0349,0.2683,0.2879,0.0732,8138.1291,9054.372,0.1126,4.0129,3.7356,-0.0691,32657.7542,33823.6022,0.0357
Produce,Last 04 Wks,7.0,2020/07/19,2021/07/18,Total U.S.,Tangelos,52421.3,35794.5414,-0.3172,2.4623,2.3532,-0.0443,57800.686,32406.9024,-0.4393,2.2332,2.5992,0.1639,129079.454,84233.1285,-0.3474
Produce,Last 04 Wks,7.0,2020/07/19,2021/07/18,Total U.S.,Tangerines,51041102.07,75446316.21,0.4781,1.5955,1.5409,-0.0342,17042198.53,23729921.79,0.3924,4.7786,4.8991,0.0252,81437611.75,116255178.1,0.4275
Produce,Last 04 Wks,7.0,2020/07/19,2021/07/18,Total U.S.,Variety,16390240.01,19674639.16,0.2004,4.0913,4.3409,0.061,12965660.85,15502197.47,0.1956,5.1719,5.5093,0.0652,67056863.13,85406293.55,0.2736
Produce,Last 04 Wks,8.0,2020/08/16,2021/08/15,Total U.S.,Total Store with Perimeter,0.0,0.0,0.0,0.0,0.0,0.0,19916754621.0,19738778912.0,-0.0089,3.6023,3.7858,0.0509,71745694128.0,74726167586.0,0.0415
Produce,Last 04 Wks,8.0,2020/08/16,2021/08/15,Total U.S.,Produce Department,3837265525.0,3739811300.0,-0.0254,1.5353,1.599,0.0415,2563255005.0,2521256880.0,-0.0164,2.2984,2.3719,0.0319,5891505130.0,5980101651.0,0.015
Produce,Last 04 Wks,8.0,2020/08/16,2021/08/15,Total U.S.,Vegetable Aisle,1547795407.0,1478632528.0,-0.0447,1.799,1.8498,0.0283,1358169765.0,1306593921.0,-0.038,2.0501,2.0934,0.0211,2784414739.0,2735197881.0,-0.0177
Produce,Last 04 Wks,8.0,2020/08/16,2021/08/15,Total U.S.,Fruit Aisle,2257452901.0,2232614576.0,-0.011,1.3386,1.4135,0.056,1151767458.0,1163463406.0,0.0102,2.6237,2.7125,0.0339,3021848975.0,3155865120.0,0.0443
Produce,Last 04 Wks,8.0,2020/08/16,2021/08/15,Total U.S.,Blackberries,7077676.351,7298045.86,0.0311,6.8624,6.8409,-0.0031,15961780.25,15597816.63,-0.0228,3.0429,3.2008,0.0519,48569562.98,49925373.71,0.0279
Produce,Last 04 Wks,8.0,2020/08/16,2021/08/15,Total U.S.,Blueberries,54322890.95,50682860.63,-0.067,3.4573,3.8635,0.1175,61036642.93,56593966.57,-0.0728,3.077,3.46,0.1245,187812372.2,195814264.8,0.0426
Produce,Last 04 Wks,8.0,2020/08/16,2021/08/15,Total U.S.,Raspberries,7232035.437,10089774.82,0.3952,8.3278,8.3758,0.0058,16103203.62,22557808.37,0.4008,3.7401,3.7464,0.0017,60226938.59,84509637.0,0.4032
Produce,Last 04 Wks,8.0,2020/08/16,2021/08/15,Total U.S.,Strawberries,97779677.37,112299210.2,0.1485,2.8,2.6482,-0.0542,83903218.7,95015988.38,0.1324,3.2631,3.1299,-0.0408,273784718.8,297392230.7,0.0862
Produce,Last 04 Wks,8.0,2020/08/16,2021/08/15,Total U.S.,Apples,154996279.8,153342607.1,-0.0107,1.6839,1.8924,0.1238,73752854.44,73973488.19,0.003,3.5387,3.9228,0.1085,260991593.0,290180233.6,0.1118
Produce,Last 04 Wks,8.0,2020/08/16,2021/08/15,Total U.S.,Apricots,1203276.97,1675972.107,0.3928,2.8434,3.0747,0.0813,1280814.129,1655458.502,0.2925,2.6713,3.1128,0.1653,3421382.781,5153040.759,0.5061
Produce,Last 04 Wks,8.0,2020/08/16,2021/08/15,Total U.S.,Avocados,92684705.28,84000403.31,-0.0937,2.2338,2.3471,0.0508,116054498.2,103489895.0,-0.1083,1.7839,1.9051,0.0679,207035190.4,197159950.9,-0.0477
Produce,Last 04 Wks,8.0,2020/08/16,2021/08/15,Total U.S.,Bananas,461568525.2,466257742.6,0.0102,0.5286,0.5504,0.0412,234858459.9,244068850.2,0.0392,1.0388,1.0514,0.0121,243979667.1,256617861.4,0.0518
Produce,Last 04 Wks,8.0,2020/08/16,2021/08/15,Total U.S.,Cherries,76542033.32,77954246.25,0.0185,3.5024,2.9996,-0.1436,57041044.01,57640792.07,0.0105,4.6998,4.0567,-0.1368,268081966.4,233832259.0,-0.1278
Produce,Last 04 Wks,8.0,2020/08/16,2021/08/15,Total U.S.,Coconuts,859294.4614,790857.2588,-0.0796,1.9781,2.1874,0.1058,703361.2575,653047.2811,-0.0715,2.4166,2.6491,0.0962,1699751.814,1729959.594,0.0178
Produce,Last 04 Wks,8.0,2020/08/16,2021/08/15,Total U.S.,Dates,4393.2457,3499.7753,-0.2034,7.8407,8.2298,0.0496,7023.9461,5377.5452,-0.2344,4.9041,5.3561,0.0922,34445.9712,28802.5655,-0.1638
Produce,Last 04 Wks,8.0,2020/08/16,2021/08/15,Total U.S.,Grapefruit,9834438.818,10285811.68,0.0459,1.3206,1.4879,0.1267,4816890.886,5196721.706,0.0789,2.6961,2.945,0.0923,12986959.85,15304379.53,0.1784
Produce,Last 04 Wks,8.0,2020/08/16,2021/08/15,Total U.S.,Grapes,147128303.1,146860691.2,-0.0018,1.8169,1.9588,0.0781,79120042.07,79590358.82,0.0059,3.3787,3.6144,0.0698,267319557.2,287670781.7,0.0761
Produce,Last 04 Wks,8.0,2020/08/16,2021/08/15,Total U.S.,Kiwi,6620716.211,7104366.338,0.0731,2.5535,2.8646,0.1218,6192487.777,6669839.427,0.0771,2.7301,3.0512,0.1176,16905925.41,20350994.61,0.2038
Produce,Last 04 Wks,8.0,2020/08/16,2021/08/15,Total U.S.,Lemons,37820645.05,35805854.67,-0.0533,1.9605,1.9627,0.0011,39520778.93,39282351.33,-0.006,1.8762,1.789,-0.0465,74148948.76,70277400.7,-0.0522
Produce,Last 04 Wks,8.0,2020/08/16,2021/08/15,Total U.S.,Limes,35609408.27,32797751.91,-0.079,1.5816,1.7307,0.0943,40146372.87,38384331.69,-0.0439,1.4028,1.4788,0.0542,56318282.14,56764498.41,0.0079
Produce,Last 04 Wks,8.0,2020/08/16,2021/08/15,Total U.S.,Mangoes,36433250.46,32412562.19,-0.1104,1.2918,1.3029,0.0086,31422551.1,28814773.99,-0.083,1.4978,1.4656,-0.0215,47065056.44,42230886.04,-0.1027
Produce,Last 04 Wks,8.0,2020/08/16,2021/08/15,Total U.S.,Melons,666442426.4,634518637.2,-0.0479,0.5879,0.6415,0.091,97775746.1,98760626.72,0.0101,4.0074,4.1212,0.0284,391825538.0,407016011.5,0.0388
Produce,Last 04 Wks,8.0,2020/08/16,2021/08/15,Total U.S.,Nectarines,38079389.04,37266166.38,-0.0214,1.7151,1.8624,0.0859,25946791.94,25734714.05,-0.0082,2.517,2.6969,0.0715,65309238.18,69404776.16,0.0627
Produce,Last 04 Wks,8.0,2020/08/16,2021/08/15,Total U.S.,Oranges,57208261.14,48898135.76,-0.1453,1.4031,1.432,0.0206,23579074.26,20717703.3,-0.1214,3.4043,3.3797,-0.0072,80269307.63,70019774.66,-0.1277
Produce,Last 04 Wks,8.0,2020/08/16,2021/08/15,Total U.S.,Other,3037617.407,3109869.651,0.0238,3.5266,3.856,0.0934,3544425.708,3352990.747,-0.054,3.0224,3.5764,0.1833,10712591.16,11991590.16,0.1194
Produce,Last 04 Wks,8.0,2020/08/16,2021/08/15,Total U.S.,Papaya,7310162.3,6780983.28,-0.0724,1.2562,1.2648,0.0069,3126916.585,3101111.495,-0.0083,2.9367,2.7657,-0.0582,9182855.481,8576789.744,-0.066
Produce,Last 04 Wks,8.0,2020/08/16,2021/08/15,Total U.S.,Peaches,78048350.33,74218729.99,-0.0491,1.6188,1.7322,0.07,49231700.17,47551396.4,-0.0341,2.5664,2.7036,0.0535,126347879.2,128560397.6,0.0175
Produce,Last 04 Wks,8.0,2020/08/16,2021/08/15,Total U.S.,Pears,12525620.96,13981474.06,0.1162,1.6372,1.7182,0.0495,7188541.278,8023516.09,0.1162,2.8527,2.994,0.0495,20506835.24,24022552.65,0.1714
Produce,Last 04 Wks,8.0,2020/08/16,2021/08/15,Total U.S.,Pineapple,62286546.98,64951546.03,0.0428,1.1427,1.1855,0.0375,23083172.42,24998667.79,0.083,3.0833,3.0803,-0.001,71173420.06,77002530.48,0.0819
Produce,Last 04 Wks,8.0,2020/08/16,2021/08/15,Total U.S.,Plums,30271869.8,27879785.83,-0.079,1.7181,1.8335,0.0672,22208091.26,20163735.09,-0.0921,2.342,2.5352,0.0825,52010271.9,51118499.46,-0.0171
Produce,Last 04 Wks,8.0,2020/08/16,2021/08/15,Total U.S.,Pomegranates,298878.1295,268706.2244,-0.101,5.2273,6.8849,0.3171,429944.6672,472778.0762,0.0996,3.6338,3.9131,0.0769,1562327.014,1850011.494,0.1841
Produce,Last 04 Wks,8.0,2020/08/16,2021/08/15,Total U.S.,Rhubarb,120290.8881,218300.0,0.8148,0.3499,0.1593,-0.5446,9938.8881,10915.0,0.0982,4.2344,3.1863,-0.2475,42085.2215,34778.96,-0.1736
Produce,Last 04 Wks,8.0,2020/08/16,2021/08/15,Total U.S.,Tangelos,719524.31,774634.4497,0.0766,1.6715,1.492,-0.1074,580206.3848,491141.0298,-0.1535,2.0728,2.3532,0.1353,1202663.452,1155752.85,-0.039
Produce,Last 04 Wks,8.0,2020/08/16,2021/08/15,Total U.S.,Tangerines,56452596.3,68318944.12,0.2102,1.5505,1.498,-0.0339,19006542.0,22766402.8,0.1978,4.6052,4.4952,-0.0239,87528943.72,102339966.5,0.1692
Produce,Last 04 Wks,8.0,2020/08/16,2021/08/15,Total U.S.,Variety,15095994.62,19314999.46,0.2795,4.1808,4.2964,0.0277,12258113.99,15506665.44,0.265,5.1487,5.3516,0.0394,63113422.4,82985166.29,0.3149
Produce,Last 04 Wks,9.0,2020/09/13,2021/09/12,Total U.S.,Total Store with Perimeter,0.0,0.0,0.0,0.0,0.0,0.0,19870120417.0,19864810338.0,-0.0003,3.5705,3.807,0.0662,70946374836.0,75625890705.0,0.066
Produce,Last 04 Wks,9.0,2020/09/13,2021/09/12,Total U.S.,Produce Department,3679041658.0,3629559577.0,-0.0134,1.5203,1.6138,0.0615,2489969905.0,2477614076.0,-0.005,2.2463,2.3641,0.0525,5593208868.0,5857389323.0,0.0472
Produce,Last 04 Wks,9.0,2020/09/13,2021/09/12,Total U.S.,Vegetable Aisle,1564173999.0,1509969839.0,-0.0347,1.7576,1.8254,0.0386,1349009868.0,1310334066.0,-0.0287,2.038,2.1035,0.0322,2749227780.0,2756294778.0,0.0026
Produce,Last 04 Wks,9.0,2020/09/13,2021/09/12,Total U.S.,Fruit Aisle,2083212564.0,2090193543.0,0.0034,1.3242,1.4399,0.0874,1087376245.0,1114284051.0,0.0247,2.5369,2.7011,0.0647,2758535133.0,3009745416.0,0.0911
Produce,Last 04 Wks,9.0,2020/09/13,2021/09/12,Total U.S.,Blackberries,6987378.612,10023699.04,0.4345,7.03,6.0644,-0.1374,15503184.72,21872888.52,0.4109,3.1685,2.7792,-0.1229,49121410.27,60788087.96,0.2375
Produce,Last 04 Wks,9.0,2020/09/13,2021/09/12,Total U.S.,Blueberries,43366015.58,40447361.12,-0.0673,4.0131,4.5033,0.1222,52609419.67,49620706.55,-0.0568,3.308,3.6708,0.1097,174031066.1,182147707.3,0.0466
Produce,Last 04 Wks,9.0,2020/09/13,2021/09/12,Total U.S.,Raspberries,10193549.47,10509976.25,0.031,7.524,8.2489,0.0963,23437552.15,23733183.16,0.0126,3.2724,3.6529,0.1163,76696744.45,86696094.81,0.1304
Produce,Last 04 Wks,9.0,2020/09/13,2021/09/12,Total U.S.,Strawberries,89845384.98,95094589.87,0.0584,2.8306,2.965,0.0475,77321834.6,81191661.82,0.05,3.289,3.4728,0.0559,254314694.2,281959030.6,0.1087
Produce,Last 04 Wks,9.0,2020/09/13,2021/09/12,Total U.S.,Apples,171877594.2,169171213.6,-0.0157,1.6369,1.8482,0.1291,81934962.49,81294086.79,-0.0078,3.4338,3.846,0.12,281345660.0,312654582.6,0.1113
Produce,Last 04 Wks,9.0,2020/09/13,2021/09/12,Total U.S.,Apricots,509101.8581,654167.0573,0.2849,2.3523,2.521,0.0717,471046.7751,636608.1698,0.3515,2.5423,2.5905,0.019,1197562.442,1649154.448,0.3771
Produce,Last 04 Wks,9.0,2020/09/13,2021/09/12,Total U.S.,Avocados,91093878.72,81523020.59,-0.1051,2.1526,2.4048,0.1171,115340930.4,98701522.5,-0.1443,1.7001,1.9862,0.1683,196090368.4,196045810.3,-0.0002
Produce,Last 04 Wks,9.0,2020/09/13,2021/09/12,Total U.S.,Bananas,461716274.4,463041781.6,0.0029,0.5264,0.5539,0.0522,235665625.7,244293502.8,0.0366,1.0313,1.0499,0.018,243049042.7,256472881.5,0.0552
Produce,Last 04 Wks,9.0,2020/09/13,2021/09/12,Total U.S.,Cherries,15452875.43,28216836.3,0.826,4.4331,3.5326,-0.2031,11346870.0,19435631.01,0.7129,6.0372,5.1286,-0.1505,68503527.3,99677671.74,0.4551
Produce,Last 04 Wks,9.0,2020/09/13,2021/09/12,Total U.S.,Coconuts,781514.878,819738.3764,0.0489,2.0473,2.1773,0.0635,640800.1405,674935.6261,0.0533,2.4969,2.6445,0.0591,1600021.085,1784850.671,0.1155
Produce,Last 04 Wks,9.0,2020/09/13,2021/09/12,Total U.S.,Dates,4498.193,3311.2326,-0.2639,7.6668,8.4329,0.0999,7042.7354,4856.5145,-0.3104,4.8968,5.7496,0.1742,34486.9156,27923.2327,-0.1903
Produce,Last 04 Wks,9.0,2020/09/13,2021/09/12,Total U.S.,Grapefruit,9411936.847,9799240.039,0.0412,1.33,1.499,0.127,4561531.78,4900979.588,0.0744,2.7442,2.9971,0.0922,12517911.41,14688825.4,0.1734
Produce,Last 04 Wks,9.0,2020/09/13,2021/09/12,Total U.S.,Grapes,184419962.6,182198055.3,-0.012,1.7193,1.8657,0.0851,99586884.68,98298227.78,-0.0129,3.1839,3.4581,0.0861,317075117.3,339925264.8,0.0721
Produce,Last 04 Wks,9.0,2020/09/13,2021/09/12,Total U.S.,Kiwi,6546284.136,7451827.755,0.1383,2.5909,2.8776,0.1107,6237554.614,6817231.595,0.0929,2.7191,3.1455,0.1568,16960449.32,21443596.75,0.2643
Produce,Last 04 Wks,9.0,2020/09/13,2021/09/12,Total U.S.,Lemons,35090982.14,34794633.7,-0.0084,1.961,1.9845,0.012,37202900.54,37906747.22,0.0189,1.8496,1.8215,-0.0152,68812206.47,69048347.33,0.0034
Produce,Last 04 Wks,9.0,2020/09/13,2021/09/12,Total U.S.,Limes,34302093.29,32556057.6,-0.0509,1.6756,1.7329,0.0342,39483770.18,38484382.96,-0.0253,1.4557,1.466,0.007,57476830.62,56416493.42,-0.0184
Produce,Last 04 Wks,9.0,2020/09/13,2021/09/12,Total U.S.,Mangoes,32666901.97,27070696.34,-0.1713,1.4326,1.4543,0.0152,26729883.21,23802709.1,-0.1095,1.7507,1.654,-0.0553,46797273.47,39369245.86,-0.1587
Produce,Last 04 Wks,9.0,2020/09/13,2021/09/12,Total U.S.,Melons,555825721.3,529900106.7,-0.0466,0.5998,0.671,0.1187,84183306.04,86937607.23,0.0327,3.9602,4.0898,0.0327,333385418.0,355558635.8,0.0665
Produce,Last 04 Wks,9.0,2020/09/13,2021/09/12,Total U.S.,Nectarines,32897015.33,36622346.8,0.1132,1.8251,1.8867,0.0337,22911968.14,25552080.33,0.1152,2.6204,2.704,0.0319,60039528.51,69093667.66,0.1508
Produce,Last 04 Wks,9.0,2020/09/13,2021/09/12,Total U.S.,Oranges,50104970.16,48776577.12,-0.0265,1.4141,1.46,0.0324,20791373.88,21449449.35,0.0317,3.4078,3.32,-0.0258,70853505.01,71211941.87,0.0051
Produce,Last 04 Wks,9.0,2020/09/13,2021/09/12,Total U.S.,Other,3539048.814,4103789.067,0.1596,3.3987,3.3755,-0.0068,4598698.834,5393849.832,0.1729,2.6155,2.5682,-0.0181,12028037.5,13852536.96,0.1517
Produce,Last 04 Wks,9.0,2020/09/13,2021/09/12,Total U.S.,Papaya,6640834.479,6933625.087,0.0441,1.263,1.253,-0.0079,2816077.623,3142289.866,0.1158,2.9785,2.7649,-0.0717,8387609.915,8688002.689,0.0358
Produce,Last 04 Wks,9.0,2020/09/13,2021/09/12,Total U.S.,Peaches,50499437.48,69051368.64,0.3674,1.7993,1.7448,-0.0303,32644698.23,43792575.19,0.3415,2.7834,2.7512,-0.0116,90863774.77,120481471.8,0.326
Produce,Last 04 Wks,9.0,2020/09/13,2021/09/12,Total U.S.,Pears,16984557.39,17370539.69,0.0227,1.5733,1.6659,0.0589,9945090.782,10113117.56,0.0169,2.6869,2.8614,0.0649,26721795.55,28937781.31,0.0829
Produce,Last 04 Wks,9.0,2020/09/13,2021/09/12,Total U.S.,Pineapple,56303915.45,60321597.34,0.0714,1.1563,1.231,0.0646,21253649.57,23766669.48,0.1182,3.0632,3.1243,0.0199,65104704.9,74254639.59,0.1405
Produce,Last 04 Wks,9.0,2020/09/13,2021/09/12,Total U.S.,Plums,26852963.14,28306204.71,0.0541,1.7144,1.6139,-0.0586,20280323.2,19340424.27,-0.0463,2.27,2.362,0.0405,46036166.29,45682300.91,-0.0077
Produce,Last 04 Wks,9.0,2020/09/13,2021/09/12,Total U.S.,Pomegranates,527724.8933,721625.0269,0.3674,4.1754,4.4307,0.0611,638397.1333,920916.8203,0.4425,3.4516,3.4718,0.0059,2203483.444,3197284.165,0.451
Produce,Last 04 Wks,9.0,2020/09/13,2021/09/12,Total U.S.,Rhubarb,94462.795,184800.0,0.9563,0.346,0.1629,-0.5291,7708.795,9240.0,0.1986,4.24,3.2587,-0.2315,32685.5071,30110.13,-0.0788
Produce,Last 04 Wks,9.0,2020/09/13,2021/09/12,Total U.S.,Tangelos,1732282.305,1231631.71,-0.289,1.5699,1.5678,-0.0014,1228575.883,808545.7774,-0.3419,2.2136,2.3882,0.0789,2719557.635,1930936.641,-0.29
Produce,Last 04 Wks,9.0,2020/09/13,2021/09/12,Total U.S.,Tangerines,70269574.18,72890822.72,0.0373,1.4548,1.4137,-0.0283,23771252.16,24251948.63,0.0202,4.3006,4.2491,-0.012,102230828.3,103048314.7,0.008
Produce,Last 04 Wks,9.0,2020/09/13,2021/09/12,Total U.S.,Variety,14888944.22,18030279.38,0.211,4.1382,4.3578,0.0531,12309164.09,14624461.17,0.1881,5.0054,5.3726,0.0734,61612829.21,78571629.57,0.2752
Produce,Last 04 Wks,10.0,2020/10/11,2021/10/10,Total U.S.,Total Store with Perimeter,0.0,0.0,0.0,0.0,0.0,0.0,19517863305.0,19291700654.0,-0.0116,3.5734,3.8337,0.0728,69745746876.0,73957906030.0,0.0604
Produce,Last 04 Wks,10.0,2020/10/11,2021/10/10,Total U.S.,Produce Department,3434776677.0,3405417089.0,-0.0085,1.547,1.6495,0.0662,2342182325.0,2329780964.0,-0.0053,2.2686,2.411,0.0628,5313526570.0,5617086061.0,0.0571
Produce,Last 04 Wks,10.0,2020/10/11,2021/10/10,Total U.S.,Vegetable Aisle,1730145714.0,1676042611.0,-0.0313,1.6186,1.6829,0.0397,1308029964.0,1278040266.0,-0.0229,2.1409,2.2069,0.0308,2800366638.0,2820544959.0,0.0072
Produce,Last 04 Wks,10.0,2020/10/11,2021/10/10,Total U.S.,Fruit Aisle,1674443613.0,1701278353.0,0.016,1.4521,1.5933,0.0972,982330935.7,999909724.3,0.0179,2.4753,2.7109,0.0952,2431537636.0,2710627331.0,0.1148
Produce,Last 04 Wks,10.0,2020/10/11,2021/10/10,Total U.S.,Blackberries,6793612.789,8177997.409,0.2038,6.7989,6.8042,0.0008,15402330.69,17948802.16,0.1653,2.9988,3.1002,0.0338,46188771.81,55645070.63,0.2047
Produce,Last 04 Wks,10.0,2020/10/11,2021/10/10,Total U.S.,Blueberries,29343935.68,30781371.79,0.049,5.3667,5.6855,0.0594,41257630.32,42093809.78,0.0203,3.817,4.1576,0.0892,157481253.4,175007280.2,0.1113
Produce,Last 04 Wks,10.0,2020/10/11,2021/10/10,Total U.S.,Raspberries,10586300.87,10397915.24,-0.0178,7.0897,7.9937,0.1275,24715180.54,23548469.65,-0.0472,3.0368,3.5296,0.1623,75053945.27,83117689.09,0.1074
Produce,Last 04 Wks,10.0,2020/10/11,2021/10/10,Total U.S.,Strawberries,67730882.51,85198728.85,0.2579,3.0857,3.0977,0.0039,59891517.29,74053889.74,0.2365,3.4896,3.5639,0.0213,208997361.9,263922262.1,0.2628
Produce,Last 04 Wks,10.0,2020/10/11,2021/10/10,Total U.S.,Apples,218021057.5,207865296.9,-0.0466,1.5382,1.746,0.1351,102778210.7,100320709.3,-0.0239,3.263,3.6177,0.1087,335368785.2,362933115.1,0.0822
Produce,Last 04 Wks,10.0,2020/10/11,2021/10/10,Total U.S.,Apricots,50398.6504,100635.7741,0.9968,3.7616,3.4636,-0.0792,62728.5491,114945.8281,0.8324,3.0222,3.0324,0.0034,189577.8732,348562.075,0.8386
Produce,Last 04 Wks,10.0,2020/10/11,2021/10/10,Total U.S.,Avocados,85709814.92,76798423.28,-0.104,2.1463,2.525,0.1764,107708541.1,92623324.13,-0.1401,1.708,2.0936,0.2258,183963196.3,193915850.5,0.0541
Produce,Last 04 Wks,10.0,2020/10/11,2021/10/10,Total U.S.,Bananas,458920374.1,455115418.6,-0.0083,0.5215,0.5569,0.0679,234484786.8,239764169.2,0.0225,1.0207,1.0572,0.0357,239335251.4,253472265.2,0.0591
Produce,Last 04 Wks,10.0,2020/10/11,2021/10/10,Total U.S.,Cherries,88791.5156,926985.1168,9.44,4.6145,3.1676,-0.3136,89104.1125,629521.8114,6.065,4.5983,4.6643,0.0144,409729.4745,2936295.292,6.1664
Produce,Last 04 Wks,10.0,2020/10/11,2021/10/10,Total U.S.,Coconuts,725557.2447,703465.3456,-0.0304,1.9914,2.2001,0.1048,594461.1082,577787.03,-0.028,2.4305,2.6786,0.1021,1444852.146,1547667.735,0.0712
Produce,Last 04 Wks,10.0,2020/10/11,2021/10/10,Total U.S.,Dates,5296.24,3798.9178,-0.2827,7.6893,8.2864,0.0777,8039.6712,5683.6563,-0.293,5.0654,5.5386,0.0934,40724.1614,31479.3487,-0.227
Produce,Last 04 Wks,10.0,2020/10/11,2021/10/10,Total U.S.,Grapefruit,8107815.229,8581831.112,0.0585,1.3578,1.5094,0.1116,3897861.092,4067388.028,0.0435,2.8244,3.1846,0.1275,11009190.62,12953081.2,0.1766
Produce,Last 04 Wks,10.0,2020/10/11,2021/10/10,Total U.S.,Grapes,193484792.2,195232952.3,0.009,1.7433,1.8883,0.0832,105681966.4,104172920.3,-0.0143,3.1916,3.5389,0.1088,337294888.4,368653092.0,0.093
Produce,Last 04 Wks,10.0,2020/10/11,2021/10/10,Total U.S.,Kiwi,6640768.605,7162333.35,0.0785,2.6065,2.9883,0.1465,6340456.692,6642801.022,0.0477,2.7299,3.222,0.1802,17309127.88,21403085.62,0.2365
Produce,Last 04 Wks,10.0,2020/10/11,2021/10/10,Total U.S.,Lemons,31381676.31,31879604.87,0.0159,1.9592,1.9849,0.0131,33787307.62,34552398.71,0.0226,1.8197,1.8313,0.0064,61482552.11,63277131.05,0.0292
Produce,Last 04 Wks,10.0,2020/10/11,2021/10/10,Total U.S.,Limes,30323103.32,29187452.67,-0.0375,1.5741,1.7124,0.0878,34571109.47,34556471.19,-0.0004,1.3807,1.4463,0.0476,47731155.31,49979653.9,0.0471
Produce,Last 04 Wks,10.0,2020/10/11,2021/10/10,Total U.S.,Mangoes,19772024.31,16925663.11,-0.144,1.7215,1.8442,0.0713,17709311.55,16216537.67,-0.0843,1.922,1.9248,0.0015,34037241.43,31213817.84,-0.083
Produce,Last 04 Wks,10.0,2020/10/11,2021/10/10,Total U.S.,Melons,213396205.7,230344800.1,0.0794,0.8871,0.9793,0.1039,47409855.53,52795895.84,0.1136,3.993,4.2726,0.07,189309792.6,225575248.8,0.1916
Produce,Last 04 Wks,10.0,2020/10/11,2021/10/10,Total U.S.,Nectarines,9172433.917,14534157.68,0.5845,2.0055,2.1046,0.0494,6646998.598,10322350.76,0.5529,2.7674,2.9634,0.0708,18395068.47,30589174.43,0.6629
Produce,Last 04 Wks,10.0,2020/10/11,2021/10/10,Total U.S.,Oranges,45490011.91,47905571.55,0.0531,1.4729,1.4916,0.0127,19578306.35,20805296.47,0.0627,3.4224,3.4346,0.0036,67004403.44,71457746.59,0.0665
Produce,Last 04 Wks,10.0,2020/10/11,2021/10/10,Total U.S.,Other,2892321.192,3278382.278,0.1335,3.4418,3.6808,0.0694,3697820.32,4204236.514,0.1369,2.692,2.8702,0.0662,9954646.823,12066996.26,0.2122
Produce,Last 04 Wks,10.0,2020/10/11,2021/10/10,Total U.S.,Papaya,5025403.133,5874373.769,0.1689,1.3167,1.3104,-0.0048,2109526.451,2709177.095,0.2843,3.1366,2.8414,-0.0941,6616749.395,7697744.421,0.1634
Produce,Last 04 Wks,10.0,2020/10/11,2021/10/10,Total U.S.,Peaches,34132545.63,40715585.85,0.1929,1.761,1.8226,0.035,22252607.05,25372261.34,0.1402,2.7011,2.9248,0.0828,60107137.32,74209871.7,0.2346
Produce,Last 04 Wks,10.0,2020/10/11,2021/10/10,Total U.S.,Pears,24330860.13,24234819.94,-0.0039,1.6119,1.7117,0.062,14314589.76,14166219.36,-0.0104,2.7397,2.9283,0.0688,39217809.31,41483210.74,0.0578
Produce,Last 04 Wks,10.0,2020/10/11,2021/10/10,Total U.S.,Pineapple,54360609.3,56469697.6,0.0388,1.0995,1.2222,0.1116,20294544.68,22119404.26,0.0899,2.9451,3.1203,0.0595,59769704.13,69019858.77,0.1548
Produce,Last 04 Wks,10.0,2020/10/11,2021/10/10,Total U.S.,Plums,15477866.14,15213784.51,-0.0171,1.7748,1.8413,0.0375,12055947.62,11006009.55,-0.0871,2.2786,2.5453,0.1171,27470182.59,28013761.29,0.0198
Produce,Last 04 Wks,10.0,2020/10/11,2021/10/10,Total U.S.,Pomegranates,2081212.003,2213670.567,0.0636,2.9217,3.0282,0.0364,2208703.615,2388040.488,0.0812,2.753,2.8071,0.0196,6080638.342,6703360.961,0.1024
Produce,Last 04 Wks,10.0,2020/10/11,2021/10/10,Total U.S.,Rhubarb,31970.2853,130540.0,3.0832,0.2404,0.1634,-0.3203,1912.2853,6527.0,2.4132,4.0188,3.2679,-0.1868,7685.0735,21329.53,1.7754
Produce,Last 04 Wks,10.0,2020/10/11,2021/10/10,Total U.S.,Tangelos,1001621.613,1173612.764,0.1717,1.5952,1.65,0.0344,664850.8463,776009.1909,0.1672,2.4032,2.4955,0.0384,1597797.988,1936497.761,0.212
Produce,Last 04 Wks,10.0,2020/10/11,2021/10/10,Total U.S.,Tangerines,83739362.82,75041651.97,-0.1039,1.4469,1.5112,0.0444,28633852.44,24754497.95,-0.1355,4.2314,4.581,0.0826,121162150.7,113399376.5,-0.0641
Produce,Last 04 Wks,10.0,2020/10/11,2021/10/10,Total U.S.,Variety,13647865.87,16531076.86,0.2113,4.1566,4.4113,0.0613,11412761.32,13839901.77,0.2127,4.9707,5.269,0.06,56729171.47,72922724.2,0.2855
Produce,Last 04 Wks,11.0,2020/11/08,2021/11/07,Total U.S.,Total Store with Perimeter,0.0,0.0,0.0,0.0,0.0,0.0,19813175217.0,19533160855.0,-0.0141,3.5794,3.8638,0.0795,70918344636.0,75472706649.0,0.0642
Produce,Last 04 Wks,11.0,2020/11/08,2021/11/07,Total U.S.,Produce Department,3390917229.0,3353033436.0,-0.0112,1.5409,1.6379,0.0629,2310661682.0,2274262184.0,-0.0158,2.2613,2.4148,0.0679,5225054471.0,5491873487.0,0.0511
Produce,Last 04 Wks,11.0,2020/11/08,2021/11/07,Total U.S.,Vegetable Aisle,1823735405.0,1781073332.0,-0.0234,1.5554,1.6061,0.0327,1317889863.0,1273068105.0,-0.034,2.1523,2.2471,0.044,2836551465.0,2860662583.0,0.0085
Produce,Last 04 Wks,11.0,2020/11/08,2021/11/07,Total U.S.,Fruit Aisle,1537879195.0,1544242270.0,0.0041,1.5,1.6473,0.0982,941067270.8,950285778.3,0.0098,2.4513,2.677,0.0921,2306797137.0,2543897835.0,0.1028
Produce,Last 04 Wks,11.0,2020/11/08,2021/11/07,Total U.S.,Blackberries,7719466.676,6987383.875,-0.0948,6.1736,7.1979,0.1659,17922889.78,15345421.25,-0.1438,2.659,3.2775,0.2326,47657233.78,50294142.3,0.0553
Produce,Last 04 Wks,11.0,2020/11/08,2021/11/07,Total U.S.,Blueberries,28584745.89,36424483.93,0.2743,5.6263,5.0951,-0.0944,41684631.4,48591007.05,0.1657,3.8582,3.8194,-0.0101,160825860.2,185587250.4,0.154
Produce,Last 04 Wks,11.0,2020/11/08,2021/11/07,Total U.S.,Raspberries,11369367.5,11673953.39,0.0268,6.621,7.2584,0.0963,26664424.61,27035884.08,0.0139,2.8231,3.1341,0.1102,75276199.31,84734464.5,0.1256
Produce,Last 04 Wks,11.0,2020/11/08,2021/11/07,Total U.S.,Strawberries,58150682.34,67513103.2,0.161,3.423,3.4238,0.0002,51986575.98,59218490.11,0.1391,3.8289,3.9034,0.0195,199050785.7,231152752.8,0.1613
Produce,Last 04 Wks,11.0,2020/11/08,2021/11/07,Total U.S.,Apples,229039551.8,214159591.8,-0.065,1.5116,1.7579,0.163,107185854.7,102934170.1,-0.0397,3.23,3.6575,0.1323,346208358.5,376476990.1,0.0874
Produce,Last 04 Wks,11.0,2020/11/08,2021/11/07,Total U.S.,Apricots,38373.9567,72092.4699,0.8787,4.0843,3.4991,-0.1433,49551.8338,79848.5607,0.6114,3.163,3.1592,-0.0012,156731.2712,252261.5076,0.6095
Produce,Last 04 Wks,11.0,2020/11/08,2021/11/07,Total U.S.,Avocados,84045347.34,77085507.03,-0.0828,2.0634,2.4347,0.18,106303485.3,92965078.0,-0.1255,1.6313,2.0188,0.2375,173415851.4,187682056.5,0.0823
Produce,Last 04 Wks,11.0,2020/11/08,2021/11/07,Total U.S.,Bananas,455514679.5,449671721.3,-0.0128,0.5248,0.5544,0.0565,232904253.7,236804376.5,0.0167,1.0263,1.0527,0.0257,239037770.7,249294581.7,0.0429
Produce,Last 04 Wks,11.0,2020/11/08,2021/11/07,Total U.S.,Cherries,45569.9792,42354.871,-0.0706,5.1551,5.4592,0.059,64018.1684,52420.6975,-0.1812,3.6696,4.4109,0.202,234920.0229,231221.7222,-0.0157
Produce,Last 04 Wks,11.0,2020/11/08,2021/11/07,Total U.S.,Coconuts,703759.7567,707484.5063,0.0053,2.0341,2.1996,0.0814,577585.7411,582094.8017,0.0078,2.4784,2.6735,0.0787,1431509.43,1556201.661,0.0871
Produce,Last 04 Wks,11.0,2020/11/08,2021/11/07,Total U.S.,Dates,5802.8588,4958.4386,-0.1455,8.1649,8.1744,0.0012,9346.6563,7408.7308,-0.2073,5.0692,5.4709,0.0792,47380.0407,40532.3765,-0.1445
Produce,Last 04 Wks,11.0,2020/11/08,2021/11/07,Total U.S.,Grapefruit,10793076.06,8804871.945,-0.1842,1.3271,1.5303,0.1531,4887373.055,4051470.677,-0.171,2.9307,3.3257,0.1348,14323471.56,13474070.06,-0.0593
Produce,Last 04 Wks,11.0,2020/11/08,2021/11/07,Total U.S.,Grapes,183081384.1,191077606.1,0.0437,1.7072,1.8051,0.0574,99546871.2,100322789.5,0.0078,3.1397,3.4381,0.095,312551810.3,344918799.2,0.1036
Produce,Last 04 Wks,11.0,2020/11/08,2021/11/07,Total U.S.,Kiwi,6834981.039,7212211.39,0.0552,2.4535,2.9422,0.1992,5877492.125,6400435.493,0.089,2.8532,3.3154,0.162,16769864.7,21219779.14,0.2654
Produce,Last 04 Wks,11.0,2020/11/08,2021/11/07,Total U.S.,Lemons,29968567.59,29833721.64,-0.0045,1.914,1.9826,0.0358,32104501.03,32302487.06,0.0062,1.7867,1.8311,0.0248,57361041.11,59148466.99,0.0312
Produce,Last 04 Wks,11.0,2020/11/08,2021/11/07,Total U.S.,Limes,28810306.71,26741083.82,-0.0718,1.5577,1.6829,0.0804,32685544.86,31697538.21,-0.0302,1.373,1.4197,0.034,44877507.64,45001505.15,0.0028
Produce,Last 04 Wks,11.0,2020/11/08,2021/11/07,Total U.S.,Mangoes,14313376.42,12872080.47,-0.1007,1.8587,2.0671,0.1121,13984832.86,12962858.16,-0.0731,1.9023,2.0526,0.079,26603782.97,26607672.49,0.0001
Produce,Last 04 Wks,11.0,2020/11/08,2021/11/07,Total U.S.,Melons,116003558.6,121888211.9,0.0507,1.126,1.2948,0.15,32643144.42,37033822.05,0.1345,4.0013,4.2616,0.0651,130616442.9,157824566.0,0.2083
Produce,Last 04 Wks,11.0,2020/11/08,2021/11/07,Total U.S.,Nectarines,211167.9472,2113050.542,9.0065,2.1863,2.1752,-0.0051,159911.8082,1616639.516,9.1096,2.8871,2.8431,-0.0152,461676.8045,4596283.899,8.9556
Produce,Last 04 Wks,11.0,2020/11/08,2021/11/07,Total U.S.,Oranges,46081415.78,45942062.64,-0.003,1.4335,1.5011,0.0472,19504507.05,20331498.51,0.0424,3.3868,3.392,0.0015,66057719.22,68963724.87,0.044
Produce,Last 04 Wks,11.0,2020/11/08,2021/11/07,Total U.S.,Other,3263675.411,4015946.008,0.2305,3.1367,3.4309,0.0938,3904194.506,4726251.915,0.2106,2.6221,2.9153,0.1118,10237065.88,13778496.64,0.3459
Produce,Last 04 Wks,11.0,2020/11/08,2021/11/07,Total U.S.,Papaya,5299082.334,5452586.315,0.029,1.3845,1.3277,-0.0411,2302421.183,2558123.538,0.1111,3.1864,2.8299,-0.1119,7336528.716,7239150.107,-0.0133
Produce,Last 04 Wks,11.0,2020/11/08,2021/11/07,Total U.S.,Peaches,19643784.79,18890275.29,-0.0384,1.6722,1.908,0.141,12551854.02,12051605.74,-0.0399,2.617,2.9908,0.1428,32848015.9,36043464.04,0.0973
Produce,Last 04 Wks,11.0,2020/11/08,2021/11/07,Total U.S.,Pears,28691997.15,30646075.24,0.0681,1.6084,1.6796,0.0443,16498167.31,17765410.29,0.0768,2.7971,2.8974,0.0359,46147352.69,51474244.54,0.1154
Produce,Last 04 Wks,11.0,2020/11/08,2021/11/07,Total U.S.,Pineapple,47887492.3,51291588.69,0.0711,1.297,1.297,0.0,19667710.67,22189143.14,0.1282,3.1579,2.9981,-0.0506,62109259.81,66525375.8,0.0711
Produce,Last 04 Wks,11.0,2020/11/08,2021/11/07,Total U.S.,Plums,8285859.793,9044364.462,0.0915,1.9024,1.9165,0.0074,5938020.192,6021506.534,0.0141,2.6546,2.8786,0.0844,15763349.11,17333546.49,0.0996
Produce,Last 04 Wks,11.0,2020/11/08,2021/11/07,Total U.S.,Pomegranates,8190758.044,8685670.793,0.0604,2.2285,2.4653,0.1063,8166510.538,8845460.973,0.0831,2.2351,2.4208,0.0831,18253016.87,21413180.7,0.1731
Produce,Last 04 Wks,11.0,2020/11/08,2021/11/07,Total U.S.,Rhubarb,12900.0,1300.0,-0.8992,0.1863,0.1628,-0.1263,645.0,65.0,-0.8992,3.7262,3.2555,-0.1263,2403.4,211.61,-0.912
Produce,Last 04 Wks,11.0,2020/11/08,2021/11/07,Total U.S.,Tangelos,84324.4038,278324.9989,2.3006,1.8653,1.928,0.0336,54727.5355,180747.445,2.3027,2.8741,2.9688,0.0329,157293.1257,536604.2241,2.4115
Produce,Last 04 Wks,11.0,2020/11/08,2021/11/07,Total U.S.,Tangerines,88033974.22,84859926.34,-0.0361,1.482,1.5404,0.0394,29752456.7,27094272.83,-0.0893,4.3851,4.8245,0.1002,130467872.5,130715068.4,0.0019
Produce,Last 04 Wks,11.0,2020/11/08,2021/11/07,Total U.S.,Variety,13283632.02,15723924.15,0.1837,4.0953,4.4038,0.0753,11027424.73,13269337.42,0.2033,4.9332,5.2184,0.0578,54400701.67,69244600.74,0.2729
Produce,Last 04 Wks,12.0,2020/12/06,2021/12/05,Total U.S.,Total Store with Perimeter,0.0,0.0,0.0,0.0,0.0,0.0,20741155886.0,20137380655.0,-0.0291,3.5793,3.8593,0.0782,74238112977.0,77715994313.0,0.0468
Produce,Last 04 Wks,12.0,2020/12/06,2021/12/05,Total U.S.,Produce Department,3335742052.0,3242258951.0,-0.028,1.5696,1.712,0.0907,2364898452.0,2325257220.0,-0.0168,2.214,2.3872,0.0782,5235777636.0,5550797161.0,0.0602
Produce,Last 04 Wks,12.0,2020/12/06,2021/12/05,Total U.S.,Vegetable Aisle,1784672885.0,1708946412.0,-0.0424,1.5985,1.7003,0.0637,1375187045.0,1327161416.0,-0.0349,2.0745,2.1894,0.0554,2852793054.0,2905730131.0,0.0186
Produce,Last 04 Wks,12.0,2020/12/06,2021/12/05,Total U.S.,Fruit Aisle,1521875606.0,1505095647.0,-0.011,1.4968,1.6813,0.1233,927428972.7,935682727.9,0.0089,2.4562,2.7045,0.1011,2277958236.0,2530529436.0,0.1109
Produce,Last 04 Wks,12.0,2020/12/06,2021/12/05,Total U.S.,Blackberries,7638554.671,7873176.398,0.0307,6.0724,6.7436,0.1105,17514519.28,17289109.43,-0.0129,2.6483,3.0709,0.1596,46384337.59,53093610.99,0.1446
Produce,Last 04 Wks,12.0,2020/12/06,2021/12/05,Total U.S.,Blueberries,32372105.47,39052669.32,0.2064,5.0845,4.5682,-0.1015,44616506.21,50368275.3,0.1289,3.6891,3.5419,-0.0399,164596038.5,178399268.3,0.0839
Produce,Last 04 Wks,12.0,2020/12/06,2021/12/05,Total U.S.,Raspberries,13126810.03,12416308.76,-0.0541,6.0718,7.1773,0.1821,30754647.0,28556266.48,-0.0715,2.5916,3.1207,0.2042,79704020.84,89115958.22,0.1181
Produce,Last 04 Wks,12.0,2020/12/06,2021/12/05,Total U.S.,Strawberries,48632786.07,54611596.47,0.1229,3.9399,4.2818,0.0868,43939607.57,48956903.34,0.1142,4.3607,4.7763,0.0953,191608038.3,233833586.0,0.2204
Produce,Last 04 Wks,12.0,2020/12/06,2021/12/05,Total U.S.,Apples,222649817.8,215014308.4,-0.0343,1.5925,1.7845,0.1206,104235587.9,102544403.6,-0.0162,3.4017,3.7417,0.1,354575332.2,383695391.8,0.0821
Produce,Last 04 Wks,12.0,2020/12/06,2021/12/05,Total U.S.,Apricots,20270.7408,21911.038,0.0809,4.4337,4.3556,-0.0176,25627.1552,28030.7888,0.0938,3.507,3.4047,-0.0292,89875.0164,95435.5984,0.0619
Produce,Last 04 Wks,12.0,2020/12/06,2021/12/05,Total U.S.,Avocados,77261527.93,72705526.01,-0.059,2.0417,2.4487,0.1994,94700064.94,88782237.47,-0.0625,1.6657,2.0053,0.2039,157743105.7,178037399.8,0.1287
Produce,Last 04 Wks,12.0,2020/12/06,2021/12/05,Total U.S.,Bananas,454864570.0,441272390.9,-0.0299,0.5242,0.5597,0.0677,232021472.2,232450199.9,0.0018,1.0278,1.0626,0.0339,238461433.4,246996633.0,0.0358
Produce,Last 04 Wks,12.0,2020/12/06,2021/12/05,Total U.S.,Cherries,740117.5135,649687.2348,-0.1222,6.3582,6.4775,0.0188,625740.6308,547250.7571,-0.1254,7.5203,7.69,0.0226,4705778.651,4208332.102,-0.1057
Produce,Last 04 Wks,12.0,2020/12/06,2021/12/05,Total U.S.,Coconuts,693313.5973,660961.1355,-0.0467,2.0456,2.175,0.0632,570742.7703,540265.7145,-0.0534,2.485,2.6609,0.0708,1418276.871,1437573.726,0.0136
Produce,Last 04 Wks,12.0,2020/12/06,2021/12/05,Total U.S.,Dates,6492.3263,8192.1323,0.2618,8.0994,8.0265,-0.009,10362.9269,12769.7114,0.2322,5.0743,5.1492,0.0148,52584.1299,65753.7709,0.2504
Produce,Last 04 Wks,12.0,2020/12/06,2021/12/05,Total U.S.,Grapefruit,14422829.42,9704498.091,-0.3271,1.2512,1.5253,0.219,5982845.267,4263302.3,-0.2874,3.0163,3.472,0.1511,18046312.63,14802388.62,-0.1798
Produce,Last 04 Wks,12.0,2020/12/06,2021/12/05,Total U.S.,Grapes,157002813.8,157837004.6,0.0053,1.7355,1.9554,0.1267,85580785.49,83226456.96,-0.0275,3.1838,3.7084,0.1647,272474746.2,308633807.0,0.1327
Produce,Last 04 Wks,12.0,2020/12/06,2021/12/05,Total U.S.,Kiwi,6538535.597,7475833.429,0.1433,2.4181,2.7339,0.1306,5426565.905,6044882.627,0.1139,2.9136,3.3811,0.1605,15810950.1,20438497.12,0.2927
Produce,Last 04 Wks,12.0,2020/12/06,2021/12/05,Total U.S.,Lemons,32748385.61,33264005.73,0.0157,1.9321,1.9831,0.0264,36839553.98,37533275.53,0.0188,1.7176,1.7575,0.0233,63274752.41,65966258.41,0.0425
Produce,Last 04 Wks,12.0,2020/12/06,2021/12/05,Total U.S.,Limes,27742027.36,26687091.19,-0.038,1.5308,1.6468,0.0758,31500867.94,31950170.26,0.0143,1.3481,1.3755,0.0203,42466489.25,43947668.4,0.0349
Produce,Last 04 Wks,12.0,2020/12/06,2021/12/05,Total U.S.,Mangoes,14673187.54,14526425.06,-0.01,1.7906,1.9558,0.0922,14077446.69,14769715.94,0.0492,1.8664,1.9236,0.0306,26274389.39,28410768.47,0.0813
Produce,Last 04 Wks,12.0,2020/12/06,2021/12/05,Total U.S.,Melons,82223484.46,87493219.43,0.0641,1.2599,1.4535,0.1536,26451040.0,29481683.96,0.1146,3.9165,4.3136,0.1014,103595863.6,127170751.3,0.2276
Produce,Last 04 Wks,12.0,2020/12/06,2021/12/05,Total U.S.,Nectarines,37072.267,55914.1663,0.5082,2.7669,2.2768,-0.1771,30636.2183,41364.943,0.3502,3.3482,3.0777,-0.0808,102575.2999,127307.4633,0.2411
Produce,Last 04 Wks,12.0,2020/12/06,2021/12/05,Total U.S.,Oranges,74399441.2,70575670.58,-0.0514,1.2327,1.3342,0.0823,29432461.28,30360825.94,0.0315,3.1161,3.1013,-0.0047,91713369.16,94159529.85,0.0267
Produce,Last 04 Wks,12.0,2020/12/06,2021/12/05,Total U.S.,Other,3501808.867,4447833.081,0.2702,2.9565,3.2914,0.1133,3711732.025,4751806.991,0.2802,2.7893,3.0808,0.1045,10353086.43,14639437.39,0.414
Produce,Last 04 Wks,12.0,2020/12/06,2021/12/05,Total U.S.,Papaya,4932335.384,5276661.122,0.0698,1.3969,1.34,-0.0407,2174107.991,2474656.859,0.1382,3.1691,2.8573,-0.0984,6890069.674,7070919.115,0.0262
Produce,Last 04 Wks,12.0,2020/12/06,2021/12/05,Total U.S.,Peaches,1514609.821,1379687.707,-0.0891,1.6108,2.0805,0.2916,1085844.32,1041801.403,-0.0406,2.2468,2.7552,0.2263,2439677.486,2870422.762,0.1766
Produce,Last 04 Wks,12.0,2020/12/06,2021/12/05,Total U.S.,Pears,27307303.88,28473375.11,0.0427,1.6427,1.7428,0.0609,15556491.45,16435110.65,0.0565,2.8835,3.0193,0.0471,44857815.61,49622940.76,0.1062
Produce,Last 04 Wks,12.0,2020/12/06,2021/12/05,Total U.S.,Pineapple,59665007.57,59427447.58,-0.004,0.986,1.0878,0.1032,21487045.1,22917990.91,0.0666,2.7379,2.8206,0.0302,58828796.5,64642771.03,0.0988
Produce,Last 04 Wks,12.0,2020/12/06,2021/12/05,Total U.S.,Plums,2688994.871,4325263.344,0.6085,1.9877,1.9732,-0.0073,1772868.075,2694534.969,0.5199,3.0149,3.1673,0.0506,5344932.043,8534443.375,0.5967
Produce,Last 04 Wks,12.0,2020/12/06,2021/12/05,Total U.S.,Pomegranates,15520227.88,14414343.88,-0.0713,2.2945,2.7203,0.1856,15282427.41,14368926.4,-0.0598,2.3302,2.7289,0.1711,35611396.57,39211004.54,0.1011
Produce,Last 04 Wks,12.0,2020/12/06,2021/12/05,Total U.S.,Tangelos,34705.4241,38306.9289,0.1038,2.2125,2.2419,0.0133,22346.8698,26337.0905,0.1786,3.4361,3.2608,-0.051,76786.605,85878.805,0.1184
Produce,Last 04 Wks,12.0,2020/12/06,2021/12/05,Total U.S.,Tangerines,113075224.0,106394083.0,-0.0591,1.3191,1.4878,0.1279,35673209.1,33488026.18,-0.0613,4.1812,4.7267,0.1305,149156980.5,158288636.9,0.0612
Produce,Last 04 Wks,12.0,2020/12/06,2021/12/05,Total U.S.,Variety,12281757.2,15052936.51,0.2256,4.1169,4.4885,0.0903,9946692.648,12633398.5,0.2701,5.0834,5.3482,0.0521,50563313.0,67565750.77,0.3363
Produce,Last 04 Wks,13.0,2021/01/03,2022/01/02,Total U.S.,Total Store with Perimeter,0.0,0.0,0.0,0.0,0.0,0.0,20815932154.0,20634766836.0,-0.0087,3.6585,4.0048,0.0947,76154810322.0,82637538471.0,0.0851
Produce,Last 04 Wks,13.0,2021/01/03,2022/01/02,Total U.S.,Produce Department,3182326385.0,3103230421.0,-0.0249,1.634,1.7976,0.1001,2313973900.0,2276485746.0,-0.0162,2.2472,2.4504,0.0904,5199861977.0,5578222270.0,0.0728
Produce,Last 04 Wks,13.0,2021/01/03,2022/01/02,Total U.S.,Vegetable Aisle,1652460868.0,1588419125.0,-0.0388,1.7089,1.8123,0.0605,1336518703.0,1289644725.0,-0.0351,2.1129,2.2321,0.0564,2823915069.0,2878616065.0,0.0194
Produce,Last 04 Wks,13.0,2021/01/03,2022/01/02,Total U.S.,Fruit Aisle,1498344145.0,1484068384.0,-0.0095,1.5092,1.7352,0.1497,916110208.6,924238799.6,0.0089,2.4684,2.7862,0.1288,2261291578.0,2575122507.0,0.1388
Produce,Last 04 Wks,13.0,2021/01/03,2022/01/02,Total U.S.,Blackberries,8123015.34,9759012.092,0.2014,6.2514,6.4101,0.0254,18343623.4,21366112.57,0.1648,2.7683,2.9278,0.0576,50780547.88,62556044.29,0.2319
Produce,Last 04 Wks,13.0,2021/01/03,2022/01/02,Total U.S.,Blueberries,34104112.23,37096286.21,0.0877,4.6808,4.6982,0.0037,45349000.44,47567315.75,0.0489,3.5201,3.664,0.0409,159633775.3,174284583.9,0.0918
Produce,Last 04 Wks,13.0,2021/01/03,2022/01/02,Total U.S.,Raspberries,13324814.43,12820231.59,-0.0379,6.5388,7.6341,0.1675,30794962.02,29201599.34,-0.0517,2.8293,3.3516,0.1846,87128402.56,97871291.87,0.1233
Produce,Last 04 Wks,13.0,2021/01/03,2022/01/02,Total U.S.,Strawberries,54070482.25,63432060.42,0.1731,3.8948,4.2768,0.0981,49167024.3,56793287.21,0.1551,4.2832,4.7767,0.1152,210591902.8,271285936.0,0.2882
Produce,Last 04 Wks,13.0,2021/01/03,2022/01/02,Total U.S.,Apples,198281825.9,192299738.4,-0.0302,1.6387,1.8377,0.1215,93428903.1,91524085.36,-0.0204,3.4777,3.8612,0.1103,324916830.5,353388639.1,0.0876
Produce,Last 04 Wks,13.0,2021/01/03,2022/01/02,Total U.S.,Apricots,113782.6661,77807.1591,-0.3162,4.2031,4.592,0.0925,137145.3472,101466.5166,-0.2602,3.4871,3.5213,0.0098,478240.5128,357291.527,-0.2529
Produce,Last 04 Wks,13.0,2021/01/03,2022/01/02,Total U.S.,Avocados,83744828.75,77269050.4,-0.0773,1.9329,2.407,0.2453,104274953.5,94953745.22,-0.0894,1.5523,1.9587,0.2618,161867372.2,185985239.6,0.149
Produce,Last 04 Wks,13.0,2021/01/03,2022/01/02,Total U.S.,Bananas,438596043.4,425009302.5,-0.031,0.536,0.571,0.0654,223659134.4,224477970.0,0.0037,1.0511,1.0811,0.0286,235079780.4,242684300.8,0.0323
Produce,Last 04 Wks,13.0,2021/01/03,2022/01/02,Total U.S.,Cherries,2580240.079,3196464.746,0.2388,5.3866,5.7094,0.0599,2132721.28,2662011.62,0.2482,6.5169,6.8556,0.052,13898725.16,18249742.81,0.3131
Produce,Last 04 Wks,13.0,2021/01/03,2022/01/02,Total U.S.,Coconuts,734888.4747,762876.3719,0.0381,2.0271,2.1925,0.0816,603390.2298,626742.4618,0.0387,2.4689,2.6687,0.081,1489688.637,1672613.744,0.1228
Produce,Last 04 Wks,13.0,2021/01/03,2022/01/02,Total U.S.,Dates,6589.9595,8853.8285,0.3435,8.0269,7.9677,-0.0074,10357.4787,14058.4856,0.3573,5.1072,5.0179,-0.0175,52897.2328,70544.6955,0.3336
Produce,Last 04 Wks,13.0,2021/01/03,2022/01/02,Total U.S.,Grapefruit,15957529.35,13417873.12,-0.1592,1.2308,1.445,0.174,6517355.02,5226611.217,-0.198,3.0136,3.7098,0.231,19640858.14,19389423.84,-0.0128
Produce,Last 04 Wks,13.0,2021/01/03,2022/01/02,Total U.S.,Grapes,137737010.4,128916032.5,-0.064,1.8074,2.1413,0.1847,73695107.78,70117114.97,-0.0486,3.378,3.937,0.1655,248945570.9,276049636.2,0.1089
Produce,Last 04 Wks,13.0,2021/01/03,2022/01/02,Total U.S.,Kiwi,6644329.922,7158776.763,0.0774,2.3042,2.7096,0.1759,5671060.048,5948880.17,0.049,2.6997,3.2607,0.2078,15310186.1,19397779.22,0.267
Produce,Last 04 Wks,13.0,2021/01/03,2022/01/02,Total U.S.,Lemons,35202660.07,36160892.45,0.0272,1.8899,1.9783,0.0468,39870138.92,40979159.83,0.0278,1.6686,1.7457,0.0462,66528258.56,71535408.02,0.0753
Produce,Last 04 Wks,13.0,2021/01/03,2022/01/02,Total U.S.,Limes,31400343.14,30594660.95,-0.0257,1.4894,1.6769,0.1259,36205301.87,36541596.02,0.0093,1.2917,1.404,0.0869,46767614.21,51304849.65,0.097
Produce,Last 04 Wks,13.0,2021/01/03,2022/01/02,Total U.S.,Mangoes,16788214.76,15639075.81,-0.0684,1.6052,1.8224,0.1353,16573520.53,16179027.07,-0.0238,1.626,1.7616,0.0834,26948667.75,28500826.84,0.0576
Produce,Last 04 Wks,13.0,2021/01/03,2022/01/02,Total U.S.,Melons,68719703.48,78466163.09,0.1418,1.2997,1.5228,0.1717,22810629.73,28022381.22,0.2285,3.9154,4.2641,0.089,89313729.81,119489712.9,0.3379
Produce,Last 04 Wks,13.0,2021/01/03,2022/01/02,Total U.S.,Nectarines,165052.6456,139266.8515,-0.1562,3.0382,3.6113,0.1886,128819.1536,111711.3068,-0.1328,3.8928,4.5021,0.1565,501467.911,502931.1447,0.0029
Produce,Last 04 Wks,13.0,2021/01/03,2022/01/02,Total U.S.,Oranges,92651779.66,89492695.68,-0.0341,1.191,1.3019,0.0932,34945236.89,34564361.09,-0.0109,3.1577,3.3709,0.0675,110345086.6,116514677.3,0.0559
Produce,Last 04 Wks,13.0,2021/01/03,2022/01/02,Total U.S.,Other,3241415.654,4009825.684,0.2371,3.2259,3.3357,0.034,3492472.025,4356293.191,0.2473,2.994,3.0704,0.0255,10456336.86,13375421.46,0.2792
Produce,Last 04 Wks,13.0,2021/01/03,2022/01/02,Total U.S.,Papaya,4701466.266,5351920.717,0.1384,1.3903,1.3427,-0.0342,2060109.609,2531393.135,0.2288,3.1729,2.8389,-0.1053,6536497.693,7186261.184,0.0994
Produce,Last 04 Wks,13.0,2021/01/03,2022/01/02,Total U.S.,Peaches,389808.3801,285658.7618,-0.2672,3.1687,3.5539,0.1216,316160.7452,246953.0205,-0.2189,3.9069,4.111,0.0522,1235193.443,1015215.796,-0.1781
Produce,Last 04 Wks,13.0,2021/01/03,2022/01/02,Total U.S.,Pears,25673368.77,26204530.9,0.0207,1.6438,1.7925,0.0904,14606103.12,14860433.56,0.0174,2.8894,3.1608,0.0939,42203096.43,46971154.92,0.113
Produce,Last 04 Wks,13.0,2021/01/03,2022/01/02,Total U.S.,Pineapple,66249023.51,67884038.54,0.0247,0.869,1.0012,0.1522,22672653.95,24570079.34,0.0837,2.5391,2.7663,0.0895,57568917.98,67968109.95,0.1806
Produce,Last 04 Wks,13.0,2021/01/03,2022/01/02,Total U.S.,Plums,145998.0385,197924.2079,0.3557,2.8136,2.5272,-0.1018,135308.7679,164224.0433,0.2137,3.0359,3.0458,0.0033,410786.7381,500200.8201,0.2177
Produce,Last 04 Wks,13.0,2021/01/03,2022/01/02,Total U.S.,Pomegranates,10947458.22,10255430.15,-0.0632,2.6018,3.21,0.2338,10878644.73,10524233.56,-0.0326,2.6183,3.128,0.1947,28483029.99,32919814.52,0.1558
Produce,Last 04 Wks,13.0,2021/01/03,2022/01/02,Total U.S.,Rhubarb,0.0,80.0,0.0,0.0,0.1355,0.0,0.0,4.0,0.0,0.0,2.71,0.0,0.0,10.84,0.0
Produce,Last 04 Wks,13.0,2021/01/03,2022/01/02,Total U.S.,Tangelos,87960.6042,54925.3221,-0.3756,2.0284,2.4023,0.1844,54168.5445,37239.9757,-0.3125,3.2937,3.5431,0.0757,178415.9569,131946.7671,-0.2605
Produce,Last 04 Wks,13.0,2021/01/03,2022/01/02,Total U.S.,Tangerines,128085871.1,125240326.2,-0.0222,1.2894,1.5132,0.1735,39576088.17,39009911.93,-0.0143,4.1732,4.858,0.1641,165158247.3,189510571.2,0.1474
Produce,Last 04 Wks,13.0,2021/01/03,2022/01/02,Total U.S.,Variety,13940900.06,17072975.33,0.2247,4.116,4.5275,0.1,10996181.38,13797327.07,0.2547,5.2182,5.6024,0.0736,57380258.95,77298661.78,0.3471
,,,,,,,,,,,,,,,,,,,,,
,,,,,,,,,,,,,,,,,,,,,
,,,,,,,,,,,,,,,,,,,,,
,,,,,,,,,,,,,,,,,,,,,
,,,,,,,,,,,,,,,,,,,,,
,,,,,,,,,,,,,,,,,,,,,
,,,,,,,,,,,,,,,,,,,,,
,,,,,,,,,,,,,,,,,,,,,
,,,,,,,,,,,,,,,,,,,,,
,,,,,,,,,,,,,,,,,,,,,
,,,,,,,,,,,,,,,,,,,,,
,,,,,,,,,,,,,,,,,,,,,
,,,,,,,,,,,,,,,,,,,,,
,,,,,,,,,,,,,,,,,,,,,
,,,,,,,,,,,,,,,,,,,,,
,,,,,,,,,,,,,,,,,,,,,
,,,,,,,,,,,,,,,,,,,,,
,,,,,,,,,,,,,,,,,,,,,
,,,,,,,,,,,,,,,,,,,,,
,,,,,,,,,,,,,,,,,,,,,
,,,,,,,,,,,,,,,,,,,,,
,,,,,,,,,,,,,,,,,,,,,
,,,,,,,,,,,,,,,,,,,,,
,,,,,,,,,,,,,,,,,,,,,
,,,,,,,,,,,,,,,,,,,,,
,,,,,,,,,,,,,,,,,,,,,
,,,,,,,,,,,,,,,,,,,,,
,,,,,,,,,,,,,,,,,,,,,
,,,,,,,,,,,,,,,,,,,,,
,,,,,,,,,,,,,,,,,,,,,
,,,,,,,,,,,,,,,,,,,,,
,,,,,,,,,,,,,,,,,,,,,
,,,,,,,,,,,,,,,,,,,,,
,,,,,,,,,,,,,,,,,,,,,
,,,,,,,,,,,,,,,,,,,,,
,,,,,,,,,,,,,,,,,,,,,
,,,,,,,,,,,,,,,,,,,,,
,,,,,,,,,,,,,,,,,,,,,
,,,,,,,,,,,,,,,,,,,,,
,,,,,,,,,,,,,,,,,,,,,
,,,,,,,,,,,,,,,,,,,,,
,,,,,,,,,,,,,,,,,,,,,
,,,,,,,,,,,,,,,,,,,,,
,,,,,,,,,,,,,,,,,,,,,
,,,,,,,,,,,,,,,,,,,,,
,,,,,,,,,,,,,,,,,,,,,
,,,,,,,,,,,,,,,,,,,,,
,,,,,,,,,,,,,,,,,,,,,
,,,,,,,,,,,,,,,,,,,,,
,,,,,,,,,,,,,,,,,,,,,
,,,,,,,,,,,,,,,,,,,,,
,,,,,,,,,,,,,,,,,,,,,
,,,,,,,,,,,,,,,,,,,,,
,,,,,,,,,,,,,,,,,,,,,
,,,,,,,,,,,,,,,,,,,,,
,,,,,,,,,,,,,,,,,,,,,
,,,,,,,,,,,,,,,,,,,,,
,,,,,,,,,,,,,,,,,,,,,
,,,,,,,,,,,,,,,,,,,,,
,,,,,,,,,,,,,,,,,,,,,
,,,,,,,,,,,,,,,,,,,,,
,,,,,,,,,,,,,,,,,,,,,
,,,,,,,,,,,,,,,,,,,,,
,,,,,,,,,,,,,,,,,,,,,
,,,,,,,,,,,,,,,,,,,,,
,,,,,,,,,,,,,,,,,,,,,
,,,,,,,,,,,,,,,,,,,,,
,,,,,,,,,,,,,,,,,,,,,
,,,,,,,,,,,,,,,,,,,,,
,,,,,,,,,,,,,,,,,,,,,
,,,,,,,,,,,,,,,,,,,,,
,,,,,,,,,,,,,,,,,,,,,
,,,,,,,,,,,,,,,,,,,,,
,,,,,,,,,,,,,,,,,,,,,
,,,,,,,,,,,,,,,,,,,,,
,,,,,,,,,,,,,,,,,,,,,
,,,,,,,,,,,,,,,,,,,,,
,,,,,,,,,,,,,,,,,,,,,
,,,,,,,,,,,,,,,,,,,,,
,,,,,,,,,,,,,,,,,,,,,
,,,,,,,,,,,,,,,,,,,,,
,,,,,,,,,,,,,,,,,,,,,
,,,,,,,,,,,,,,,,,,,,,
,,,,,,,,,,,,,,,,,,,,,
,,,,,,,,,,,,,,,,,,,,,
,,,,,,,,,,,,,,,,,,,,,
,,,,,,,,,,,,,,,,,,,,,
,,,,,,,,,,,,,,,,,,,,,
,,,,,,,,,,,,,,,,,,,,,
,,,,,,,,,,,,,,,,,,,,,
,,,,,,,,,,,,,,,,,,,,,
,,,,,,,,,,,,,,,,,,,,,
,,,,,,,,,,,,,,,,,,,,,
,,,,,,,,,,,,,,,,,,,,,
,,,,,,,,,,,,,,,,,,,,,
,,,,,,,,,,,,,,,,,,,,,
,,,,,,,,,,,,,,,,,,,,,
,,,,,,,,,,,,,,,,,,,,,
,,,,,,,,,,,,,,,,,,,,,
,,,,,,,,,,,,,,,,,,,,,
,,,,,,,,,,,,,,,,,,,,,
,,,,,,,,,,,,,,,,,,,,,
,,,,,,,,,,,,,,,,,,,,,
,,,,,,,,,,,,,,,,,,,,,
,,,,,,,,,,,,,,,,,,,,,
,,,,,,,,,,,,,,,,,,,,,
,,,,,,,,,,,,,,,,,,,,,
,,,,,,,,,,,,,,,,,,,,,
,,,,,,,,,,,,,,,,,,,,,
,,,,,,,,,,,,,,,,,,,,,
,,,,,,,,,,,,,,,,,,,,,
,,,,,,,,,,,,,,,,,,,,,
,,,,,,,,,,,,,,,,,,,,,
,,,,,,,,,,,,,,,,,,,,,
,,,,,,,,,,,,,,,,,,,,,
,,,,,,,,,,,,,,,,,,,,,
,,,,,,,,,,,,,,,,,,,,,
,,,,,,,,,,,,,,,,,,,,,
,,,,,,,,,,,,,,,,,,,,,
,,,,,,,,,,,,,,,,,,,,,
,,,,,,,,,,,,,,,,,,,,,
,,,,,,,,,,,,,,,,,,,,,
,,,,,,,,,,,,,,,,,,,,,
,,,,,,,,,,,,,,,,,,,,,
,,,,,,,,,,,,,,,,,,,,,
,,,,,,,,,,,,,,,,,,,,,
,,,,,,,,,,,,,,,,,,,,,
,,,,,,,,,,,,,,,,,,,,,
,,,,,,,,,,,,,,,,,,,,,
,,,,,,,,,,,,,,,,,,,,,
,,,,,,,,,,,,,,,,,,,,,
,,,,,,,,,,,,,,,,,,,,,
,,,,,,,,,,,,,,,,,,,,,
,,,,,,,,,,,,,,,,,,,,,
,,,,,,,,,,,,,,,,,,,,,
,,,,,,,,,,,,,,,,,,,,,
,,,,,,,,,,,,,,,,,,,,,
,,,,,,,,,,,,,,,,,,,,,
,,,,,,,,,,,,,,,,,,,,,
,,,,,,,,,,,,,,,,,,,,,
,,,,,,,,,,,,,,,,,,,,,
,,,,,,,,,,,,,,,,,,,,,
,,,,,,,,,,,,,,,,,,,,,
,,,,,,,,,,,,,,,,,,,,,
,,,,,,,,,,,,,,,,,,,,,
,,,,,,,,,,,,,,,,,,,,,
,,,,,,,,,,,,,,,,,,,,,
,,,,,,,,,,,,,,,,,,,,,
,,,,,,,,,,,,,,,,,,,,,
,,,,,,,,,,,,,,,,,,,,,
,,,,,,,,,,,,,,,,,,,,,
,,,,,,,,,,,,,,,,,,,,,
,,,,,,,,,,,,,,,,,,,,,
,,,,,,,,,,,,,,,,,,,,,
,,,,,,,,,,,,,,,,,,,,,
,,,,,,,,,,,,,,,,,,,,,
,,,,,,,,,,,,,,,,,,,,,
,,,,,,,,,,,,,,,,,,,,,
,,,,,,,,,,,,,,,,,,,,,
,,,,,,,,,,,,,,,,,,,,,
,,,,,,,,,,,,,,,,,,,,,
,,,,,,,,,,,,,,,,,,,,,
,,,,,,,,,,,,,,,,,,,,,
,,,,,,,,,,,,,,,,,,,,,
,,,,,,,,,,,,,,,,,,,,,
,,,,,,,,,,,,,,,,,,,,,
,,,,,,,,,,,,,,,,,,,,,
,,,,,,,,,,,,,,,,,,,,,
,,,,,,,,,,,,,,,,,,,,,
,,,,,,,,,,,,,,,,,,,,,
,,,,,,,,,,,,,,,,,,,,,
,,,,,,,,,,,,,,,,,,,,,
,,,,,,,,,,,,,,,,,,,,,
,,,,,,,,,,,,,,,,,,,,,
,,,,,,,,,,,,,,,,,,,,,
,,,,,,,,,,,,,,,,,,,,,
,,,,,,,,,,,,,,,,,,,,,
,,,,,,,,,,,,,,,,,,,,,
,,,,,,,,,,,,,,,,,,,,,
,,,,,,,,,,,,,,,,,,,,,
,,,,,,,,,,,,,,,,,,,,,
,,,,,,,,,,,,,,,,,,,,,
,,,,,,,,,,,,,,,,,,,,,
,,,,,,,,,,,,,,,,,,,,,
,,,,,,,,,,,,,,,,,,,,,
,,,,,,,,,,,,,,,,,,,,,
,,,,,,,,,,,,,,,,,,,,,
,,,,,,,,,,,,,,,,,,,,,
,,,,,,,,,,,,,,,,,,,,,
,,,,,,,,,,,,,,,,,,,,,
,,,,,,,,,,,,,,,,,,,,,
,,,,,,,,,,,,,,,,,,,,,
,,,,,,,,,,,,,,,,,,,,,
,,,,,,,,,,,,,,,,,,,,,
,,,,,,,,,,,,,,,,,,,,,
,,,,,,,,,,,,,,,,,,,,,
,,,,,,,,,,,,,,,,,,,,,
,,,,,,,,,,,,,,,,,,,,,
,,,,,,,,,,,,,,,,,,,,,
,,,,,,,,,,,,,,,,,,,,,
,,,,,,,,,,,,,,,,,,,,,
,,,,,,,,,,,,,,,,,,,,,
,,,,,,,,,,,,,,,,,,,,,
,,,,,,,,,,,,,,,,,,,,,
,,,,,,,,,,,,,,,,,,,,,
,,,,,,,,,,,,,,,,,,,,,
,,,,,,,,,,,,,,,,,,,,,
,,,,,,,,,,,,,,,,,,,,,
,,,,,,,,,,,,,,,,,,,,,
,,,,,,,,,,,,,,,,,,,,,
,,,,,,,,,,,,,,,,,,,,,
,,,,,,,,,,,,,,,,,,,,,
,,,,,,,,,,,,,,,,,,,,,
,,,,,,,,,,,,,,,,,,,,,
,,,,,,,,,,,,,,,,,,,,,
,,,,,,,,,,,,,,,,,,,,,
,,,,,,,,,,,,,,,,,,,,,
,,,,,,,,,,,,,,,,,,,,,
,,,,,,,,,,,,,,,,,,,,,
,,,,,,,,,,,,,,,,,,,,,
,,,,,,,,,,,,,,,,,,,,,
,,,,,,,,,,,,,,,,,,,,,
,,,,,,,,,,,,,,,,,,,,,
,,,,,,,,,,,,,,,,,,,,,
,,,,,,,,,,,,,,,,,,,,,
,,,,,,,,,,,,,,,,,,,,,
,,,,,,,,,,,,,,,,,,,,,
,,,,,,,,,,,,,,,,,,,,,
,,,,,,,,,,,,,,,,,,,,,
,,,,,,,,,,,,,,,,,,,,,
,,,,,,,,,,,,,,,,,,,,,
,,,,,,,,,,,,,,,,,,,,,
,,,,,,,,,,,,,,,,,,,,,
,,,,,,,,,,,,,,,,,,,,,
,,,,,,,,,,,,,,,,,,,,,
,,,,,,,,,,,,,,,,,,,,,
,,,,,,,,,,,,,,,,,,,,,
,,,,,,,,,,,,,,,,,,,,,
,,,,,,,,,,,,,,,,,,,,,
,,,,,,,,,,,,,,,,,,,,,
,,,,,,,,,,,,,,,,,,,,,
,,,,,,,,,,,,,,,,,,,,,
,,,,,,,,,,,,,,,,,,,,,
,,,,,,,,,,,,,,,,,,,,,
,,,,,,,,,,,,,,,,,,,,,
,,,,,,,,,,,,,,,,,,,,,
,,,,,,,,,,,,,,,,,,,,,
,,,,,,,,,,,,,,,,,,,,,
,,,,,,,,,,,,,,,,,,,,,
,,,,,,,,,,,,,,,,,,,,,
,,,,,,,,,,,,,,,,,,,,,
,,,,,,,,,,,,,,,,,,,,,
,,,,,,,,,,,,,,,,,,,,,
,,,,,,,,,,,,,,,,,,,,,
,,,,,,,,,,,,,,,,,,,,,
,,,,,,,,,,,,,,,,,,,,,
,,,,,,,,,,,,,,,,,,,,,
,,,,,,,,,,,,,,,,,,,,,
,,,,,,,,,,,,,,,,,,,,,
,,,,,,,,,,,,,,,,,,,,,
,,,,,,,,,,,,,,,,,,,,,
,,,,,,,,,,,,,,,,,,,,,
,,,,,,,,,,,,,,,,,,,,,
,,,,,,,,,,,,,,,,,,,,,
,,,,,,,,,,,,,,,,,,,,,
,,,,,,,,,,,,,,,,,,,,,
,,,,,,,,,,,,,,,,,,,,,
,,,,,,,,,,,,,,,,,,,,,
,,,,,,,,,,,,,,,,,,,,,
,,,,,,,,,,,,,,,,,,,,,
,,,,,,,,,,,,,,,,,,,,,
,,,,,,,,,,,,,,,,,,,,,
,,,,,,,,,,,,,,,,,,,,,
,,,,,,,,,,,,,,,,,,,,,
,,,,,,,,,,,,,,,,,,,,,
,,,,,,,,,,,,,,,,,,,,,
,,,,,,,,,,,,,,,,,,,,,
,,,,,,,,,,,,,,,,,,,,,
,,,,,,,,,,,,,,,,,,,,,
,,,,,,,,,,,,,,,,,,,,,
,,,,,,,,,,,,,,,,,,,,,
,,,,,,,,,,,,,,,,,,,,,
,,,,,,,,,,,,,,,,,,,,,
,,,,,,,,,,,,,,,,,,,,,
,,,,,,,,,,,,,,,,,,,,,
,,,,,,,,,,,,,,,,,,,,,
,,,,,,,,,,,,,,,,,,,,,
,,,,,,,,,,,,,,,,,,,,,
,,,,,,,,,,,,,,,,,,,,,
,,,,,,,,,,,,,,,,,,,,,
,,,,,,,,,,,,,,,,,,,,,
,,,,,,,,,,,,,,,,,,,,,
,,,,,,,,,,,,,,,,,,,,,
,,,,,,,,,,,,,,,,,,,,,
,,,,,,,,,,,,,,,,,,,,,
,,,,,,,,,,,,,,,,,,,,,
,,,,,,,,,,,,,,,,,,,,,
,,,,,,,,,,,,,,,,,,,,,
,,,,,,,,,,,,,,,,,,,,,
,,,,,,,,,,,,,,,,,,,,,
,,,,,,,,,,,,,,,,,,,,,
,,,,,,,,,,,,,,,,,,,,,
,,,,,,,,,,,,,,,,,,,,,
,,,,,,,,,,,,,,,,,,,,,
,,,,,,,,,,,,,,,,,,,,,
,,,,,,,,,,,,,,,,,,,,,
,,,,,,,,,,,,,,,,,,,,,
,,,,,,,,,,,,,,,,,,,,,
,,,,,,,,,,,,,,,,,,,,,
,,,,,,,,,,,,,,,,,,,,,
,,,,,,,,,,,,,,,,,,,,,
,,,,,,,,,,,,,,,,,,,,,
,,,,,,,,,,,,,,,,,,,,,
,,,,,,,,,,,,,,,,,,,,,
,,,,,,,,,,,,,,,,,,,,,
,,,,,,,,,,,,,,,,,,,,,
,,,,,,,,,,,,,,,,,,,,,
,,,,,,,,,,,,,,,,,,,,,
,,,,,,,,,,,,,,,,,,,,,
,,,,,,,,,,,,,,,,,,,,,
,,,,,,,,,,,,,,,,,,,,,
,,,,,,,,,,,,,,,,,,,,,
,,,,,,,,,,,,,,,,,,,,,
,,,,,,,,,,,,,,,,,,,,,
,,,,,,,,,,,,,,,,,,,,,
,,,,,,,,,,,,,,,,,,,,,
,,,,,,,,,,,,,,,,,,,,,
,,,,,,,,,,,,,,,,,,,,,
,,,,,,,,,,,,,,,,,,,,,
,,,,,,,,,,,,,,,,,,,,,
,,,,,,,,,,,,,,,,,,,,,
,,,,,,,,,,,,,,,,,,,,,
,,,,,,,,,,,,,,,,,,,,,
,,,,,,,,,,,,,,,,,,,,,
,,,,,,,,,,,,,,,,,,,,,
,,,,,,,,,,,,,,,,,,,,,
,,,,,,,,,,,,,,,,,,,,,
,,,,,,,,,,,,,,,,,,,,,
,,,,,,,,,,,,,,,,,,,,,
,,,,,,,,,,,,,,,,,,,,,
,,,,,,,,,,,,,,,,,,,,,
,,,,,,,,,,,,,,,,,,,,,
,,,,,,,,,,,,,,,,,,,,,
,,,,,,,,,,,,,,,,,,,,,
,,,,,,,,,,,,,,,,,,,,,
,,,,,,,,,,,,,,,,,,,,,
,,,,,,,,,,,,,,,,,,,,,
,,,,,,,,,,,,,,,,,,,,,
,,,,,,,,,,,,,,,,,,,,,
,,,,,,,,,,,,,,,,,,,,,
,,,,,,,,,,,,,,,,,,,,,
,,,,,,,,,,,,,,,,,,,,,
,,,,,,,,,,,,,,,,,,,,,
,,,,,,,,,,,,,,,,,,,,,
,,,,,,,,,,,,,,,,,,,,,
,,,,,,,,,,,,,,,,,,,,,
,,,,,,,,,,,,,,,,,,,,,
,,,,,,,,,,,,,,,,,,,,,
,,,,,,,,,,,,,,,,,,,,,
,,,,,,,,,,,,,,,,,,,,,
,,,,,,,,,,,,,,,,,,,,,
,,,,,,,,,,,,,,,,,,,,,
,,,,,,,,,,,,,,,,,,,,,
,,,,,,,,,,,,,,,,,,,,,
,,,,,,,,,,,,,,,,,,,,,
,,,,,,,,,,,,,,,,,,,,,
,,,,,,,,,,,,,,,,,,,,,
,,,,,,,,,,,,,,,,,,,,,
,,,,,,,,,,,,,,,,,,,,,
,,,,,,,,,,,,,,,,,,,,,
,,,,,,,,,,,,,,,,,,,,,
,,,,,,,,,,,,,,,,,,,,,
,,,,,,,,,,,,,,,,,,,,,
,,,,,,,,,,,,,,,,,,,,,
,,,,,,,,,,,,,,,,,,,,,
,,,,,,,,,,,,,,,,,,,,,
,,,,,,,,,,,,,,,,,,,,,
,,,,,,,,,,,,,,,,,,,,,
,,,,,,,,,,,,,,,,,,,,,
,,,,,,,,,,,,,,,,,,,,,
,,,,,,,,,,,,,,,,,,,,,
,,,,,,,,,,,,,,,,,,,,,
,,,,,,,,,,,,,,,,,,,,,
,,,,,,,,,,,,,,,,,,,,,
,,,,,,,,,,,,,,,,,,,,,
,,,,,,,,,,,,,,,,,,,,,
,,,,,,,,,,,,,,,,,,,,,
,,,,,,,,,,,,,,,,,,,,,
,,,,,,,,,,,,,,,,,,,,,
,,,,,,,,,,,,,,,,,,,,,
,,,,,,,,,,,,,,,,,,,,,
,,,,,,,,,,,,,,,,,,,,,
,,,,,,,,,,,,,,,,,,,,,
,,,,,,,,,,,,,,,,,,,,,
,,,,,,,,,,,,,,,,,,,,,
,,,,,,,,,,,,,,,,,,,,,
,,,,,,,,,,,,,,,,,,,,,
,,,,,,,,,,,,,,,,,,,,,
,,,,,,,,,,,,,,,,,,,,,
,,,,,,,,,,,,,,,,,,,,,
,,,,,,,,,,,,,,,,,,,,,
,,,,,,,,,,,,,,,,,,,,,
,,,,,,,,,,,,,,,,,,,,,
,,,,,,,,,,,,,,,,,,,,,
,,,,,,,,,,,,,,,,,,,,,
,,,,,,,,,,,,,,,,,,,,,
,,,,,,,,,,,,,,,,,,,,,
,,,,,,,,,,,,,,,,,,,,,
,,,,,,,,,,,,,,,,,,,,,
,,,,,,,,,,,,,,,,,,,,,
,,,,,,,,,,,,,,,,,,,,,
,,,,,,,,,,,,,,,,,,,,,
,,,,,,,,,,,,,,,,,,,,,
,,,,,,,,,,,,,,,,,,,,,
,,,,,,,,,,,,,,,,,,,,,
,,,,,,,,,,,,,,,,,,,,,
,,,,,,,,,,,,,,,,,,,,,
,,,,,,,,,,,,,,,,,,,,,
,,,,,,,,,,,,,,,,,,,,,
,,,,,,,,,,,,,,,,,,,,,
,,,,,,,,,,,,,,,,,,,,,
,,,,,,,,,,,,,,,,,,,,,
,,,,,,,,,,,,,,,,,,,,,
,,,,,,,,,,,,,,,,,,,,,
,,,,,,,,,,,,,,,,,,,,,
,,,,,,,,,,,,,,,,,,,,,
,,,,,,,,,,,,,,,,,,,,,
,,,,,,,,,,,,,,,,,,,,,
,,,,,,,,,,,,,,,,,,,,,
,,,,,,,,,,,,,,,,,,,,,
,,,,,,,,,,,,,,,,,,,,,
,,,,,,,,,,,,,,,,,,,,,
,,,,,,,,,,,,,,,,,,,,,
,,,,,,,,,,,,,,,,,,,,,
,,,,,,,,,,,,,,,,,,,,,
,,,,,,,,,,,,,,,,,,,,,
,,,,,,,,,,,,,,,,,,,,,
,,,,,,,,,,,,,,,,,,,,,
,,,,,,,,,,,,,,,,,,,,,
,,,,,,,,,,,,,,,,,,,,,
,,,,,,,,,,,,,,,,,,,,,
,,,,,,,,,,,,,,,,,,,,,
,,,,,,,,,,,,,,,,,,,,,
,,,,,,,,,,,,,,,,,,,,,
,,,,,,,,,,,,,,,,,,,,,
,,,,,,,,,,,,,,,,,,,,,
,,,,,,,,,,,,,,,,,,,,,
,,,,,,,,,,,,,,,,,,,,,
,,,,,,,,,,,,,,,,,,,,,
,,,,,,,,,,,,,,,,,,,,,
,,,,,,,,,,,,,,,,,,,,,
,,,,,,,,,,,,,,,,,,,,,
,,,,,,,,,,,,,,,,,,,,,
,,,,,,,,,,,,,,,,,,,,,
,,,,,,,,,,,,,,,,,,,,,
,,,,,,,,,,,,,,,,,,,,,
,,,,,,,,,,,,,,,,,,,,,
,,,,,,,,,,,,,,,,,,,,,
,,,,,,,,,,,,,,,,,,,,,
,,,,,,,,,,,,,,,,,,,,,
,,,,,,,,,,,,,,,,,,,,,
,,,,,,,,,,,,,,,,,,,,,
,,,,,,,,,,,,,,,,,,,,,
,,,,,,,,,,,,,,,,,,,,,
,,,,,,,,,,,,,,,,,,,,,
,,,,,,,,,,,,,,,,,,,,,
,,,,,,,,,,,,,,,,,,,,,
,,,,,,,,,,,,,,,,,,,,,
,,,,,,,,,,,,,,,,,,,,,
,,,,,,,,,,,,,,,,,,,,,
,,,,,,,,,,,,,,,,,,,,,
,,,,,,,,,,,,,,,,,,,,,
,,,,,,,,,,,,,,,,,,,,,
,,,,,,,,,,,,,,,,,,,,,
,,,,,,,,,,,,,,,,,,,,,
,,,,,,,,,,,,,,,,,,,,,
,,,,,,,,,,,,,,,,,,,,,
,,,,,,,,,,,,,,,,,,,,,
,,,,,,,,,,,,,,,,,,,,,
,,,,,,,,,,,,,,,,,,,,,
,,,,,,,,,,,,,,,,,,,,,
,,,,,,,,,,,,,,,,,,,,,
,,,,,,,,,,,,,,,,,,,,,
,,,,,,,,,,,,,,,,,,,,,
,,,,,,,,,,,,,,,,,,,,,
,,,,,,,,,,,,,,,,,,,,,
,,,,,,,,,,,,,,,,,,,,,
,,,,,,,,,,,,,,,,,,,,,
,,,,,,,,,,,,,,,,,,,,,
,,,,,,,,,,,,,,,,,,,,,
,,,,,,,,,,,,,,,,,,,,,
,,,,,,,,,,,,,,,,,,,,,
,,,,,,,,,,,,,,,,,,,,,
,,,,,,,,,,,,,,,,,,,,,
,,,,,,,,,,,,,,,,,,,,,
,,,,,,,,,,,,,,,,,,,,,
,,,,,,,,,,,,,,,,,,,,,
,,,,,,,,,,,,,,,,,,,,,
,,,,,,,,,,,,,,,,,,,,,
,,,,,,,,,,,,,,,,,,,,,
,,,,,,,,,,,,,,,,,,,,,
,,,,,,,,,,,,,,,,,,,,,
,,,,,,,,,,,,,,,,,,,,,
,,,,,,,,,,,,,,,,,,,,,
,,,,,,,,,,,,,,,,,,,,,
,,,,,,,,,,,,,,,,,,,,,
,,,,,,,,,,,,,,,,,,,,,
,,,,,,,,,,,,,,,,,,,,,
,,,,,,,,,,,,,,,,,,,,,
,,,,,,,,,,,,,,,,,,,,,
,,,,,,,,,,,,,,,,,,,,,
,,,,,,,,,,,,,,,,,,,,,
,,,,,,,,,,,,,,,,,,,,,
,,,,,,,,,,,,,,,,,,,,,
,,,,,,,,,,,,,,,,,,,,,
,,,,,,,,,,,,,,,,,,,,,
,,,,,,,,,,,,,,,,,,,,,
,,,,,,,,,,,,,,,,,,,,,
,,,,,,,,,,,,,,,,,,,,,
,,,,,,,,,,,,,,,,,,,,,
,,,,,,,,,,,,,,,,,,,,,
,,,,,,,,,,,,,,,,,,,,,
,,,,,,,,,,,,,,,,,,,,,
,,,,,,,,,,,,,,,,,,,,,
,,,,,,,,,,,,,,,,,,,,,
,,,,,,,,,,,,,,,,,,,,,
,,,,,,,,,,,,,,,,,,,,,
,,,,,,,,,,,,,,,,,,,,,
,,,,,,,,,,,,,,,,,,,,,
,,,,,,,,,,,,,,,,,,,,,
,,,,,,,,,,,,,,,,,,,,,
,,,,,,,,,,,,,,,,,,,,,
,,,,,,,,,,,,,,,,,,,,,
,,,,,,,,,,,,,,,,,,,,,
,,,,,,,,,,,,,,,,,,,,,
,,,,,,,,,,,,,,,,,,,,,
,,,,,,,,,,,,,,,,,,,,,
,,,,,,,,,,,,,,,,,,,,,
,,,,,,,,,,,,,,,,,,,,,
,,,,,,,,,,,,,,,,,,,,,
,,,,,,,,,,,,,,,,,,,,,
,,,,,,,,,,,,,,,,,,,,,
,,,,,,,,,,,,,,,,,,,,,
,,,,,,,,,,,,,,,,,,,,,
,,,,,,,,,,,,,,,,,,,,,
,,,,,,,,,,,,,,,,,,,,,
,,,,,,,,,,,,,,,,,,,,,
,,,,,,,,,,,,,,,,,,,,,
,,,,,,,,,,,,,,,,,,,,,
,,,,,,,,,,,,,,,,,,,,,
,,,,,,,,,,,,,,,,,,,,,
,,,,,,,,,,,,,,,,,,,,,
,,,,,,,,,,,,,,,,,,,,,
,,,,,,,,,,,,,,,,,,,,,
,,,,,,,,,,,,,,,,,,,,,
,,,,,,,,,,,,,,,,,,,,,
,,,,,,,,,,,,,,,,,,,,,
,,,,,,,,,,,,,,,,,,,,,
,,,,,,,,,,,,,,,,,,,,,
,,,,,,,,,,,,,,,,,,,,,
,,,,,,,,,,,,,,,,,,,,,
,,,,,,,,,,,,,,,,,,,,,
,,,,,,,,,,,,,,,,,,,,,
,,,,,,,,,,,,,,,,,,,,,
,,,,,,,,,,,,,,,,,,,,,
,,,,,,,,,,,,,,,,,,,,,
,,,,,,,,,,,,,,,,,,,,,
,,,,,,,,,,,,,,,,,,,,,
,,,,,,,,,,,,,,,,,,,,,
,,,,,,,,,,,,,,,,,,,,,
,,,,,,,,,,,,,,,,,,,,,
,,,,,,,,,,,,,,,,,,,,,
,,,,,,,,,,,,,,,,,,,,,
,,,,,,,,,,,,,,,,,,,,,
,,,,,,,,,,,,,,,,,,,,,
,,,,,,,,,,,,,,,,,,,,,
,,,,,,,,,,,,,,,,,,,,,
,,,,,,,,,,,,,,,,,,,,,
,,,,,,,,,,,,,,,,,,,,,
,,,,,,,,,,,,,,,,,,,,,
,,,,,,,,,,,,,,,,,,,,,
,,,,,,,,,,,,,,,,,,,,,
,,,,,,,,,,,,,,,,,,,,,
,,,,,,,,,,,,,,,,,,,,,
,,,,,,,,,,,,,,,,,,,,,
,,,,,,,,,,,,,,,,,,,,,
,,,,,,,,,,,,,,,,,,,,,
,,,,,,,,,,,,,,,,,,,,,
,,,,,,,,,,,,,,,,,,,,,
,,,,,,,,,,,,,,,,,,,,,
,,,,,,,,,,,,,,,,,,,,,
,,,,,,,,,,,,,,,,,,,,,
,,,,,,,,,,,,,,,,,,,,,
,,,,,,,,,,,,,,,,,,,,,
,,,,,,,,,,,,,,,,,,,,,
,,,,,,,,,,,,,,,,,,,,,
,,,,,,,,,,,,,,,,,,,,,
,,,,,,,,,,,,,,,,,,,,,
,,,,,,,,,,,,,,,,,,,,,
,,,,,,,,,,,,,,,,,,,,,
,,,,,,,,,,,,,,,,,,,,,
,,,,,,,,,,,,,,,,,,,,,
,,,,,,,,,,,,,,,,,,,,,
,,,,,,,,,,,,,,,,,,,,,
,,,,,,,,,,,,,,,,,,,,,
,,,,,,,,,,,,,,,,,,,,,
,,,,,,,,,,,,,,,,,,,,,
,,,,,,,,,,,,,,,,,,,,,
,,,,,,,,,,,,,,,,,,,,,
,,,,,,,,,,,,,,,,,,,,,
,,,,,,,,,,,,,,,,,,,,,
,,,,,,,,,,,,,,,,,,,,,
,,,,,,,,,,,,,,,,,,,,,
,,,,,,,,,,,,,,,,,,,,,
,,,,,,,,,,,,,,,,,,,,,
,,,,,,,,,,,,,,,,,,,,,
,,,,,,,,,,,,,,,,,,,,,
,,,,,,,,,,,,,,,,,,,,,
,,,,,,,,,,,,,,,,,,,,,
,,,,,,,,,,,,,,,,,,,,,
,,,,,,,,,,,,,,,,,,,,,
,,,,,,,,,,,,,,,,,,,,,
,,,,,,,,,,,,,,,,,,,,,
,,,,,,,,,,,,,,,,,,,,,
,,,,,,,,,,,,,,,,,,,,,
,,,,,,,,,,,,,,,,,,,,,
,,,,,,,,,,,,,,,,,,,,,
,,,,,,,,,,,,,,,,,,,,,
,,,,,,,,,,,,,,,,,,,,,
,,,,,,,,,,,,,,,,,,,,,
,,,,,,,,,,,,,,,,,,,,,
,,,,,,,,,,,,,,,,,,,,,
,,,,,,,,,,,,,,,,,,,,,
,,,,,,,,,,,,,,,,,,,,,
,,,,,,,,,,,,,,,,,,,,,
,,,,,,,,,,,,,,,,,,,,,
,,,,,,,,,,,,,,,,,,,,,
,,,,,,,,,,,,,,,,,,,,,
,,,,,,,,,,,,,,,,,,,,,
,,,,,,,,,,,,,,,,,,,,,
,,,,,,,,,,,,,,,,,,,,,
,,,,,,,,,,,,,,,,,,,,,
,,,,,,,,,,,,,,,,,,,,,
,,,,,,,,,,,,,,,,,,,,,
,,,,,,,,,,,,,,,,,,,,,
,,,,,,,,,,,,,,,,,,,,,
,,,,,,,,,,,,,,,,,,,,,
,,,,,,,,,,,,,,,,,,,,,
,,,,,,,,,,,,,,,,,,,,,
,,,,,,,,,,,,,,,,,,,,,
,,,,,,,,,,,,,,,,,,,,,
,,,,,,,,,,,,,,,,,,,,,
,,,,,,,,,,,,,,,,,,,,,
,,,,,,,,,,,,,,,,,,,,,
,,,,,,,,,,,,,,,,,,,,,
,,,,,,,,,,,,,,,,,,,,,
,,,,,,,,,,,,,,,,,,,,,
,,,,,,,,,,,,,,,,,,,,,
,,,,,,,,,,,,,,,,,,,,,
,,,,,,,,,,,,,,,,,,,,,
,,,,,,,,,,,,,,,,,,,,,
,,,,,,,,,,,,,,,,,,,,,
,,,,,,,,,,,,,,,,,,,,,
,,,,,,,,,,,,,,,,,,,,,
,,,,,,,,,,,,,,,,,,,,,
,,,,,,,,,,,,,,,,,,,,,
,,,,,,,,,,,,,,,,,,,,,
,,,,,,,,,,,,,,,,,,,,,
,,,,,,,,,,,,,,,,,,,,,
,,,,,,,,,,,,,,,,,,,,,
,,,,,,,,,,,,,,,,,,,,,
,,,,,,,,,,,,,,,,,,,,,
,,,,,,,,,,,,,,,,,,,,,
,,,,,,,,,,,,,,,,,,,,,
,,,,,,,,,,,,,,,,,,,,,
,,,,,,,,,,,,,,,,,,,,,
,,,,,,,,,,,,,,,,,,,,,
,,,,,,,,,,,,,,,,,,,,,
,,,,,,,,,,,,,,,,,,,,,
,,,,,,,,,,,,,,,,,,,,,
,,,,,,,,,,,,,,,,,,,,,
,,,,,,,,,,,,,,,,,,,,,
,,,,,,,,,,,,,,,,,,,,,
,,,,,,,,,,,,,,,,,,,,,
,,,,,,,,,,,,,,,,,,,,,
,,,,,,,,,,,,,,,,,,,,,
,,,,,,,,,,,,,,,,,,,,,
,,,,,,,,,,,,,,,,,,,,,
,,,,,,,,,,,,,,,,,,,,,
,,,,,,,,,,,,,,,,,,,,,
,,,,,,,,,,,,,,,,,,,,,
,,,,,,,,,,,,,,,,,,,,,
,,,,,,,,,,,,,,,,,,,,,
,,,,,,,,,,,,,,,,,,,,,
,,,,,,,,,,,,,,,,,,,,,
,,,,,,,,,,,,,,,,,,,,,
,,,,,,,,,,,,,,,,,,,,,
,,,,,,,,,,,,,,,,,,,,,
,,,,,,,,,,,,,,,,,,,,,
,,,,,,,,,,,,,,,,,,,,,
,,,,,,,,,,,,,,,,,,,,,
,,,,,,,,,,,,,,,,,,,,,
,,,,,,,,,,,,,,,,,,,,,
,,,,,,,,,,,,,,,,,,,,,
,,,,,,,,,,,,,,,,,,,,,
,,,,,,,,,,,,,,,,,,,,,
,,,,,,,,,,,,,,,,,,,,,
,,,,,,,,,,,,,,,,,,,,,
,,,,,,,,,,,,,,,,,,,,,
,,,,,,,,,,,,,,,,,,,,,
,,,,,,,,,,,,,,,,,,,,,
,,,,,,,,,,,,,,,,,,,,,
,,,,,,,,,,,,,,,,,,,,,
,,,,,,,,,,,,,,,,,,,,,
,,,,,,,,,,,,,,,,,,,,,
,,,,,,,,,,,,,,,,,,,,,
,,,,,,,,,,,,,,,,,,,,,
,,,,,,,,,,,,,,,,,,,,,
,,,,,,,,,,,,,,,,,,,,,
,,,,,,,,,,,,,,,,,,,,,
,,,,,,,,,,,,,,,,,,,,,
,,,,,,,,,,,,,,,,,,,,,
,,,,,,,,,,,,,,,,,,,,,
,,,,,,,,,,,,,,,,,,,,,
,,,,,,,,,,,,,,,,,,,,,
,,,,,,,,,,,,,,,,,,,,,
,,,,,,,,,,,,,,,,,,,,,
,,,,,,,,,,,,,,,,,,,,,
,,,,,,,,,,,,,,,,,,,,,
,,,,,,,,,,,,,,,,,,,,,
,,,,,,,,,,,,,,,,,,,,,
,,,,,,,,,,,,,,,,,,,,,
,,,,,,,,,,,,,,,,,,,,,
,,,,,,,,,,,,,,,,,,,,,
,,,,,,,,,,,,,,,,,,,,,
,,,,,,,,,,,,,,,,,,,,,
,,,,,,,,,,,,,,,,,,,,,
,,,,,,,,,,,,,,,,,,,,,
,,,,,,,,,,,,,,,,,,,,,
,,,,,,,,,,,,,,,,,,,,,
,,,,,,,,,,,,,,,,,,,,,
,,,,,,,,,,,,,,,,,,,,,
,,,,,,,,,,,,,,,,,,,,,
,,,,,,,,,,,,,,,,,,,,,
,,,,,,,,,,,,,,,,,,,,,
,,,,,,,,,,,,,,,,,,,,,
,,,,,,,,,,,,,,,,,,,,,
,,,,,,,,,,,,,,,,,,,,,
,,,,,,,,,,,,,,,,,,,,,
,,,,,,,,,,,,,,,,,,,,,
,,,,,,,,,,,,,,,,,,,,,
,,,,,,,,,,,,,,,,,,,,,
,,,,,,,,,,,,,,,,,,,,,
,,,,,,,,,,,,,,,,,,,,,
,,,,,,,,,,,,,,,,,,,,,
,,,,,,,,,,,,,,,,,,,,,
,,,,,,,,,,,,,,,,,,,,,
,,,,,,,,,,,,,,,,,,,,,
,,,,,,,,,,,,,,,,,,,,,
,,,,,,,,,,,,,,,,,,,,,
,,,,,,,,,,,,,,,,,,,,,
,,,,,,,,,,,,,,,,,,,,,
,,,,,,,,,,,,,,,,,,,,,
,,,,,,,,,,,,,,,,,,,,,
,,,,,,,,,,,,,,,,,,,,,
,,,,,,,,,,,,,,,,,,,,,
,,,,,,,,,,,,,,,,,,,,,
,,,,,,,,,,,,,,,,,,,,,
,,,,,,,,,,,,,,,,,,,,,
,,,,,,,,,,,,,,,,,,,,,
,,,,,,,,,,,,,,,,,,,,,
,,,,,,,,,,,,,,,,,,,,,
,,,,,,,,,,,,,,,,,,,,,
,,,,,,,,,,,,,,,,,,,,,
,,,,,,,,,,,,,,,,,,,,,
,,,,,,,,,,,,,,,,,,,,,
,,,,,,,,,,,,,,,,,,,,,
,,,,,,,,,,,,,,,,,,,,,
,,,,,,,,,,,,,,,,,,,,,
,,,,,,,,,,,,,,,,,,,,,
,,,,,,,,,,,,,,,,,,,,,
,,,,,,,,,,,,,,,,,,,,,
,,,,,,,,,,,,,,,,,,,,,
,,,,,,,,,,,,,,,,,,,,,
,,,,,,,,,,,,,,,,,,,,,
,,,,,,,,,,,,,,,,,,,,,
,,,,,,,,,,,,,,,,,,,,,
,,,,,,,,,,,,,,,,,,,,,
,,,,,,,,,,,,,,,,,,,,,
,,,,,,,,,,,,,,,,,,,,,
,,,,,,,,,,,,,,,,,,,,,
,,,,,,,,,,,,,,,,,,,,,
,,,,,,,,,,,,,,,,,,,,,
,,,,,,,,,,,,,,,,,,,,,
,,,,,,,,,,,,,,,,,,,,,
,,,,,,,,,,,,,,,,,,,,,
,,,,,,,,,,,,,,,,,,,,,
,,,,,,,,,,,,,,,,,,,,,
,,,,,,,,,,,,,,,,,,,,,
,,,,,,,,,,,,,,,,,,,,,
,,,,,,,,,,,,,,,,,,,,,
,,,,,,,,,,,,,,,,,,,,,
,,,,,,,,,,,,,,,,,,,,,
,,,,,,,,,,,,,,,,,,,,,
,,,,,,,,,,,,,,,,,,,,,
,,,,,,,,,,,,,,,,,,,,,
,,,,,,,,,,,,,,,,,,,,,
,,,,,,,,,,,,,,,,,,,,,
,,,,,,,,,,,,,,,,,,,,,
,,,,,,,,,,,,,,,,,,,,,
,,,,,,,,,,,,,,,,,,,,,
,,,,,,,,,,,,,,,,,,,,,
,,,,,,,,,,,,,,,,,,,,,
,,,,,,,,,,,,,,,,,,,,,
,,,,,,,,,,,,,,,,,,,,,
,,,,,,,,,,,,,,,,,,,,,
,,,,,,,,,,,,,,,,,,,,,
,,,,,,,,,,,,,,,,,,,,,
,,,,,,,,,,,,,,,,,,,,,
,,,,,,,,,,,,,,,,,,,,,
,,,,,,,,,,,,,,,,,,,,,
,,,,,,,,,,,,,,,,,,,,,
,,,,,,,,,,,,,,,,,,,,,
,,,,,,,,,,,,,,,,,,,,,
,,,,,,,,,,,,,,,,,,,,,
,,,,,,,,,,,,,,,,,,,,,
,,,,,,,,,,,,,,,,,,,,,
,,,,,,,,,,,,,,,,,,,,,
,,,,,,,,,,,,,,,,,,,,,
,,,,,,,,,,,,,,,,,,,,,
,,,,,,,,,,,,,,,,,,,,,
,,,,,,,,,,,,,,,,,,,,,
,,,,,,,,,,,,,,,,,,,,,
,,,,,,,,,,,,,,,,,,,,,
,,,,,,,,,,,,,,,,,,,,,
,,,,,,,,,,,,,,,,,,,,,
,,,,,,,,,,,,,,,,,,,,,
,,,,,,,,,,,,,,,,,,,,,
,,,,,,,,,,,,,,,,,,,,,
,,,,,,,,,,,,,,,,,,,,,
,,,,,,,,,,,,,,,,,,,,,
,,,,,,,,,,,,,,,,,,,,,
,,,,,,,,,,,,,,,,,,,,,
,,,,,,,,,,,,,,,,,,,,,
,,,,,,,,,,,,,,,,,,,,,
,,,,,,,,,,,,,,,,,,,,,
,,,,,,,,,,,,,,,,,,,,,
,,,,,,,,,,,,,,,,,,,,,
,,,,,,,,,,,,,,,,,,,,,
,,,,,,,,,,,,,,,,,,,,,
,,,,,,,,,,,,,,,,,,,,,
,,,,,,,,,,,,,,,,,,,,,
,,,,,,,,,,,,,,,,,,,,,
,,,,,,,,,,,,,,,,,,,,,
,,,,,,,,,,,,,,,,,,,,,
,,,,,,,,,,,,,,,,,,,,,
,,,,,,,,,,,,,,,,,,,,,
,,,,,,,,,,,,,,,,,,,,,
,,,,,,,,,,,,,,,,,,,,,
,,,,,,,,,,,,,,,,,,,,,
,,,,,,,,,,,,,,,,,,,,,
,,,,,,,,,,,,,,,,,,,,,
,,,,,,,,,,,,,,,,,,,,,
,,,,,,,,,,,,,,,,,,,,,
,,,,,,,,,,,,,,,,,,,,,
,,,,,,,,,,,,,,,,,,,,,
,,,,,,,,,,,,,,,,,,,,,
,,,,,,,,,,,,,,,,,,,,,
,,,,,,,,,,,,,,,,,,,,,
,,,,,,,,,,,,,,,,,,,,,
,,,,,,,,,,,,,,,,,,,,,
,,,,,,,,,,,,,,,,,,,,,
,,,,,,,,,,,,,,,,,,,,,
,,,,,,,,,,,,,,,,,,,,,
,,,,,,,,,,,,,,,,,,,,,
,,,,,,,,,,,,,,,,,,,,,
,,,,,,,,,,,,,,,,,,,,,
,,,,,,,,,,,,,,,,,,,,,
,,,,,,,,,,,,,,,,,,,,,
,,,,,,,,,,,,,,,,,,,,,
,,,,,,,,,,,,,,,,,,,,,
,,,,,,,,,,,,,,,,,,,,,
,,,,,,,,,,,,,,,,,,,,,
,,,,,,,,,,,,,,,,,,,,,
,,,,,,,,,,,,,,,,,,,,,
,,,,,,,,,,,,,,,,,,,,,
,,,,,,,,,,,,,,,,,,,,,
,,,,,,,,,,,,,,,,,,,,,
,,,,,,,,,,,,,,,,,,,,,
,,,,,,,,,,,,,,,,,,,,,
,,,,,,,,,,,,,,,,,,,,,
,,,,,,,,,,,,,,,,,,,,,
,,,,,,,,,,,,,,,,,,,,,
,,,,,,,,,,,,,,,,,,,,,
,,,,,,,,,,,,,,,,,,,,,
,,,,,,,,,,,,,,,,,,,,,
,,,,,,,,,,,,,,,,,,,,,
,,,,,,,,,,,,,,,,,,,,,
,,,,,,,,,,,,,,,,,,,,,
,,,,,,,,,,,,,,,,,,,,,
,,,,,,,,,,,,,,,,,,,,,
,,,,,,,,,,,,,,,,,,,,,
,,,,,,,,,,,,,,,,,,,,,
,,,,,,,,,,,,,,,,,,,,,
,,,,,,,,,,,,,,,,,,,,,
Produce,Last 04 Wks,1.0,2021/01/31,2022/01/30,Total U.S.,Total Store with Perimeter,0.0,0.0,0.0,0.0,0.0,0.0,19920878365.0,19494189997.0,-0.0214,3.5718,3.9042,0.0931,71153824858.0,76110148890.0,0.0697
Produce,Last 04 Wks,1.0,2021/01/31,2022/01/30,Total U.S.,Produce Department,3313058947.0,3241480858.0,-0.0216,1.6978,1.8355,0.0811,2463539825.0,2400210531.0,-0.0257,2.2833,2.4789,0.0857,5624924320.0,5949805710.0,0.0578
Produce,Last 04 Wks,1.0,2021/01/31,2022/01/30,Total U.S.,Vegetable Aisle,1638973842.0,1593138221.0,-0.028,1.8203,1.888,0.0372,1399323738.0,1343971475.0,-0.0396,2.132,2.238,0.0497,2983380208.0,3007805303.0,0.0082
Produce,Last 04 Wks,1.0,2021/01/31,2022/01/30,Total U.S.,Fruit Aisle,1644392615.0,1619074547.0,-0.0154,1.5524,1.7604,0.134,1008258678.0,999955338.1,-0.0082,2.5318,2.8503,0.1258,2552725898.0,2850196971.0,0.1165
Produce,Last 04 Wks,1.0,2021/01/31,2022/01/30,Total U.S.,Blackberries,9613482.315,10799232.16,0.1233,6.5588,6.9485,0.0594,21511594.64,23642596.7,0.0991,2.9311,3.1739,0.0828,63052551.38,75039003.7,0.1901
Produce,Last 04 Wks,1.0,2021/01/31,2022/01/30,Total U.S.,Blueberries,42620129.93,37093643.27,-0.1297,4.2229,4.8749,0.1544,55780887.28,47943942.98,-0.1405,3.2266,3.7717,0.1689,179981941.7,180828779.0,0.0047
Produce,Last 04 Wks,1.0,2021/01/31,2022/01/30,Total U.S.,Raspberries,13024134.32,13118126.89,0.0072,7.3833,8.0968,0.0966,29685725.77,29477129.5,-0.007,3.2393,3.6033,0.1124,96161125.03,106215093.6,0.1046
Produce,Last 04 Wks,1.0,2021/01/31,2022/01/30,Total U.S.,Strawberries,77409048.31,90526819.83,0.1695,3.293,3.5164,0.0679,70335752.99,81370347.14,0.1569,3.6241,3.9121,0.0795,254904609.2,318330209.9,0.2488
Produce,Last 04 Wks,1.0,2021/01/31,2022/01/30,Total U.S.,Apples,221042629.5,215463691.2,-0.0252,1.6446,1.8368,0.1169,103935417.6,102359631.0,-0.0152,3.4975,3.8663,0.1054,363517451.6,395755979.0,0.0887
Produce,Last 04 Wks,1.0,2021/01/31,2022/01/30,Total U.S.,Apricots,187780.4466,100143.9586,-0.4667,3.3362,3.9779,0.1923,167121.3188,97999.5486,-0.4136,3.7486,4.0649,0.0844,626473.6832,398362.1477,-0.3641
Produce,Last 04 Wks,1.0,2021/01/31,2022/01/30,Total U.S.,Avocados,98966412.91,86757932.72,-0.1234,1.9907,2.6041,0.3081,124320632.8,105675105.7,-0.15,1.5847,2.1379,0.349,197016931.6,225923266.5,0.1467
Produce,Last 04 Wks,1.0,2021/01/31,2022/01/30,Total U.S.,Bananas,487614943.7,470053381.9,-0.036,0.5526,0.5735,0.0378,249000167.8,248892839.7,-0.0004,1.0822,1.0831,0.0009,269467742.3,269586328.0,0.0004
Produce,Last 04 Wks,1.0,2021/01/31,2022/01/30,Total U.S.,Cherries,4434858.932,7534298.571,0.6989,4.5956,4.5755,-0.0044,3693124.339,6292961.45,0.704,5.5186,5.4781,-0.0073,20380841.58,34473340.87,0.6915
Produce,Last 04 Wks,1.0,2021/01/31,2022/01/30,Total U.S.,Coconuts,674172.1725,679061.5525,0.0073,2.0707,2.242,0.0827,555462.1404,555246.8225,-0.0004,2.5133,2.742,0.091,1396026.407,1522467.511,0.0906
Produce,Last 04 Wks,1.0,2021/01/31,2022/01/30,Total U.S.,Dates,5010.8708,6129.1062,0.2232,8.0556,8.18,0.0154,7756.4402,9425.8255,0.2152,5.2041,5.319,0.0221,40365.385,50135.9086,0.2421
Produce,Last 04 Wks,1.0,2021/01/31,2022/01/30,Total U.S.,Grapefruit,22858803.65,18354515.04,-0.197,1.1649,1.3949,0.1974,8950925.973,7256784.986,-0.1893,2.975,3.5281,0.1859,26628685.88,25602540.53,-0.0385
Produce,Last 04 Wks,1.0,2021/01/31,2022/01/30,Total U.S.,Grapes,131285951.2,120208073.6,-0.0844,2.0446,2.3167,0.1331,70202304.85,62492370.24,-0.1098,3.8237,4.4563,0.1655,268430636.4,278486819.1,0.0375
Produce,Last 04 Wks,1.0,2021/01/31,2022/01/30,Total U.S.,Kiwi,8347735.706,8577573.804,0.0275,2.313,2.6025,0.1251,7121915.144,6739157.291,-0.0537,2.7112,3.3124,0.2218,19308662.8,22322736.96,0.1561
Produce,Last 04 Wks,1.0,2021/01/31,2022/01/30,Total U.S.,Lemons,35582973.43,37331374.68,0.0491,1.8903,1.9771,0.0459,38962404.54,40666508.89,0.0437,1.7263,1.815,0.0513,67262310.62,73808730.06,0.0973
Produce,Last 04 Wks,1.0,2021/01/31,2022/01/30,Total U.S.,Limes,29180045.52,28537349.44,-0.022,1.5635,1.9171,0.2262,33529008.45,33954321.67,0.0127,1.3607,1.6113,0.1842,45622690.2,54709906.76,0.1992
Produce,Last 04 Wks,1.0,2021/01/31,2022/01/30,Total U.S.,Mangoes,16113698.82,18053125.7,0.1204,1.7502,1.8313,0.0463,15751163.54,17617949.37,0.1185,1.7905,1.8765,0.0481,28201880.48,33060343.93,0.1723
Produce,Last 04 Wks,1.0,2021/01/31,2022/01/30,Total U.S.,Melons,76077758.43,95444953.85,0.2546,1.3406,1.4583,0.0878,25546242.08,33959430.86,0.3293,3.9922,4.0987,0.0267,101986805.6,139189147.2,0.3648
Produce,Last 04 Wks,1.0,2021/01/31,2022/01/30,Total U.S.,Nectarines,1930878.696,2012918.837,0.0425,2.5927,2.548,-0.0172,1376183.462,1367883.898,-0.006,3.6377,3.7496,0.0308,5006182.585,5129017.135,0.0245
Produce,Last 04 Wks,1.0,2021/01/31,2022/01/30,Total U.S.,Oranges,117560933.3,123347193.5,0.0492,1.1683,1.302,0.1145,41824699.26,43883321.66,0.0492,3.2838,3.6597,0.1145,137342131.9,160601523.3,0.1694
Produce,Last 04 Wks,1.0,2021/01/31,2022/01/30,Total U.S.,Other,2505039.394,3139862.294,0.2534,3.8326,4.0756,0.0634,2669932.199,3437878.935,0.2876,3.5959,3.7223,0.0352,9600709.144,12796814.8,0.3329
Produce,Last 04 Wks,1.0,2021/01/31,2022/01/30,Total U.S.,Papaya,6027446.782,6251004.603,0.0371,1.3945,1.324,-0.0506,2645345.761,2894398.016,0.0941,3.1774,2.8594,-0.1001,8405329.864,8276225.941,-0.0154
Produce,Last 04 Wks,1.0,2021/01/31,2022/01/30,Total U.S.,Peaches,2679236.571,2074697.507,-0.2256,2.6595,2.8304,0.0643,1941327.168,1520365.044,-0.2168,3.6703,3.8624,0.0523,7125345.372,5872198.825,-0.1759
Produce,Last 04 Wks,1.0,2021/01/31,2022/01/30,Total U.S.,Pears,28100361.14,28952066.36,0.0303,1.6564,1.7677,0.0672,15708013.83,16423857.27,0.0456,2.9632,3.1161,0.0516,46545454.29,51178195.45,0.0995
Produce,Last 04 Wks,1.0,2021/01/31,2022/01/30,Total U.S.,Pineapple,55193343.52,54740604.4,-0.0082,1.1093,1.2877,0.1609,20391402.36,21784761.48,0.0683,3.0025,3.2358,0.0777,61224999.91,70490397.6,0.1513
Produce,Last 04 Wks,1.0,2021/01/31,2022/01/30,Total U.S.,Plums,814902.5058,66659.6659,-0.9182,2.9307,3.2619,0.113,718901.7373,71159.8544,-0.901,3.3221,3.0556,-0.0802,2388237.16,217438.3831,-0.909
Produce,Last 04 Wks,1.0,2021/01/31,2022/01/30,Total U.S.,Pomegranates,3619379.794,2741084.697,-0.2427,3.6359,5.1722,0.4225,4072387.428,3720265.019,-0.0865,3.2314,3.8108,0.1793,13159607.22,14177353.98,0.0773
Produce,Last 04 Wks,1.0,2021/01/31,2022/01/30,Total U.S.,Rhubarb,0.0,20.0,0.0,0.0,0.1415,0.0,0.0,1.0,0.0,0.0,2.83,0.0,0.0,2.83,0.0
Produce,Last 04 Wks,1.0,2021/01/31,2022/01/30,Total U.S.,Tangelos,1620751.507,1064700.701,-0.3431,1.3903,1.4479,0.0414,1035297.082,723534.7462,-0.3011,2.1765,2.1306,-0.0211,2253297.124,1541535.291,-0.3159
Produce,Last 04 Wks,1.0,2021/01/31,2022/01/30,Total U.S.,Tangerines,133517697.5,118398960.5,-0.1132,1.4005,1.6691,0.1918,43047521.55,38932011.15,-0.0956,4.3437,5.0761,0.1686,186985684.2,197620876.7,0.0569
Produce,Last 04 Wks,1.0,2021/01/31,2022/01/30,Total U.S.,Variety,13389684.77,14770732.09,0.1031,4.1914,4.5975,0.0969,11205839.16,12757795.16,0.1385,5.0083,5.3229,0.0628,56121981.99,67907899.76,0.21
Produce,Last 04 Wks,2.0,2021/02/28,2022/02/27,Total U.S.,Total Store with Perimeter,0.0,0.0,0.0,0.0,0.0,0.0,19886664181.0,19273597144.0,-0.0308,3.6121,3.993,0.1054,71833574036.0,76959804848.0,0.0714
Produce,Last 04 Wks,2.0,2021/02/28,2022/02/27,Total U.S.,Produce Department,3300455891.0,3180589409.0,-0.0363,1.707,1.8831,0.1032,2438750160.0,2360758690.0,-0.032,2.3101,2.537,0.0982,5633769140.0,5989272591.0,0.0631
Produce,Last 04 Wks,2.0,2021/02/28,2022/02/27,Total U.S.,Vegetable Aisle,1601746114.0,1520951337.0,-0.0504,1.8149,1.9109,0.0529,1367262903.0,1290292117.0,-0.0563,2.1262,2.2525,0.0594,2907058521.0,2906422716.0,-0.0002
Produce,Last 04 Wks,2.0,2021/02/28,2022/02/27,Total U.S.,Fruit Aisle,1669103681.0,1629569502.0,-0.0237,1.5781,1.8323,0.1611,1015659070.0,1014046132.0,-0.0016,2.5934,2.9445,0.1354,2634011978.0,2985827511.0,0.1336
Produce,Last 04 Wks,2.0,2021/02/28,2022/02/27,Total U.S.,Blackberries,7721100.41,9658214.585,0.2509,7.213,7.2397,0.0037,16835812.43,20830277.38,0.2373,3.308,3.3568,0.0148,55692616.33,69923033.05,0.2555
Produce,Last 04 Wks,2.0,2021/02/28,2022/02/27,Total U.S.,Blueberries,37552582.59,40017808.08,0.0656,4.93,5.0448,0.0233,48898181.39,51879751.36,0.061,3.7861,3.8913,0.0278,185132489.9,201881121.6,0.0905
Produce,Last 04 Wks,2.0,2021/02/28,2022/02/27,Total U.S.,Raspberries,10504627.37,13348579.58,0.2707,8.4782,8.5274,0.0058,23363291.32,29854258.11,0.2778,3.812,3.8128,0.0002,89060450.73,113828414.2,0.2781
Produce,Last 04 Wks,2.0,2021/02/28,2022/02/27,Total U.S.,Strawberries,98236291.18,114558194.6,0.1661,3.3178,3.4613,0.0433,89903143.91,102588704.0,0.1411,3.6253,3.8652,0.0662,325929881.4,396524579.4,0.2166
Produce,Last 04 Wks,2.0,2021/02/28,2022/02/27,Total U.S.,Apples,207509636.4,200223046.0,-0.0351,1.7012,1.9092,0.1223,97867882.86,95097213.22,-0.0283,3.6071,4.0197,0.1144,353016639.0,382265367.4,0.0829
Produce,Last 04 Wks,2.0,2021/02/28,2022/02/27,Total U.S.,Apricots,33776.8466,39525.2387,0.1702,4.0581,4.033,-0.0062,42966.8997,46304.5084,0.0777,3.1902,3.4425,0.0791,137071.3949,159403.4459,0.1629
Produce,Last 04 Wks,2.0,2021/02/28,2022/02/27,Total U.S.,Avocados,101638112.1,92634623.34,-0.0886,1.929,2.6406,0.3689,129837461.9,114684699.6,-0.1167,1.51,2.1329,0.4125,196057121.2,244613300.5,0.2477
Produce,Last 04 Wks,2.0,2021/02/28,2022/02/27,Total U.S.,Bananas,487558659.9,466581284.9,-0.043,0.5489,0.574,0.0456,248786987.0,246806269.5,-0.008,1.0757,1.085,0.0087,267621327.6,267795606.8,0.0007
Produce,Last 04 Wks,2.0,2021/02/28,2022/02/27,Total U.S.,Cherries,2256183.378,4357492.354,0.9314,5.4426,5.052,-0.0718,1908403.864,3682190.549,0.9295,6.4345,5.9785,-0.0709,12279575.15,22013993.92,0.7927
Produce,Last 04 Wks,2.0,2021/02/28,2022/02/27,Total U.S.,Coconuts,720282.0047,756957.3273,0.0509,2.0905,2.1426,0.0249,596543.1158,613866.9402,0.029,2.5241,2.642,0.0467,1505748.551,1621828.775,0.0771
Produce,Last 04 Wks,2.0,2021/02/28,2022/02/27,Total U.S.,Dates,4965.5008,5087.1899,0.0245,8.0117,8.3937,0.0477,7711.2635,7619.29,-0.0119,5.1589,5.6043,0.0863,39782.0059,42700.5515,0.0734
Produce,Last 04 Wks,2.0,2021/02/28,2022/02/27,Total U.S.,Grapefruit,20758238.67,15692758.79,-0.244,1.1584,1.4388,0.242,7926227.14,6101102.285,-0.2303,3.0338,3.7008,0.2198,24046968.44,22578670.36,-0.0611
Produce,Last 04 Wks,2.0,2021/02/28,2022/02/27,Total U.S.,Grapes,140197029.0,129107828.4,-0.0791,1.9591,2.3581,0.2037,73498518.39,66067911.82,-0.1011,3.737,4.6081,0.2331,274660597.2,304448298.6,0.1085
Produce,Last 04 Wks,2.0,2021/02/28,2022/02/27,Total U.S.,Kiwi,6986261.937,7267075.767,0.0402,2.3664,2.6626,0.1251,6069933.621,5693624.159,-0.062,2.7237,3.3984,0.2477,16532527.5,19349052.14,0.1704
Produce,Last 04 Wks,2.0,2021/02/28,2022/02/27,Total U.S.,Lemons,35049014.27,33946699.17,-0.0315,1.9069,2.0316,0.0654,38505835.72,36901372.66,-0.0417,1.7357,1.869,0.0768,66834464.09,68967576.4,0.0319
Produce,Last 04 Wks,2.0,2021/02/28,2022/02/27,Total U.S.,Limes,29185541.76,26900528.32,-0.0783,1.6447,2.4402,0.4837,33345963.86,32562242.11,-0.0235,1.4395,2.0159,0.4005,48000657.12,65643168.91,0.3675
Produce,Last 04 Wks,2.0,2021/02/28,2022/02/27,Total U.S.,Mangoes,17525774.78,19375483.38,0.1055,1.8058,1.8769,0.0394,16403795.49,17536151.11,0.069,1.9293,2.0738,0.0749,31647506.33,36366514.96,0.1491
Produce,Last 04 Wks,2.0,2021/02/28,2022/02/27,Total U.S.,Melons,86311011.55,102990537.3,0.1932,1.2897,1.4187,0.1001,27315889.21,34361010.56,0.2579,4.075,4.2522,0.0435,111311235.0,146111106.2,0.3126
Produce,Last 04 Wks,2.0,2021/02/28,2022/02/27,Total U.S.,Nectarines,4639852.419,4921826.364,0.0608,2.2597,2.4599,0.0886,3018326.577,3262007.884,0.0807,3.4736,3.7116,0.0685,10484593.75,12107303.67,0.1548
Produce,Last 04 Wks,2.0,2021/02/28,2022/02/27,Total U.S.,Oranges,108113770.6,108577172.9,0.0043,1.2037,1.3916,0.1561,39000239.42,39785873.49,0.0201,3.3369,3.7977,0.1381,130140007.2,151095442.8,0.161
Produce,Last 04 Wks,2.0,2021/02/28,2022/02/27,Total U.S.,Other,2382764.897,2860150.816,0.2003,4.0271,4.2904,0.0654,2590888.483,3161230.631,0.2201,3.7036,3.8818,0.0481,9595648.232,12271310.48,0.2788
Produce,Last 04 Wks,2.0,2021/02/28,2022/02/27,Total U.S.,Papaya,6807319.639,6932447.349,0.0184,1.3197,1.3299,0.0077,2986368.713,3285372.831,0.1001,3.0082,2.8062,-0.0671,8983470.807,9219344.429,0.0263
Produce,Last 04 Wks,2.0,2021/02/28,2022/02/27,Total U.S.,Peaches,4502777.979,3471860.677,-0.229,2.6127,2.7692,0.0599,3246004.632,2513182.594,-0.2258,3.6243,3.8255,0.0555,11764358.16,9614166.8,-0.1828
Produce,Last 04 Wks,2.0,2021/02/28,2022/02/27,Total U.S.,Pears,25710457.15,25943226.28,0.0091,1.6639,1.7795,0.0695,14189429.07,14542489.52,0.0249,3.0149,3.1745,0.0529,42779277.3,46164958.94,0.0791
Produce,Last 04 Wks,2.0,2021/02/28,2022/02/27,Total U.S.,Pineapple,55558471.46,54158244.36,-0.0252,1.1601,1.3325,0.1486,21738993.83,21698604.53,-0.0019,2.9648,3.3258,0.1218,64451256.16,72165237.4,0.1197
Produce,Last 04 Wks,2.0,2021/02/28,2022/02/27,Total U.S.,Plums,3790755.223,1044994.36,-0.7243,2.4387,3.2481,0.3319,3054354.55,995836.3319,-0.674,3.0267,3.4085,0.1261,9244533.552,3394291.014,-0.6328
Produce,Last 04 Wks,2.0,2021/02/28,2022/02/27,Total U.S.,Pomegranates,1075344.29,485347.3578,-0.5487,5.4873,8.8804,0.6184,1538770.017,921306.068,-0.4013,3.8347,4.6783,0.22,5900716.846,4310102.475,-0.2696
Produce,Last 04 Wks,2.0,2021/02/28,2022/02/27,Total U.S.,Tangelos,2414245.671,2387589.643,-0.011,1.4995,1.5,0.0004,1691294.762,1636245.195,-0.0325,2.1404,2.1888,0.0226,3620046.587,3581332.711,-0.0107
Produce,Last 04 Wks,2.0,2021/02/28,2022/02/27,Total U.S.,Tangerines,148095647.5,122257466.1,-0.1745,1.3837,1.6611,0.2005,47621576.62,39719287.52,-0.1659,4.303,5.1129,0.1882,204913908.3,203079708.5,-0.009
Produce,Last 04 Wks,2.0,2021/02/28,2022/02/27,Total U.S.,Variety,13936449.12,15806052.05,0.1342,4.2838,4.626,0.0799,11548626.32,13434968.45,0.1633,5.1695,5.4424,0.0528,59700809.04,73118216.36,0.2247
Produce,Last 04 Wks,3.0,2021/03/28,2022/03/27,Total U.S.,Total Store with Perimeter,0.0,0.0,0.0,0.0,0.0,0.0,19638078243.0,19010021133.0,-0.032,3.6808,4.037,0.0968,72284212631.0,76743076528.0,0.0617
Produce,Last 04 Wks,3.0,2021/03/28,2022/03/27,Total U.S.,Produce Department,3322915610.0,3248051785.0,-0.0225,1.6945,1.8572,0.096,2433036586.0,2372805953.0,-0.0248,2.3143,2.5423,0.0985,5630763711.0,6032361685.0,0.0713
Produce,Last 04 Wks,3.0,2021/03/28,2022/03/27,Total U.S.,Vegetable Aisle,1585899676.0,1549322583.0,-0.0231,1.7991,1.9093,0.0612,1349754168.0,1296157308.0,-0.0397,2.1139,2.2823,0.0796,2853270941.0,2958190530.0,0.0368
Produce,Last 04 Wks,3.0,2021/03/28,2022/03/27,Total U.S.,Fruit Aisle,1708995459.0,1670286149.0,-0.0227,1.5744,1.7863,0.1346,1030246756.0,1023165737.0,-0.0069,2.6116,2.9161,0.1166,2690566145.0,2983670174.0,0.1089
Produce,Last 04 Wks,3.0,2021/03/28,2022/03/27,Total U.S.,Blackberries,7341261.826,10407156.56,0.4176,7.7959,7.208,-0.0754,16248074.93,22442541.65,0.3812,3.5224,3.3425,-0.0511,57231964.85,75014929.34,0.3107
Produce,Last 04 Wks,3.0,2021/03/28,2022/03/27,Total U.S.,Blueberries,35723577.86,36934918.67,0.0339,5.4472,5.4076,-0.0073,48286070.94,48942837.34,0.0136,4.03,4.0809,0.0126,194593481.8,199728404.3,0.0264
Produce,Last 04 Wks,3.0,2021/03/28,2022/03/27,Total U.S.,Raspberries,12222528.4,13586657.51,0.1116,8.319,8.3851,0.0079,27107886.46,30319934.0,0.1185,3.7509,3.7574,0.0017,101679793.1,113925496.7,0.1204
Produce,Last 04 Wks,3.0,2021/03/28,2022/03/27,Total U.S.,Strawberries,114018595.0,123012369.8,0.0789,2.7773,2.8375,0.0217,99913367.2,107562290.0,0.0766,3.1694,3.2451,0.0239,316663308.7,349051902.7,0.1023
Produce,Last 04 Wks,3.0,2021/03/28,2022/03/27,Total U.S.,Apples,201646927.9,197974253.1,-0.0182,1.7081,1.9388,0.1351,95197122.42,93589140.76,-0.0169,3.618,4.1013,0.1336,344424972.1,383838418.1,0.1144
Produce,Last 04 Wks,3.0,2021/03/28,2022/03/27,Total U.S.,Apricots,31922.336,26332.1075,-0.1751,4.1179,4.4435,0.0791,41246.1698,34040.9118,-0.1747,3.1871,3.4373,0.0785,131454.5755,117007.6587,-0.1099
Produce,Last 04 Wks,3.0,2021/03/28,2022/03/27,Total U.S.,Avocados,94154817.78,79444580.77,-0.1562,2.1569,2.9378,0.362,116285279.3,96339633.89,-0.1715,1.7464,2.4226,0.3871,203086310.6,233389639.1,0.1492
Produce,Last 04 Wks,3.0,2021/03/28,2022/03/27,Total U.S.,Bananas,490554099.0,476364273.6,-0.0289,0.5481,0.5751,0.0493,251170841.8,252218720.3,0.0042,1.0705,1.0863,0.0147,268882604.1,273975366.5,0.0189
Produce,Last 04 Wks,3.0,2021/03/28,2022/03/27,Total U.S.,Cherries,1220826.351,1839532.988,0.5068,5.4828,5.3976,-0.0155,1045901.22,1575732.063,0.5066,6.3997,6.3012,-0.0154,6693498.72,9929041.158,0.4834
Produce,Last 04 Wks,3.0,2021/03/28,2022/03/27,Total U.S.,Coconuts,781709.8972,741220.1565,-0.0518,2.0989,2.2504,0.0721,644562.3921,603968.4131,-0.063,2.5455,2.7618,0.0849,1640762.855,1668026.614,0.0166
Produce,Last 04 Wks,3.0,2021/03/28,2022/03/27,Total U.S.,Dates,5038.1942,5753.0079,0.1419,8.0101,8.5782,0.0709,7914.1257,8593.6508,0.0859,5.0993,5.7427,0.1262,40356.4687,49350.731,0.2229
Produce,Last 04 Wks,3.0,2021/03/28,2022/03/27,Total U.S.,Grapefruit,13628407.65,14333462.47,0.0517,1.2936,1.3989,0.0814,6174808.238,5625111.286,-0.089,2.8551,3.5645,0.2485,17629644.9,20050720.47,0.1373
Produce,Last 04 Wks,3.0,2021/03/28,2022/03/27,Total U.S.,Grapes,135070407.4,141477206.1,0.0474,2.0338,2.1928,0.0781,71476979.86,74117170.08,0.0369,3.8433,4.1856,0.0891,274709244.9,310226232.9,0.1293
Produce,Last 04 Wks,3.0,2021/03/28,2022/03/27,Total U.S.,Kiwi,7049362.701,7295377.503,0.0349,2.3436,2.6135,0.1152,6173509.232,5717173.097,-0.0739,2.6761,3.335,0.2462,16520971.09,19066626.49,0.1541
Produce,Last 04 Wks,3.0,2021/03/28,2022/03/27,Total U.S.,Lemons,37157859.56,36867974.32,-0.0078,1.8791,1.986,0.0569,40045899.83,38855503.98,-0.0297,1.7436,1.8845,0.0808,69824443.15,73221380.3,0.0486
Produce,Last 04 Wks,3.0,2021/03/28,2022/03/27,Total U.S.,Limes,28670241.65,25821685.88,-0.0994,1.8585,2.7338,0.471,33487309.84,31487196.89,-0.0597,1.5912,2.2419,0.409,53283898.66,70590920.19,0.3248
Produce,Last 04 Wks,3.0,2021/03/28,2022/03/27,Total U.S.,Mangoes,25048479.85,25502799.73,0.0181,1.577,1.7778,0.1273,22017594.79,22072203.1,0.0025,1.7941,2.0541,0.1449,39502479.79,45338068.78,0.1477
Produce,Last 04 Wks,3.0,2021/03/28,2022/03/27,Total U.S.,Melons,121024743.7,123297052.1,0.0188,1.1673,1.3752,0.1781,36946279.18,39748493.36,0.0758,3.8236,4.2656,0.1156,141266627.6,169552330.5,0.2002
Produce,Last 04 Wks,3.0,2021/03/28,2022/03/27,Total U.S.,Nectarines,5320781.596,5611463.052,0.0546,2.1006,2.3063,0.0979,3569134.858,3881115.073,0.0874,3.1316,3.3345,0.0648,11176927.99,12941551.64,0.1579
Produce,Last 04 Wks,3.0,2021/03/28,2022/03/27,Total U.S.,Oranges,103785820.0,105192948.2,0.0136,1.1889,1.4183,0.193,37424118.46,38761753.28,0.0357,3.2971,3.849,0.1674,123389900.5,149194777.2,0.2091
Produce,Last 04 Wks,3.0,2021/03/28,2022/03/27,Total U.S.,Other,2610612.217,2680781.151,0.0269,3.9327,4.4845,0.1403,2583971.915,2788240.805,0.0791,3.9733,4.3117,0.0852,10266823.96,12022018.16,0.171
Produce,Last 04 Wks,3.0,2021/03/28,2022/03/27,Total U.S.,Papaya,7707005.631,8837442.383,0.1467,1.2663,1.2509,-0.0122,3402525.283,4122965.364,0.2117,2.8683,2.6813,-0.0652,9759353.521,11054822.57,0.1327
Produce,Last 04 Wks,3.0,2021/03/28,2022/03/27,Total U.S.,Peaches,5280060.54,4399527.368,-0.1668,2.3963,2.417,0.0086,3788601.675,3124727.236,-0.1752,3.3397,3.403,0.019,12652684.44,10633573.01,-0.1596
Produce,Last 04 Wks,3.0,2021/03/28,2022/03/27,Total U.S.,Pears,23298056.92,24480590.01,0.0508,1.6848,1.7728,0.0523,12911215.45,13738707.85,0.0641,3.0401,3.1589,0.0391,39251691.41,43399542.66,0.1057
Produce,Last 04 Wks,3.0,2021/03/28,2022/03/27,Total U.S.,Pineapple,62416693.08,61130666.02,-0.0206,1.1311,1.2784,0.1302,23422934.69,24086788.03,0.0283,3.0141,3.2444,0.0764,70599729.23,78147252.45,0.1069
Produce,Last 04 Wks,3.0,2021/03/28,2022/03/27,Total U.S.,Plums,6557772.909,3491543.367,-0.4676,2.223,2.8256,0.2711,4984204.299,2910790.891,-0.416,2.9248,3.3894,0.1588,14577970.71,9865859.689,-0.3232
Produce,Last 04 Wks,3.0,2021/03/28,2022/03/27,Total U.S.,Pomegranates,527526.8411,391455.2198,-0.2579,8.5965,7.7866,-0.0942,1041827.612,740698.1123,-0.289,4.3528,4.1152,-0.0546,4534859.75,3048118.623,-0.3278
Produce,Last 04 Wks,3.0,2021/03/28,2022/03/27,Total U.S.,Rhubarb,0.0,40.0,0.0,0.0,0.1408,0.0,0.0,2.0,0.0,0.0,2.815,0.0,0.0,5.63,0.0
Produce,Last 04 Wks,3.0,2021/03/28,2022/03/27,Total U.S.,Tangelos,2484895.493,2142640.913,-0.1377,1.4692,1.79,0.2183,1730556.494,1559173.998,-0.099,2.1096,2.4598,0.166,3650867.409,3835228.387,0.0505
Produce,Last 04 Wks,3.0,2021/03/28,2022/03/27,Total U.S.,Tangerines,145403936.3,117252129.0,-0.1936,1.3816,1.719,0.2442,47236348.04,38069096.9,-0.1941,4.2528,5.2945,0.2449,200888518.1,201557622.2,0.0033
Produce,Last 04 Wks,3.0,2021/03/28,2022/03/27,Total U.S.,Variety,15795775.12,16340538.36,0.0345,4.2569,4.6231,0.086,13168761.38,13858130.08,0.0523,5.1061,5.4512,0.0676,67240358.14,75543614.26,0.1235
Produce,Last 04 Wks,4.0,2021/04/25,2022/04/24,Total U.S.,Total Store with Perimeter,0.0,0.0,0.0,0.0,0.0,0.0,19736250555.0,19232363551.0,-0.0255,3.7171,4.0826,0.0983,73361409076.0,78518162265.0,0.0703
Produce,Last 04 Wks,4.0,2021/04/25,2022/04/24,Total U.S.,Produce Department,3396470730.0,3306663335.0,-0.0264,1.7017,1.8647,0.0958,2453485782.0,2403485886.0,-0.0204,2.3558,2.5654,0.089,5779892289.0,6165931689.0,0.0668
Produce,Last 04 Wks,4.0,2021/04/25,2022/04/24,Total U.S.,Vegetable Aisle,1584420734.0,1557253221.0,-0.0171,1.8286,1.9422,0.0621,1368841766.0,1318509670.0,-0.0368,2.1166,2.2939,0.0838,2897291747.0,3024513422.0,0.0439
Produce,Last 04 Wks,4.0,2021/04/25,2022/04/24,Total U.S.,Fruit Aisle,1783866230.0,1720383298.0,-0.0356,1.5638,1.7677,0.1303,1031753043.0,1028448390.0,-0.0032,2.7038,2.957,0.0936,2789675988.0,3041086431.0,0.0901
Produce,Last 04 Wks,4.0,2021/04/25,2022/04/24,Total U.S.,Blackberries,8153814.267,10421174.01,0.2781,7.8238,7.219,-0.0773,17551289.52,22575549.24,0.2863,3.6347,3.3324,-0.0832,63793941.52,75230430.71,0.1793
Produce,Last 04 Wks,4.0,2021/04/25,2022/04/24,Total U.S.,Blueberries,32756491.88,35029302.34,0.0694,5.9997,6.2127,0.0355,47479738.48,48171210.44,0.0146,4.1392,4.5178,0.0915,196528270.7,217627732.8,0.1074
Produce,Last 04 Wks,4.0,2021/04/25,2022/04/24,Total U.S.,Raspberries,12454736.57,13346163.98,0.0716,8.181,8.6822,0.0613,27573201.15,29951877.76,0.0863,3.6954,3.8687,0.0469,101892760.0,115873521.3,0.1372
Produce,Last 04 Wks,4.0,2021/04/25,2022/04/24,Total U.S.,Strawberries,111655269.9,115527352.7,0.0347,2.9377,3.0742,0.0465,96413683.86,99367432.98,0.0306,3.4021,3.5742,0.0506,328010005.5,355158327.9,0.0828
Produce,Last 04 Wks,4.0,2021/04/25,2022/04/24,Total U.S.,Apples,193405098.3,192601806.0,-0.0042,1.7541,1.9418,0.107,91679002.43,91122312.13,-0.0061,3.7005,4.1042,0.1091,339255673.9,373987080.1,0.1024
Produce,Last 04 Wks,4.0,2021/04/25,2022/04/24,Total U.S.,Apricots,27159.1694,25398.9972,-0.0648,4.1522,4.5483,0.0954,34927.1149,32906.1271,-0.0579,3.2288,3.5107,0.0873,112771.3545,115521.9083,0.0244
Produce,Last 04 Wks,4.0,2021/04/25,2022/04/24,Total U.S.,Avocados,87785069.69,81158722.93,-0.0755,2.4847,3.0064,0.21,105223531.2,97529179.02,-0.0731,2.0729,2.5018,0.2069,218119165.1,243997059.3,0.1186
Produce,Last 04 Wks,4.0,2021/04/25,2022/04/24,Total U.S.,Bananas,490462193.4,476803962.2,-0.0278,0.5475,0.5804,0.0602,251974371.2,252579775.0,0.0024,1.0657,1.0957,0.0282,268517769.0,276752451.5,0.0307
Produce,Last 04 Wks,4.0,2021/04/25,2022/04/24,Total U.S.,Cherries,53735.3833,384197.2804,6.1498,5.6047,5.2126,-0.07,60101.9306,337967.5043,4.6232,5.011,5.9256,0.1825,301171.8193,2002662.631,5.6496
Produce,Last 04 Wks,4.0,2021/04/25,2022/04/24,Total U.S.,Coconuts,834496.8126,851964.9181,0.0209,2.1109,2.1983,0.0414,685641.6206,687609.0955,0.0029,2.5692,2.7237,0.0601,1761558.445,1872838.33,0.0632
Produce,Last 04 Wks,4.0,2021/04/25,2022/04/24,Total U.S.,Dates,5578.7451,6456.5848,0.1574,7.9503,8.5554,0.0761,8695.4923,9766.5694,0.1232,5.1006,5.6559,0.1089,44352.6135,55238.3919,0.2454
Produce,Last 04 Wks,4.0,2021/04/25,2022/04/24,Total U.S.,Grapefruit,11228590.57,11766694.87,0.0479,1.3787,1.4783,0.0722,5363903.793,5013318.035,-0.0654,2.8861,3.4696,0.2022,15480664.18,17394339.96,0.1236
Produce,Last 04 Wks,4.0,2021/04/25,2022/04/24,Total U.S.,Grapes,136486044.9,149372977.7,0.0944,2.0489,2.0379,-0.0054,71195693.39,74627135.2,0.0482,3.9278,4.0789,0.0385,279645677.9,304399981.1,0.0885
Produce,Last 04 Wks,4.0,2021/04/25,2022/04/24,Total U.S.,Kiwi,7076015.172,6602871.212,-0.0669,2.4632,2.7163,0.1027,6635504.968,5683288.108,-0.1435,2.6268,3.1558,0.2014,17429855.38,17935140.51,0.029
Produce,Last 04 Wks,4.0,2021/04/25,2022/04/24,Total U.S.,Lemons,39130590.69,38913631.38,-0.0055,1.8921,2.0221,0.0687,42376136.15,41674413.34,-0.0166,1.7472,1.8882,0.0807,74037770.5,78688123.64,0.0628
Produce,Last 04 Wks,4.0,2021/04/25,2022/04/24,Total U.S.,Limes,30203735.02,27010723.92,-0.1057,2.0186,2.8398,0.4068,34963128.89,33237972.64,-0.0493,1.7439,2.3077,0.3233,60970638.83,76704127.61,0.2581
Produce,Last 04 Wks,4.0,2021/04/25,2022/04/24,Total U.S.,Mangoes,28527281.94,30326793.09,0.0631,1.4751,1.7288,0.1719,25372420.73,27151288.28,0.0701,1.6586,1.931,0.1642,42081842.94,52428432.55,0.2459
Produce,Last 04 Wks,4.0,2021/04/25,2022/04/24,Total U.S.,Melons,199446172.6,174102977.6,-0.1271,1.0015,1.2368,0.235,50039423.32,50023580.89,-0.0003,3.9917,4.3046,0.0784,199741990.7,215331438.7,0.078
Produce,Last 04 Wks,4.0,2021/04/25,2022/04/24,Total U.S.,Nectarines,1828080.121,2352632.994,0.2869,2.3451,2.3765,0.0134,1357141.536,1725336.604,0.2713,3.1589,3.2406,0.0259,4287079.685,5591088.873,0.3042
Produce,Last 04 Wks,4.0,2021/04/25,2022/04/24,Total U.S.,Oranges,98958823.82,95567889.65,-0.0343,1.2153,1.4375,0.1828,35656776.47,35696170.27,0.0011,3.3729,3.8485,0.141,120266109.5,137375449.1,0.1423
Produce,Last 04 Wks,4.0,2021/04/25,2022/04/24,Total U.S.,Other,2481352.61,3130207.195,0.2615,3.9098,3.9043,-0.0014,2377359.632,2554867.869,0.0747,4.0808,4.7836,0.1722,9701469.099,12221403.47,0.2597
Produce,Last 04 Wks,4.0,2021/04/25,2022/04/24,Total U.S.,Papaya,7919230.318,9014969.223,0.1384,1.2571,1.3039,0.0372,3529498.283,4283940.967,0.2138,2.8206,2.7439,-0.0272,9955220.722,11754679.67,0.1808
Produce,Last 04 Wks,4.0,2021/04/25,2022/04/24,Total U.S.,Peaches,1500193.155,1326900.565,-0.1155,2.5599,2.5324,-0.0107,1104021.6,977713.4555,-0.1144,3.4785,3.4368,-0.012,3840300.51,3360214.8,-0.125
Produce,Last 04 Wks,4.0,2021/04/25,2022/04/24,Total U.S.,Pears,23509672.16,22737911.42,-0.0328,1.6991,1.8442,0.0854,13364128.06,12908467.47,-0.0341,2.9889,3.2485,0.0869,39944193.38,41933560.51,0.0498
Produce,Last 04 Wks,4.0,2021/04/25,2022/04/24,Total U.S.,Pineapple,87762069.81,86492436.01,-0.0145,0.9361,1.0643,0.1369,30488005.47,32113860.6,0.0533,2.6948,2.8666,0.0637,82158436.73,92056176.19,0.1205
Produce,Last 04 Wks,4.0,2021/04/25,2022/04/24,Total U.S.,Plums,5269164.891,5316745.764,0.009,2.2751,2.5527,0.122,3900588.2,3813518.149,-0.0223,3.0733,3.5589,0.158,11987759.68,13571997.49,0.1322
Produce,Last 04 Wks,4.0,2021/04/25,2022/04/24,Total U.S.,Pomegranates,572957.199,577184.6681,0.0074,8.4586,8.0504,-0.0483,1126327.157,1072304.737,-0.048,4.3029,4.3332,0.0071,4846439.78,4646546.392,-0.0412
Produce,Last 04 Wks,4.0,2021/04/25,2022/04/24,Total U.S.,Tangelos,1932068.841,1169066.015,-0.3949,1.6593,1.8002,0.0849,1391644.598,863278.1645,-0.3797,2.3037,2.4379,0.0583,3205878.784,2104606.661,-0.3435
Produce,Last 04 Wks,4.0,2021/04/25,2022/04/24,Total U.S.,Tangerines,141379376.0,107400652.3,-0.2403,1.3866,1.7229,0.2425,44824071.87,33735788.21,-0.2474,4.3736,5.4849,0.2541,196041675.2,185038789.3,-0.0561
Produce,Last 04 Wks,4.0,2021/04/25,2022/04/24,Total U.S.,Variety,18351573.88,17961922.28,-0.0212,4.3056,4.6946,0.0903,14953372.55,15247145.11,0.0196,5.2841,5.5304,0.0466,79014509.19,84323262.93,0.0672
Produce,Last 04 Wks,5.0,2021/05/23,2022/05/22,Total U.S.,Total Store with Perimeter,0.0,0.0,0.0,0.0,0.0,0.0,19480344372.0,18754369449.0,-0.0373,3.7723,4.2207,0.1189,73485546730.0,79157259265.0,0.0772
Produce,Last 04 Wks,5.0,2021/05/23,2022/05/22,Total U.S.,Produce Department,3521896307.0,3415239725.0,-0.0303,1.6907,1.8509,0.0948,2490594453.0,2426395403.0,-0.0258,2.3907,2.6052,0.0897,5954311259.0,6321177955.0,0.0616
Produce,Last 04 Wks,5.0,2021/05/23,2022/05/22,Total U.S.,Vegetable Aisle,1527283773.0,1479665270.0,-0.0312,1.8618,2.0042,0.0764,1351218141.0,1297994316.0,-0.0394,2.1044,2.2847,0.0857,2843527950.0,2965480451.0,0.0429
Produce,Last 04 Wks,5.0,2021/05/23,2022/05/22,Total U.S.,Fruit Aisle,1966985868.0,1905829824.0,-0.0311,1.5353,1.7092,0.1132,1088372145.0,1074591294.0,-0.0127,2.7748,3.0313,0.0925,3019967033.0,3257389565.0,0.0786
Produce,Last 04 Wks,5.0,2021/05/23,2022/05/22,Total U.S.,Blackberries,9571956.707,11463928.31,0.1977,7.5283,6.9523,-0.0765,20008455.85,24261844.85,0.2126,3.6015,3.285,-0.0879,72060920.06,79701122.11,0.106
Produce,Last 04 Wks,5.0,2021/05/23,2022/05/22,Total U.S.,Blueberries,40593687.01,39653058.62,-0.0232,5.3851,5.5808,0.0363,53810744.27,50851084.52,-0.055,4.0624,4.3519,0.0713,218601712.0,221297579.1,0.0123
Produce,Last 04 Wks,5.0,2021/05/23,2022/05/22,Total U.S.,Raspberries,13970175.33,13301927.07,-0.0478,8.0497,8.6367,0.0729,31034698.13,29677720.77,-0.0437,3.6236,3.8711,0.0683,112456228.7,114884507.8,0.0216
Produce,Last 04 Wks,5.0,2021/05/23,2022/05/22,Total U.S.,Strawberries,130383164.9,137749219.2,0.0565,3.0034,2.9365,-0.0223,110999694.8,115245370.1,0.0382,3.5279,3.5099,-0.0051,391596497.4,404500381.9,0.033
Produce,Last 04 Wks,5.0,2021/05/23,2022/05/22,Total U.S.,Apples,186196841.1,185528134.8,-0.0036,1.7661,1.9323,0.0941,88697300.62,87667945.84,-0.0116,3.7075,4.0892,0.103,328845262.6,358490820.3,0.0902
Produce,Last 04 Wks,5.0,2021/05/23,2022/05/22,Total U.S.,Apricots,1050560.27,828528.1386,-0.2113,3.1593,3.5458,0.1223,926979.3489,809602.9018,-0.1266,3.5805,3.6286,0.0134,3319051.812,2937755.353,-0.1149
Produce,Last 04 Wks,5.0,2021/05/23,2022/05/22,Total U.S.,Avocados,93177017.22,82159767.47,-0.1182,2.3738,3.1166,0.3129,115360901.1,100319761.4,-0.1304,1.9173,2.5525,0.3313,221180708.6,256061639.5,0.1577
Produce,Last 04 Wks,5.0,2021/05/23,2022/05/22,Total U.S.,Bananas,493131805.4,482493819.4,-0.0216,0.5448,0.5808,0.0661,252977186.1,255284672.1,0.0091,1.0619,1.0977,0.0337,268645584.8,280235147.6,0.0431
Produce,Last 04 Wks,5.0,2021/05/23,2022/05/22,Total U.S.,Cherries,17812526.94,17047684.27,-0.0429,4.2463,5.3194,0.2527,13880063.93,13071940.92,-0.0582,5.4493,6.9373,0.2731,75636659.04,90683849.9,0.1989
Produce,Last 04 Wks,5.0,2021/05/23,2022/05/22,Total U.S.,Coconuts,810636.6384,780661.0385,-0.037,2.1058,2.3048,0.0945,666809.5465,629355.0345,-0.0562,2.56,2.8589,0.1168,1707043.207,1799269.201,0.054
Produce,Last 04 Wks,5.0,2021/05/23,2022/05/22,Total U.S.,Dates,5366.1974,4901.3528,-0.0866,7.7175,8.4534,0.0954,8538.4535,7201.2365,-0.1566,4.8502,5.7536,0.1863,41413.4959,41433.0697,0.0005
Produce,Last 04 Wks,5.0,2021/05/23,2022/05/22,Total U.S.,Grapefruit,10494968.02,9280506.911,-0.1157,1.435,1.582,0.1024,5130028.827,4363105.556,-0.1495,2.9357,3.3649,0.1462,15060036.13,14681345.03,-0.0251
Produce,Last 04 Wks,5.0,2021/05/23,2022/05/22,Total U.S.,Grapes,117891242.5,152903901.4,0.297,2.1282,1.9209,-0.0974,59794534.29,71239536.38,0.1914,4.1959,4.1229,-0.0174,250894523.3,293713728.6,0.1707
Produce,Last 04 Wks,5.0,2021/05/23,2022/05/22,Total U.S.,Kiwi,6905447.01,6769524.854,-0.0197,2.5303,2.7605,0.091,6612633.105,6236206.423,-0.0569,2.6423,2.9966,0.1341,17472649.87,18687479.96,0.0695
Produce,Last 04 Wks,5.0,2021/05/23,2022/05/22,Total U.S.,Lemons,39008629.8,38627278.73,-0.0098,1.8841,2.0508,0.0884,41980168.41,41004908.77,-0.0232,1.7508,1.9319,0.1034,73497518.85,79216212.48,0.0778
Produce,Last 04 Wks,5.0,2021/05/23,2022/05/22,Total U.S.,Limes,32678051.35,29417927.97,-0.0998,2.0453,2.781,0.3597,38487579.29,36097321.9,-0.0621,1.7366,2.2664,0.3051,66837210.33,81811615.47,0.224
Produce,Last 04 Wks,5.0,2021/05/23,2022/05/22,Total U.S.,Mangoes,34998600.82,34867095.66,-0.0038,1.3573,1.669,0.2297,33622231.81,32837743.62,-0.0233,1.4128,1.7722,0.2543,47502200.91,58194105.23,0.2251
Produce,Last 04 Wks,5.0,2021/05/23,2022/05/22,Total U.S.,Melons,385970594.1,347547019.5,-0.0996,0.7694,0.9106,0.1835,70763759.18,68696273.34,-0.0292,4.1966,4.6068,0.0977,296968139.7,316472201.4,0.0657
Produce,Last 04 Wks,5.0,2021/05/23,2022/05/22,Total U.S.,Nectarines,1384094.759,1611442.046,0.1643,2.6938,2.927,0.0866,1089684.112,1289941.49,0.1838,3.4216,3.6565,0.0687,3728423.374,4716674.772,0.2651
Produce,Last 04 Wks,5.0,2021/05/23,2022/05/22,Total U.S.,Oranges,87375160.54,81080401.06,-0.072,1.2636,1.492,0.1808,32457958.93,31503188.94,-0.0294,3.4017,3.8401,0.1289,110411205.8,120976006.7,0.0957
Produce,Last 04 Wks,5.0,2021/05/23,2022/05/22,Total U.S.,Other,2244653.94,2399730.003,0.0691,3.862,4.2117,0.0906,2042567.208,2171644.973,0.0632,4.2441,4.6541,0.0966,8668908.725,10107044.99,0.1659
Produce,Last 04 Wks,5.0,2021/05/23,2022/05/22,Total U.S.,Papaya,8198932.597,10105479.53,0.2325,1.2769,1.2747,-0.0017,3663856.029,4784546.729,0.3059,2.8575,2.6923,-0.0578,10469396.78,12881499.39,0.2304
Produce,Last 04 Wks,5.0,2021/05/23,2022/05/22,Total U.S.,Peaches,4328209.95,4392501.627,0.0149,2.6647,2.9949,0.1239,3147206.405,3207258.409,0.0191,3.6647,4.1016,0.1192,11533502.83,13154925.23,0.1406
Produce,Last 04 Wks,5.0,2021/05/23,2022/05/22,Total U.S.,Pears,22406174.57,21296317.48,-0.0495,1.6961,1.8349,0.0819,12694035.16,11784843.2,-0.0716,2.9937,3.3159,0.1076,38002116.3,39077487.35,0.0283
Produce,Last 04 Wks,5.0,2021/05/23,2022/05/22,Total U.S.,Pineapple,76176110.28,72411035.06,-0.0494,1.0587,1.2393,0.1706,27658764.73,28256608.13,0.0216,2.9158,3.1758,0.0892,80646130.39,89738525.68,0.1127
Produce,Last 04 Wks,5.0,2021/05/23,2022/05/22,Total U.S.,Plums,1938128.599,5850214.021,2.0185,2.5527,2.5392,-0.0053,1673870.795,3956147.73,1.3635,2.9557,3.7549,0.2704,4947411.117,14855023.25,2.0026
Produce,Last 04 Wks,5.0,2021/05/23,2022/05/22,Total U.S.,Pomegranates,708215.2783,623505.4171,-0.1196,5.9867,7.4053,0.237,1110433.839,1104190.661,-0.0056,3.8182,4.1816,0.0952,4239892.649,4617269.663,0.089
Produce,Last 04 Wks,5.0,2021/05/23,2022/05/22,Total U.S.,Rhubarb,44915.5768,435000.0,8.6848,0.7279,0.1806,-0.7519,7352.5768,21750.0,1.9581,4.4467,3.6125,-0.1876,32695.0382,78571.76,1.4032
Produce,Last 04 Wks,5.0,2021/05/23,2022/05/22,Total U.S.,Tangelos,973998.8289,50091.4022,-0.9486,1.7228,2.4262,0.4083,726575.5807,35303.9584,-0.9514,2.3095,3.4424,0.4906,1678015.479,121530.9346,-0.9276
Produce,Last 04 Wks,5.0,2021/05/23,2022/05/22,Total U.S.,Tangerines,124084910.8,93602725.93,-0.2457,1.4559,1.7635,0.2113,38334990.54,29005005.14,-0.2434,4.7126,5.6911,0.2076,180658743.2,165071103.9,-0.0863
Produce,Last 04 Wks,5.0,2021/05/23,2022/05/22,Total U.S.,Variety,19379348.34,18402253.98,-0.0504,4.3342,4.7522,0.0964,15669578.28,15620921.15,-0.0031,5.3604,5.5983,0.0444,83994496.88,87451007.0,0.0412
Produce,Last 04 Wks,6.0,2021/06/20,2022/06/19,Total U.S.,Total Store with Perimeter,0.0,0.0,0.0,0.0,0.0,0.0,20013696602.0,19211748160.0,-0.0401,3.7627,4.2087,0.1185,75306105165.0,80856044502.0,0.0737
Produce,Last 04 Wks,6.0,2021/06/20,2022/06/19,Total U.S.,Produce Department,4029332085.0,3877924646.0,-0.0376,1.5848,1.706,0.0765,2653286520.0,2540067697.0,-0.0427,2.4067,2.6046,0.0822,6385603227.0,6615920956.0,0.0361
Produce,Last 04 Wks,6.0,2021/06/20,2022/06/19,Total U.S.,Vegetable Aisle,1578280503.0,1537541605.0,-0.0258,1.8295,1.9707,0.0772,1405653786.0,1345555537.0,-0.0428,2.0541,2.2519,0.0963,2887388649.0,3030017028.0,0.0494
Produce,Last 04 Wks,6.0,2021/06/20,2022/06/19,Total U.S.,Fruit Aisle,2423153779.0,2310485948.0,-0.0465,1.4048,1.5085,0.0738,1197510532.0,1141766184.0,-0.0466,2.8425,3.0526,0.0739,3403949350.0,3485336987.0,0.0239
Produce,Last 04 Wks,6.0,2021/06/20,2022/06/19,Total U.S.,Blackberries,8933333.801,11515096.97,0.289,7.2834,6.5443,-0.1015,19161140.19,24588687.08,0.2833,3.3957,3.0647,-0.0975,65064852.09,75357784.8,0.1582
Produce,Last 04 Wks,6.0,2021/06/20,2022/06/19,Total U.S.,Blueberries,48467650.13,40630805.26,-0.1617,4.4353,5.208,0.1742,58551008.06,50741593.39,-0.1334,3.6715,4.1703,0.1359,214967322.6,211607147.9,-0.0156
Produce,Last 04 Wks,6.0,2021/06/20,2022/06/19,Total U.S.,Raspberries,13138724.62,12683578.49,-0.0346,7.8863,8.1688,0.0358,29416619.8,28378731.49,-0.0353,3.5224,3.651,0.0365,103616054.7,103609688.1,-0.0001
Produce,Last 04 Wks,6.0,2021/06/20,2022/06/19,Total U.S.,Strawberries,142229617.0,138469429.7,-0.0264,2.5616,2.6179,0.022,117802118.7,113412895.7,-0.0373,3.0927,3.1963,0.0335,364330192.0,362501549.6,-0.005
Produce,Last 04 Wks,6.0,2021/06/20,2022/06/19,Total U.S.,Apples,164631800.3,164302744.4,-0.002,1.8149,1.9487,0.0737,78379776.74,77280914.01,-0.014,3.8121,4.143,0.0868,298794064.4,320173019.3,0.0716
Produce,Last 04 Wks,6.0,2021/06/20,2022/06/19,Total U.S.,Apricots,3168609.051,2867000.916,-0.0952,3.2656,3.7382,0.1447,3199116.858,2832099.208,-0.1147,3.2345,3.7843,0.17,10347400.46,10717409.66,0.0358
Produce,Last 04 Wks,6.0,2021/06/20,2022/06/19,Total U.S.,Avocados,89099129.85,77770521.41,-0.1271,2.4557,3.214,0.3088,108777190.5,94667901.72,-0.1297,2.0114,2.6403,0.3126,218799575.3,249951838.9,0.1424
Produce,Last 04 Wks,6.0,2021/06/20,2022/06/19,Total U.S.,Bananas,490852354.0,483107160.8,-0.0158,0.546,0.5816,0.0652,252680268.7,256106651.2,0.0136,1.0606,1.0971,0.0344,267995707.3,280976975.5,0.0484
Produce,Last 04 Wks,6.0,2021/06/20,2022/06/19,Total U.S.,Cherries,84528102.0,41904389.0,-0.5043,3.6471,5.0686,0.3898,63549486.99,32020592.23,-0.4961,4.8511,6.6331,0.3673,308283721.3,212395898.1,-0.311
Produce,Last 04 Wks,6.0,2021/06/20,2022/06/19,Total U.S.,Coconuts,842815.8849,854610.0989,0.014,2.1333,2.2484,0.054,691334.8365,690039.0946,-0.0019,2.6008,2.7847,0.0707,1798000.503,1921521.766,0.0687
Produce,Last 04 Wks,6.0,2021/06/20,2022/06/19,Total U.S.,Dates,3667.8243,3864.6937,0.0537,7.6781,8.3943,0.0933,5892.5308,5397.1826,-0.0841,4.7792,6.0108,0.2577,28161.8533,32441.5363,0.152
Produce,Last 04 Wks,6.0,2021/06/20,2022/06/19,Total U.S.,Grapefruit,9897478.138,8797132.44,-0.1112,1.4569,1.5628,0.0727,4862814.627,4168801.052,-0.1427,2.9653,3.2978,0.1121,14419750.37,13747936.8,-0.0466
Produce,Last 04 Wks,6.0,2021/06/20,2022/06/19,Total U.S.,Grapes,130766078.4,151992013.1,0.1623,2.1184,1.9902,-0.0605,69940758.24,79480982.03,0.1364,3.9607,3.8058,-0.0391,277016624.9,302491679.0,0.092
Produce,Last 04 Wks,6.0,2021/06/20,2022/06/19,Total U.S.,Kiwi,7638901.465,7653538.909,0.0019,2.7561,3.1602,0.1466,6759337.102,6602271.997,-0.0232,3.1147,3.6633,0.1761,21053393.72,24186411.32,0.1488
Produce,Last 04 Wks,6.0,2021/06/20,2022/06/19,Total U.S.,Lemons,39883713.82,38610019.25,-0.0319,1.921,2.0533,0.0689,42991467.88,40977189.07,-0.0469,1.7821,1.9347,0.0856,76616233.69,79277370.3,0.0347
Produce,Last 04 Wks,6.0,2021/06/20,2022/06/19,Total U.S.,Limes,34587355.69,31426580.29,-0.0914,2.003,2.315,0.1558,41171131.56,38120196.86,-0.0741,1.6827,1.9085,0.1342,69277165.54,72752018.23,0.0502
Produce,Last 04 Wks,6.0,2021/06/20,2022/06/19,Total U.S.,Mangoes,31477311.78,30821841.63,-0.0208,1.3965,1.7068,0.2222,28897304.04,28175409.16,-0.025,1.5212,1.8671,0.2274,43959291.58,52606833.94,0.1967
Produce,Last 04 Wks,6.0,2021/06/20,2022/06/19,Total U.S.,Melons,770698831.2,743855505.4,-0.0348,0.5728,0.6404,0.118,107912739.3,105698404.9,-0.0205,4.0906,4.5065,0.1017,441423664.5,476333354.9,0.0791
Produce,Last 04 Wks,6.0,2021/06/20,2022/06/19,Total U.S.,Nectarines,19741153.47,20605570.79,0.0438,2.2272,2.5556,0.1475,14130564.05,14812171.06,0.0482,3.1115,3.5552,0.1426,43966766.65,52660131.38,0.1977
Produce,Last 04 Wks,6.0,2021/06/20,2022/06/19,Total U.S.,Oranges,65962260.31,66949718.19,0.015,1.34,1.5492,0.1561,25442949.1,26362281.31,0.0361,3.4741,3.9343,0.1325,88390652.8,103718345.9,0.1734
Produce,Last 04 Wks,6.0,2021/06/20,2022/06/19,Total U.S.,Other,2399173.068,2831478.915,0.1802,3.4232,4.0028,0.1693,2355126.501,2809092.702,0.1928,3.4873,4.0347,0.157,8212966.454,11333851.78,0.38
Produce,Last 04 Wks,6.0,2021/06/20,2022/06/19,Total U.S.,Papaya,7426189.459,9039781.284,0.2173,1.2722,1.3059,0.0265,3381306.733,4341438.209,0.284,2.794,2.7192,-0.0268,9447492.101,11805412.01,0.2496
Produce,Last 04 Wks,6.0,2021/06/20,2022/06/19,Total U.S.,Peaches,40817290.63,37639176.48,-0.0779,1.9238,2.3642,0.2289,27221289.8,25140275.76,-0.0764,2.8847,3.5396,0.227,78525253.82,88986345.53,0.1332
Produce,Last 04 Wks,6.0,2021/06/20,2022/06/19,Total U.S.,Pears,17685402.65,16234244.88,-0.0821,1.7203,1.8622,0.0825,9969270.391,9022350.454,-0.095,3.0517,3.3507,0.098,30423613.82,30231551.05,-0.0063
Produce,Last 04 Wks,6.0,2021/06/20,2022/06/19,Total U.S.,Pineapple,77675156.59,80851391.18,0.0409,1.089,1.1879,0.0908,28434521.04,30328595.13,0.0666,2.9749,3.1667,0.0645,84590036.94,96040664.15,0.1354
Produce,Last 04 Wks,6.0,2021/06/20,2022/06/19,Total U.S.,Plums,4695693.735,7992370.673,0.7021,2.437,2.7439,0.126,3913933.853,6334253.434,0.6184,2.9237,3.4622,0.1842,11443237.85,21930444.14,0.9165
Produce,Last 04 Wks,6.0,2021/06/20,2022/06/19,Total U.S.,Pomegranates,687436.0314,666632.4763,-0.0303,5.0925,6.258,0.2289,978057.4473,1045904.664,0.0694,3.5793,3.9887,0.1144,3500802.217,4171780.188,0.1917
Produce,Last 04 Wks,6.0,2021/06/20,2022/06/19,Total U.S.,Rhubarb,243750.5365,827541.7709,2.395,0.2962,0.1844,-0.3775,19303.5365,41377.0885,1.1435,3.7404,3.6878,-0.0141,72202.537,152588.5311,1.1133
Produce,Last 04 Wks,6.0,2021/06/20,2022/06/19,Total U.S.,Tangelos,115303.2036,18838.9724,-0.8366,1.6222,3.0503,0.8803,73669.4233,14266.5987,-0.8063,2.539,4.0279,0.5864,187048.0264,57464.9013,-0.6928
Produce,Last 04 Wks,6.0,2021/06/20,2022/06/19,Total U.S.,Tangerines,92096365.79,57826577.15,-0.3721,1.5564,1.7966,0.1543,28022914.17,18524840.96,-0.3389,5.1151,5.6083,0.0964,143339715.7,103893030.1,-0.2752
Produce,Last 04 Wks,6.0,2021/06/20,2022/06/19,Total U.S.,Variety,20099451.81,18985763.35,-0.0554,4.3568,4.7854,0.0984,15906470.69,15914150.37,0.0005,5.5052,5.7091,0.037,87569081.83,90855270.16,0.0375
Produce,Last 04 Wks,7.0,2021/07/18,2022/07/17,Total U.S.,Total Store with Perimeter,0.0,0.0,0.0,0.0,0.0,0.0,19909735026.0,19144684776.0,-0.0384,3.7588,4.2192,0.1225,74836311797.0,80774795455.0,0.0794
Produce,Last 04 Wks,7.0,2021/07/18,2022/07/17,Total U.S.,Produce Department,4068324547.0,3955953059.0,-0.0276,1.5442,1.6634,0.0771,2655212785.0,2563926482.0,-0.0344,2.3661,2.5665,0.0847,6282471705.0,6580245636.0,0.0474
Produce,Last 04 Wks,7.0,2021/07/18,2022/07/17,Total U.S.,Vegetable Aisle,1560178698.0,1529601016.0,-0.0196,1.8161,1.9599,0.0792,1386235777.0,1347996048.0,-0.0276,2.044,2.2239,0.088,2833443656.0,2997865200.0,0.058
Produce,Last 04 Wks,7.0,2021/07/18,2022/07/17,Total U.S.,Fruit Aisle,2478821150.0,2395262910.0,-0.0337,1.3534,1.4538,0.0742,1218309034.0,1162197510.0,-0.0461,2.7537,2.9963,0.0881,3354861826.0,3482333940.0,0.038
Produce,Last 04 Wks,7.0,2021/07/18,2022/07/17,Total U.S.,Blackberries,8638816.291,9579138.464,0.1088,6.8158,6.8882,0.0106,18538174.71,20589528.62,0.1107,3.1762,3.2047,0.009,58880402.48,65982551.43,0.1206
Produce,Last 04 Wks,7.0,2021/07/18,2022/07/17,Total U.S.,Blueberries,53274450.12,40567705.31,-0.2385,3.8532,4.6092,0.1962,60841321.03,49032577.55,-0.1941,3.374,3.8135,0.1303,205276282.6,186984860.9,-0.0891
Produce,Last 04 Wks,7.0,2021/07/18,2022/07/17,Total U.S.,Raspberries,11957868.82,11387229.65,-0.0477,7.9767,8.2932,0.0397,26917760.5,25513543.3,-0.0522,3.5435,3.7014,0.0446,95383887.73,94436558.55,-0.0099
Produce,Last 04 Wks,7.0,2021/07/18,2022/07/17,Total U.S.,Strawberries,124134689.9,137840137.5,0.1104,2.5339,2.3892,-0.0571,102005591.9,112876697.3,0.1066,3.0836,2.9176,-0.0538,314542824.2,329333065.9,0.047
Produce,Last 04 Wks,7.0,2021/07/18,2022/07/17,Total U.S.,Apples,151922911.9,150261075.8,-0.0109,1.8384,1.9681,0.0706,72736056.03,70765990.57,-0.0271,3.8397,4.1791,0.0884,279288200.0,295734908.2,0.0589
Produce,Last 04 Wks,7.0,2021/07/18,2022/07/17,Total U.S.,Apricots,2660622.333,2263543.386,-0.1492,3.2557,3.6493,0.1209,2772644.915,2306423.178,-0.1682,3.1242,3.5815,0.1464,8662252.186,8260362.063,-0.0464
Produce,Last 04 Wks,7.0,2021/07/18,2022/07/17,Total U.S.,Avocados,89528668.18,76226246.33,-0.1486,2.3349,3.1026,0.3288,109965857.8,93645632.33,-0.1484,1.9009,2.5254,0.3285,209036618.3,236497102.7,0.1314
Produce,Last 04 Wks,7.0,2021/07/18,2022/07/17,Total U.S.,Bananas,474114594.2,466126671.2,-0.0168,0.548,0.581,0.0602,245623095.7,248277886.3,0.0108,1.0578,1.0908,0.0312,259820625.7,270820441.2,0.0423
Produce,Last 04 Wks,7.0,2021/07/18,2022/07/17,Total U.S.,Cherries,116873393.8,59545583.99,-0.4905,2.9689,4.563,0.5369,86247624.88,43988728.61,-0.49,4.0231,6.1767,0.5353,346980990.9,271705180.0,-0.2169
Produce,Last 04 Wks,7.0,2021/07/18,2022/07/17,Total U.S.,Coconuts,807385.2451,848455.5755,0.0509,2.1663,2.3127,0.0676,663420.7895,688309.5559,0.0375,2.6364,2.8508,0.0813,1749053.13,1962216.174,0.1219
Produce,Last 04 Wks,7.0,2021/07/18,2022/07/17,Total U.S.,Dates,3310.9742,3465.5847,0.0467,7.7664,8.1143,0.0448,5172.7111,4965.0976,-0.0401,4.9711,5.6637,0.1393,25714.3124,28120.6907,0.0936
Produce,Last 04 Wks,7.0,2021/07/18,2022/07/17,Total U.S.,Grapefruit,9909595.371,9034095.788,-0.0883,1.47,1.5193,0.0336,4921483.361,4382781.666,-0.1095,2.9598,3.1317,0.0581,14566610.43,13725769.11,-0.0577
Produce,Last 04 Wks,7.0,2021/07/18,2022/07/17,Total U.S.,Grapes,127306484.1,145419188.0,0.1423,2.1042,2.0094,-0.045,69310369.51,80221791.77,0.1574,3.8649,3.6425,-0.0575,267880459.5,292209757.1,0.0908
Produce,Last 04 Wks,7.0,2021/07/18,2022/07/17,Total U.S.,Kiwi,7167446.826,7382591.291,0.03,2.8139,3.2607,0.1588,6379581.242,6259761.812,-0.0188,3.1614,3.8456,0.2164,20168525.74,24072267.46,0.1936
Produce,Last 04 Wks,7.0,2021/07/18,2022/07/17,Total U.S.,Lemons,38299614.18,37041642.32,-0.0328,1.9286,2.0799,0.0784,41037869.47,39439720.16,-0.0389,1.7999,1.9534,0.0853,73865791.62,77041139.06,0.043
Produce,Last 04 Wks,7.0,2021/07/18,2022/07/17,Total U.S.,Limes,35416794.22,34858962.98,-0.0158,1.8258,1.9822,0.0856,41777022.0,41851154.79,0.0018,1.5479,1.651,0.0666,64665664.02,69096515.68,0.0685
Produce,Last 04 Wks,7.0,2021/07/18,2022/07/17,Total U.S.,Mangoes,34297646.17,31445114.56,-0.0832,1.2732,1.6511,0.2968,31692660.79,28074643.1,-0.1142,1.3779,1.8493,0.3421,43669161.35,51918593.39,0.1889
Produce,Last 04 Wks,7.0,2021/07/18,2022/07/17,Total U.S.,Melons,830153617.3,839812198.9,0.0116,0.5572,0.6179,0.1089,114723711.8,117641352.8,0.0254,4.032,4.4108,0.0939,462568557.8,518895712.5,0.1218
Produce,Last 04 Wks,7.0,2021/07/18,2022/07/17,Total U.S.,Nectarines,32517597.96,32488416.63,-0.0009,1.9028,2.3411,0.2303,22688861.58,22613159.94,-0.0033,2.7271,3.3634,0.2333,61875319.89,76057989.39,0.2292
Produce,Last 04 Wks,7.0,2021/07/18,2022/07/17,Total U.S.,Oranges,53682441.48,51379294.08,-0.0429,1.3347,1.5722,0.1779,20605230.97,20469392.15,-0.0066,3.4774,3.9462,0.1348,71651754.8,80777078.71,0.1274
Produce,Last 04 Wks,7.0,2021/07/18,2022/07/17,Total U.S.,Other,2889503.772,3214889.96,0.1126,4.0148,4.0575,0.0107,2904730.646,3228809.703,0.1116,3.9937,4.04,0.0116,11600644.87,13044449.72,0.1245
Produce,Last 04 Wks,7.0,2021/07/18,2022/07/17,Total U.S.,Papaya,7325767.47,8656535.09,0.1817,1.1887,1.2891,0.0844,3256940.915,4089426.757,0.2556,2.6738,2.7288,0.0206,8708449.362,11159278.73,0.2814
Produce,Last 04 Wks,7.0,2021/07/18,2022/07/17,Total U.S.,Peaches,64170693.99,59110060.08,-0.0789,1.7046,2.139,0.2549,41390712.2,38359505.31,-0.0732,2.6427,3.2961,0.2473,109382221.3,126436634.7,0.1559
Produce,Last 04 Wks,7.0,2021/07/18,2022/07/17,Total U.S.,Pears,14103928.39,13120742.6,-0.0697,1.7604,1.8859,0.0713,8090401.893,7355965.664,-0.0908,3.0689,3.3638,0.0961,24828549.81,24743889.27,-0.0034
Produce,Last 04 Wks,7.0,2021/07/18,2022/07/17,Total U.S.,Pineapple,71407994.65,77609321.09,0.0868,1.1351,1.2114,0.0671,26840348.47,29510430.57,0.0995,3.02,3.1857,0.0549,81058195.31,94012697.64,0.1598
Produce,Last 04 Wks,7.0,2021/07/18,2022/07/17,Total U.S.,Plums,17902879.3,20291322.96,0.1334,2.1582,2.7039,0.2528,13590000.33,15833523.27,0.1651,2.8431,3.4651,0.2188,38638355.67,54864790.81,0.42
Produce,Last 04 Wks,7.0,2021/07/18,2022/07/17,Total U.S.,Pomegranates,556009.8229,586420.6776,0.0547,5.1699,6.1521,0.19,788029.8058,882672.6469,0.1201,3.6477,4.0873,0.1205,2874511.58,3607739.91,0.2551
Produce,Last 04 Wks,7.0,2021/07/18,2022/07/17,Total U.S.,Rhubarb,117468.372,729574.0663,5.2108,0.2879,0.1827,-0.3656,9054.372,36478.7033,3.0288,3.7356,3.6535,-0.022,33823.6022,133275.8724,2.9403
Produce,Last 04 Wks,7.0,2021/07/18,2022/07/17,Total U.S.,Tangelos,35794.5414,20868.3041,-0.417,2.3532,2.9814,0.267,32406.9024,15414.255,-0.5244,2.5992,4.0364,0.5529,84233.1285,62217.756,-0.2614
Produce,Last 04 Wks,7.0,2021/07/18,2022/07/17,Total U.S.,Tangerines,75446316.21,47622376.77,-0.3688,1.5409,1.7782,0.154,23729921.79,16235672.56,-0.3158,4.8991,5.2157,0.0646,116255178.1,84680523.71,-0.2716
Produce,Last 04 Wks,7.0,2021/07/18,2022/07/17,Total U.S.,Variety,19674639.16,18240667.67,-0.0729,4.3409,4.765,0.0977,15502197.47,15217800.84,-0.0183,5.5093,5.7115,0.0367,85406293.55,86916218.51,0.0177
Produce,Last 04 Wks,8.0,2021/08/15,2022/08/14,Total U.S.,Total Store with Perimeter,0.0,0.0,0.0,0.0,0.0,0.0,19738778912.0,18884346368.0,-0.0433,3.7858,4.2696,0.1278,74726167586.0,80629213493.0,0.079
Produce,Last 04 Wks,8.0,2021/08/15,2022/08/14,Total U.S.,Produce Department,3739811300.0,3644011599.0,-0.0256,1.599,1.7695,0.1066,2521256880.0,2468315106.0,-0.021,2.3719,2.6123,0.1014,5980101651.0,6448043357.0,0.0782
Produce,Last 04 Wks,8.0,2021/08/15,2022/08/14,Total U.S.,Vegetable Aisle,1478632528.0,1443464089.0,-0.0238,1.8498,2.0205,0.0922,1306593921.0,1274308043.0,-0.0247,2.0934,2.2887,0.0933,2735197881.0,2916454908.0,0.0663
Produce,Last 04 Wks,8.0,2021/08/15,2022/08/14,Total U.S.,Fruit Aisle,2232614576.0,2169497658.0,-0.0283,1.4135,1.5838,0.1204,1163463406.0,1140075690.0,-0.0201,2.7125,3.0138,0.1111,3155865120.0,3436004852.0,0.0888
Produce,Last 04 Wks,8.0,2021/08/15,2022/08/14,Total U.S.,Blackberries,7298045.86,7074845.706,-0.0306,6.8409,7.6712,0.1214,15597816.63,15090923.79,-0.0325,3.2008,3.5964,0.1236,49925373.71,54272489.45,0.0871
Produce,Last 04 Wks,8.0,2021/08/15,2022/08/14,Total U.S.,Blueberries,50682860.63,45664011.04,-0.099,3.8635,4.5016,0.1652,56593966.57,54540953.46,-0.0363,3.46,3.769,0.0893,195814264.8,205563115.6,0.0498
Produce,Last 04 Wks,8.0,2021/08/15,2022/08/14,Total U.S.,Raspberries,10089774.82,9454479.216,-0.063,8.3758,8.9145,0.0643,22557808.37,20854637.77,-0.0755,3.7464,4.0414,0.0787,84509637.0,84281582.86,-0.0027
Produce,Last 04 Wks,8.0,2021/08/15,2022/08/14,Total U.S.,Strawberries,112299210.2,110834205.7,-0.013,2.6482,2.7397,0.0345,95015988.38,92359290.89,-0.028,3.1299,3.2877,0.0504,297392230.7,303651291.2,0.021
Produce,Last 04 Wks,8.0,2021/08/15,2022/08/14,Total U.S.,Apples,153342607.1,152042247.2,-0.0085,1.8924,1.9838,0.0483,73973488.19,71939682.11,-0.0275,3.9228,4.1926,0.0688,290180233.6,301616756.5,0.0394
Produce,Last 04 Wks,8.0,2021/08/15,2022/08/14,Total U.S.,Apricots,1675972.107,1827618.943,0.0905,3.0747,3.4472,0.1212,1655458.502,1829684.217,0.1052,3.1128,3.4433,0.1062,5153040.759,6300114.622,0.2226
Produce,Last 04 Wks,8.0,2021/08/15,2022/08/14,Total U.S.,Avocados,84000403.31,77986858.9,-0.0716,2.3471,2.8427,0.2111,103489895.0,93945192.95,-0.0922,1.9051,2.3598,0.2387,197159950.9,221693942.5,0.1244
Produce,Last 04 Wks,8.0,2021/08/15,2022/08/14,Total U.S.,Bananas,466257742.6,462672126.7,-0.0077,0.5504,0.584,0.061,244068850.2,248099851.4,0.0165,1.0514,1.089,0.0358,256617861.4,270184479.8,0.0529
Produce,Last 04 Wks,8.0,2021/08/15,2022/08/14,Total U.S.,Cherries,77954246.25,75393578.68,-0.0328,2.9996,4.0508,0.3504,57640792.07,55661023.23,-0.0343,4.0567,5.4869,0.3525,233832259.0,305405666.6,0.3061
Produce,Last 04 Wks,8.0,2021/08/15,2022/08/14,Total U.S.,Coconuts,790857.2588,896560.578,0.1337,2.1874,2.2735,0.0394,653047.2811,726167.0764,0.112,2.6491,2.807,0.0596,1729959.594,2038354.563,0.1783
Produce,Last 04 Wks,8.0,2021/08/15,2022/08/14,Total U.S.,Dates,3499.7753,2953.9943,-0.1559,8.2298,8.6729,0.0538,5377.5452,4144.413,-0.2293,5.3561,6.1817,0.1542,28802.5655,25619.7243,-0.1105
Produce,Last 04 Wks,8.0,2021/08/15,2022/08/14,Total U.S.,Grapefruit,10285811.68,8761550.671,-0.1482,1.4879,1.5253,0.0251,5196721.706,4335594.501,-0.1657,2.945,3.0824,0.0466,15304379.53,13363869.27,-0.1268
Produce,Last 04 Wks,8.0,2021/08/15,2022/08/14,Total U.S.,Grapes,146860691.2,148682817.5,0.0124,1.9588,2.0389,0.0409,79590358.82,80382043.2,0.0099,3.6144,3.7714,0.0434,287670781.7,303153933.7,0.0538
Produce,Last 04 Wks,8.0,2021/08/15,2022/08/14,Total U.S.,Kiwi,7104366.338,7640756.543,0.0755,2.8646,3.1406,0.0964,6669839.427,6238993.881,-0.0646,3.0512,3.8462,0.2606,20350994.61,23996487.36,0.1791
Produce,Last 04 Wks,8.0,2021/08/15,2022/08/14,Total U.S.,Lemons,35805854.67,35464357.02,-0.0095,1.9627,2.0648,0.052,39282351.33,37177186.26,-0.0536,1.789,1.9697,0.101,70277400.7,73227698.53,0.042
Produce,Last 04 Wks,8.0,2021/08/15,2022/08/14,Total U.S.,Limes,32797751.91,32455071.71,-0.0104,1.7307,1.92,0.1093,38384331.69,38887616.81,0.0131,1.4788,1.6024,0.0835,56764498.41,62312246.91,0.0977
Produce,Last 04 Wks,8.0,2021/08/15,2022/08/14,Total U.S.,Mangoes,32412562.19,31567657.71,-0.0261,1.3029,1.6071,0.2335,28814773.99,28012290.98,-0.0278,1.4656,1.8111,0.2357,42230886.04,50732725.14,0.2013
Produce,Last 04 Wks,8.0,2021/08/15,2022/08/14,Total U.S.,Melons,634518637.2,609670026.0,-0.0392,0.6415,0.7338,0.1439,98760626.72,97959532.58,-0.0081,4.1212,4.5669,0.1081,407016011.5,447367628.8,0.0991
Produce,Last 04 Wks,8.0,2021/08/15,2022/08/14,Total U.S.,Nectarines,37266166.38,38820643.03,0.0417,1.8624,2.2288,0.1967,25734714.05,26618596.11,0.0343,2.6969,3.2505,0.2053,69404776.16,86523322.55,0.2466
Produce,Last 04 Wks,8.0,2021/08/15,2022/08/14,Total U.S.,Oranges,48898135.76,40908729.86,-0.1634,1.432,1.7116,0.1953,20717703.3,18888562.51,-0.0883,3.3797,3.707,0.0969,70019774.66,70020677.5,0.0
Produce,Last 04 Wks,8.0,2021/08/15,2022/08/14,Total U.S.,Other,3109869.651,4335012.851,0.394,3.856,3.5508,-0.0791,3352990.747,4844624.55,0.4449,3.5764,3.1773,-0.1116,11991590.16,15392936.57,0.2836
Produce,Last 04 Wks,8.0,2021/08/15,2022/08/14,Total U.S.,Papaya,6780983.28,7861426.151,0.1593,1.2648,1.3208,0.0442,3101111.495,3767861.75,0.215,2.7657,2.7557,-0.0036,8576789.744,10383105.91,0.2106
Produce,Last 04 Wks,8.0,2021/08/15,2022/08/14,Total U.S.,Peaches,74218729.99,77794625.96,0.0482,1.7322,2.0412,0.1784,47551396.4,48875857.77,0.0279,2.7036,3.249,0.2017,128560397.6,158795751.6,0.2352
Produce,Last 04 Wks,8.0,2021/08/15,2022/08/14,Total U.S.,Pears,13981474.06,12293254.86,-0.1207,1.7182,1.9237,0.1196,8023516.09,7143616.533,-0.1097,2.994,3.3105,0.1057,24022552.65,23648826.27,-0.0156
Produce,Last 04 Wks,8.0,2021/08/15,2022/08/14,Total U.S.,Pineapple,64951546.03,66725505.0,0.0273,1.1855,1.2828,0.082,24998667.79,25818625.67,0.0328,3.0803,3.3152,0.0763,77002530.48,85593743.98,0.1116
Produce,Last 04 Wks,8.0,2021/08/15,2022/08/14,Total U.S.,Plums,27879785.83,23170276.22,-0.1689,1.8335,2.4891,0.3575,20163735.09,18085209.44,-0.1031,2.5352,3.1889,0.2579,51118499.46,57672482.3,0.1282
Produce,Last 04 Wks,8.0,2021/08/15,2022/08/14,Total U.S.,Pomegranates,268706.2244,418183.926,0.5563,6.8849,6.7544,-0.0189,472778.0762,673482.1591,0.4245,3.9131,4.194,0.0718,1850011.494,2824596.285,0.5268
Produce,Last 04 Wks,8.0,2021/08/15,2022/08/14,Total U.S.,Rhubarb,218300.0,615840.0,1.8211,0.1593,0.1859,0.1667,10915.0,30792.0,1.8211,3.1863,3.7174,0.1667,34778.96,114465.59,2.2912
Produce,Last 04 Wks,8.0,2021/08/15,2022/08/14,Total U.S.,Tangelos,774634.4497,404551.2828,-0.4778,1.492,1.9758,0.3242,491141.0298,270268.0197,-0.4497,2.3532,2.9574,0.2568,1155752.85,799299.4153,-0.3084
Produce,Last 04 Wks,8.0,2021/08/15,2022/08/14,Total U.S.,Tangerines,68318944.12,58200978.88,-0.1481,1.498,1.6733,0.1171,22766402.8,19585571.25,-0.1397,4.4952,4.9725,0.1062,102339966.5,97390004.83,-0.0484
Produce,Last 04 Wks,8.0,2021/08/15,2022/08/14,Total U.S.,Variety,19314999.46,17548656.41,-0.0914,4.2964,4.697,0.0932,15506665.44,15009638.59,-0.0321,5.3516,5.4915,0.0261,82985166.29,82425246.09,-0.0067
Produce,Last 04 Wks,9.0,2021/09/12,2022/09/11,Total U.S.,Total Store with Perimeter,0.0,0.0,0.0,0.0,0.0,0.0,19864810338.0,18938104907.0,-0.0467,3.807,4.3005,0.1296,75625890705.0,81443611187.0,0.0769
Produce,Last 04 Wks,9.0,2021/09/12,2022/09/11,Total U.S.,Produce Department,3629559577.0,3513781518.0,-0.0319,1.6138,1.7766,0.1009,2477614076.0,2425505293.0,-0.021,2.3641,2.5738,0.0887,5857389323.0,6242655809.0,0.0658
Produce,Last 04 Wks,9.0,2021/09/12,2022/09/11,Total U.S.,Vegetable Aisle,1509969839.0,1473659765.0,-0.024,1.8254,1.9968,0.0939,1310334066.0,1279908337.0,-0.0232,2.1035,2.2991,0.093,2756294778.0,2942672178.0,0.0676
Produce,Last 04 Wks,9.0,2021/09/12,2022/09/11,Total U.S.,Fruit Aisle,2090193543.0,2008283308.0,-0.0392,1.4399,1.5943,0.1072,1114284051.0,1089650938.0,-0.0221,2.7011,2.9384,0.0879,3009745416.0,3201811723.0,0.0638
Produce,Last 04 Wks,9.0,2021/09/12,2022/09/11,Total U.S.,Blackberries,10023699.04,8443601.437,-0.1576,6.0644,7.306,0.2047,21872888.52,17712314.58,-0.1902,2.7792,3.4828,0.2532,60788087.96,61689321.51,0.0148
Produce,Last 04 Wks,9.0,2021/09/12,2022/09/11,Total U.S.,Blueberries,40447361.12,43989370.88,0.0876,4.5033,4.6065,0.0229,49620706.55,54346524.25,0.0952,3.6708,3.7286,0.0157,182147707.3,202635880.6,0.1125
Produce,Last 04 Wks,9.0,2021/09/12,2022/09/11,Total U.S.,Raspberries,10509976.25,9602330.291,-0.0864,8.2489,8.905,0.0795,23733183.16,21299966.31,-0.1025,3.6529,4.0145,0.099,86696094.81,85508288.43,-0.0137
Produce,Last 04 Wks,9.0,2021/09/12,2022/09/11,Total U.S.,Strawberries,95094589.87,93016168.07,-0.0219,2.965,3.1132,0.05,81191661.82,79429684.45,-0.0217,3.4728,3.6457,0.0498,281959030.6,289578471.6,0.027
Produce,Last 04 Wks,9.0,2021/09/12,2022/09/11,Total U.S.,Apples,169171213.6,163956305.6,-0.0308,1.8482,1.9588,0.0599,81294086.79,78560232.39,-0.0336,3.846,4.088,0.0629,312654582.6,321153658.7,0.0272
Produce,Last 04 Wks,9.0,2021/09/12,2022/09/11,Total U.S.,Apricots,654167.0573,484785.5911,-0.2589,2.521,3.2994,0.3088,636608.1698,520383.4765,-0.1826,2.5905,3.0737,0.1865,1649154.448,1599524.442,-0.0301
Produce,Last 04 Wks,9.0,2021/09/12,2022/09/11,Total U.S.,Avocados,81523020.59,78679739.88,-0.0349,2.4048,2.6172,0.0883,98701522.5,97348600.08,-0.0137,1.9862,2.1153,0.065,196045810.3,205922756.3,0.0504
Produce,Last 04 Wks,9.0,2021/09/12,2022/09/11,Total U.S.,Bananas,463041781.6,458676945.4,-0.0094,0.5539,0.5866,0.059,244293502.8,246585108.2,0.0094,1.0499,1.0911,0.0393,256472881.5,269050934.1,0.049
Produce,Last 04 Wks,9.0,2021/09/12,2022/09/11,Total U.S.,Cherries,28216836.3,30108496.92,0.067,3.5326,4.6678,0.3214,19435631.01,22056072.43,0.1348,5.1286,6.372,0.2424,99677671.74,140541728.2,0.41
Produce,Last 04 Wks,9.0,2021/09/12,2022/09/11,Total U.S.,Coconuts,819738.3764,850425.9968,0.0374,2.1773,2.3119,0.0618,674935.6261,687969.8821,0.0193,2.6445,2.8578,0.0807,1784850.671,1966106.881,0.1016
Produce,Last 04 Wks,9.0,2021/09/12,2022/09/11,Total U.S.,Dates,3311.2326,2961.2973,-0.1057,8.4329,8.5672,0.0159,4856.5145,4022.2061,-0.1718,5.7496,6.3075,0.097,27923.2327,25370.0708,-0.0914
Produce,Last 04 Wks,9.0,2021/09/12,2022/09/11,Total U.S.,Grapefruit,9799240.039,8051907.149,-0.1783,1.499,1.5102,0.0075,4900979.588,3928760.377,-0.1984,2.9971,3.0951,0.0327,14688825.4,12159799.33,-0.1722
Produce,Last 04 Wks,9.0,2021/09/12,2022/09/11,Total U.S.,Grapes,182198055.3,175841569.7,-0.0349,1.8657,1.9969,0.0703,98298227.78,93989720.73,-0.0438,3.4581,3.7358,0.0803,339925264.8,351129576.6,0.033
Produce,Last 04 Wks,9.0,2021/09/12,2022/09/11,Total U.S.,Kiwi,7451827.755,7799340.592,0.0466,2.8776,3.1385,0.0907,6817231.595,6350871.888,-0.0684,3.1455,3.8544,0.2254,21443596.75,24478594.07,0.1415
Produce,Last 04 Wks,9.0,2021/09/12,2022/09/11,Total U.S.,Lemons,34794633.7,33420454.5,-0.0395,1.9845,2.0571,0.0366,37906747.22,35335346.9,-0.0678,1.8215,1.9456,0.0681,69048347.33,68748585.41,-0.0043
Produce,Last 04 Wks,9.0,2021/09/12,2022/09/11,Total U.S.,Limes,32556057.6,32064110.66,-0.0151,1.7329,1.8544,0.0701,38484382.96,39361818.56,0.0228,1.466,1.5106,0.0305,56416493.42,59460122.7,0.0539
Produce,Last 04 Wks,9.0,2021/09/12,2022/09/11,Total U.S.,Mangoes,27070696.34,29268425.42,0.0812,1.4543,1.6508,0.1351,23802709.1,26140421.07,0.0982,1.654,1.8483,0.1175,39369245.86,48316011.51,0.2273
Produce,Last 04 Wks,9.0,2021/09/12,2022/09/11,Total U.S.,Melons,529900106.7,493972385.9,-0.0678,0.671,0.7826,0.1663,86937607.23,84706433.75,-0.0257,4.0898,4.5636,0.1159,355558635.8,386568660.7,0.0872
Produce,Last 04 Wks,9.0,2021/09/12,2022/09/11,Total U.S.,Nectarines,36622346.8,32124478.73,-0.1228,1.8867,2.2302,0.1821,25552080.33,22075221.68,-0.1361,2.704,3.2454,0.2002,69093667.66,71642510.97,0.0369
Produce,Last 04 Wks,9.0,2021/09/12,2022/09/11,Total U.S.,Oranges,48776577.12,41357378.9,-0.1521,1.46,1.7174,0.1764,21449449.35,18850956.32,-0.1211,3.32,3.7679,0.1349,71211941.87,71028815.55,-0.0026
Produce,Last 04 Wks,9.0,2021/09/12,2022/09/11,Total U.S.,Other,4103789.067,4028360.597,-0.0184,3.3755,3.8295,0.1345,5393849.832,4748783.972,-0.1196,2.5682,3.2486,0.2649,13852536.96,15426777.17,0.1136
Produce,Last 04 Wks,9.0,2021/09/12,2022/09/11,Total U.S.,Papaya,6933625.087,7850076.221,0.1322,1.253,1.3023,0.0393,3142289.866,3704398.382,0.1789,2.7649,2.7597,-0.0019,8688002.689,10222972.65,0.1767
Produce,Last 04 Wks,9.0,2021/09/12,2022/09/11,Total U.S.,Peaches,69051368.64,65779932.4,-0.0474,1.7448,2.1024,0.205,43792575.19,41918055.07,-0.0428,2.7512,3.2993,0.1992,120481471.8,138298482.6,0.1479
Produce,Last 04 Wks,9.0,2021/09/12,2022/09/11,Total U.S.,Pears,17370539.69,15485696.86,-0.1085,1.6659,1.8817,0.1295,10113117.56,9054547.493,-0.1047,2.8614,3.2181,0.1247,28937781.31,29138853.5,0.0069
Produce,Last 04 Wks,9.0,2021/09/12,2022/09/11,Total U.S.,Pineapple,60321597.34,58990439.38,-0.0221,1.231,1.3263,0.0775,23766669.48,23284480.81,-0.0203,3.1243,3.3602,0.0755,74254639.59,78240747.91,0.0537
Produce,Last 04 Wks,9.0,2021/09/12,2022/09/11,Total U.S.,Plums,28306204.71,22318061.22,-0.2115,1.6139,2.1803,0.351,19340424.27,15996785.74,-0.1729,2.362,3.0419,0.2878,45682300.91,48660540.68,0.0652
Produce,Last 04 Wks,9.0,2021/09/12,2022/09/11,Total U.S.,Pomegranates,721625.0269,547893.9641,-0.2407,4.4307,5.711,0.289,920916.8203,765583.3454,-0.1687,3.4718,4.0871,0.1772,3197284.165,3129007.363,-0.0214
Produce,Last 04 Wks,9.0,2021/09/12,2022/09/11,Total U.S.,Rhubarb,184800.0,544360.0,1.9457,0.1629,0.1845,0.1322,9240.0,27218.0,1.9457,3.2587,3.6894,0.1322,30110.13,100417.7,2.335
Produce,Last 04 Wks,9.0,2021/09/12,2022/09/11,Total U.S.,Tangelos,1231631.71,1163426.459,-0.0554,1.5678,1.8192,0.1603,808545.7774,785943.9767,-0.028,2.3882,2.6929,0.1276,1930936.641,2116447.657,0.0961
Produce,Last 04 Wks,9.0,2021/09/12,2022/09/11,Total U.S.,Tangerines,72890822.72,71303822.69,-0.0218,1.4137,1.5608,0.104,24251948.63,23841933.3,-0.0169,4.2491,4.668,0.0986,103048314.7,111293308.9,0.08
Produce,Last 04 Wks,9.0,2021/09/12,2022/09/11,Total U.S.,Variety,18030279.38,16362425.85,-0.0925,4.3578,4.7475,0.0894,14624461.17,13992691.27,-0.0432,5.3726,5.5515,0.0333,78571629.57,77680488.38,-0.0113
Produce,Last 04 Wks,10.0,2021/10/10,2022/10/09,Total U.S.,Total Store with Perimeter,0.0,0.0,0.0,0.0,0.0,0.0,19291700654.0,18634946221.0,-0.034,3.8337,4.3325,0.1301,73957906030.0,80735079900.0,0.0916
Produce,Last 04 Wks,10.0,2021/10/10,2022/10/09,Total U.S.,Produce Department,3405417089.0,3276201519.0,-0.0379,1.6495,1.7908,0.0857,2329780964.0,2278359348.0,-0.0221,2.411,2.5752,0.0681,5617086061.0,5867167970.0,0.0445
Produce,Last 04 Wks,10.0,2021/10/10,2022/10/09,Total U.S.,Vegetable Aisle,1676042611.0,1603598556.0,-0.0432,1.6829,1.8605,0.1056,1278040266.0,1237127501.0,-0.032,2.2069,2.4117,0.0928,2820544959.0,2983523323.0,0.0578
Produce,Last 04 Wks,10.0,2021/10/10,2022/10/09,Total U.S.,Fruit Aisle,1701278353.0,1641348290.0,-0.0352,1.5933,1.6992,0.0665,999909724.3,986086509.9,-0.0138,2.7109,2.8283,0.0433,2710627331.0,2788971253.0,0.0289
Produce,Last 04 Wks,10.0,2021/10/10,2022/10/09,Total U.S.,Blackberries,8177997.409,6922467.754,-0.1535,6.8042,7.9565,0.1693,17948802.16,14970951.26,-0.1659,3.1002,3.679,0.1867,55645070.63,55078763.19,-0.0102
Produce,Last 04 Wks,10.0,2021/10/10,2022/10/09,Total U.S.,Blueberries,30781371.79,38855692.67,0.2623,5.6855,4.9892,-0.1225,42093809.78,48619119.37,0.155,4.1576,3.9873,-0.0409,175007280.2,193859281.6,0.1077
Produce,Last 04 Wks,10.0,2021/10/10,2022/10/09,Total U.S.,Raspberries,10397915.24,11080867.27,0.0657,7.9937,8.0646,0.0089,23548469.65,25335311.1,0.0759,3.5296,3.5272,-0.0007,83117689.09,89362379.12,0.0751
Produce,Last 04 Wks,10.0,2021/10/10,2022/10/09,Total U.S.,Strawberries,85198728.85,72409824.46,-0.1501,3.0977,3.4019,0.0982,74053889.74,62868958.07,-0.151,3.5639,3.9182,0.0994,263922262.1,246332831.6,-0.0666
Produce,Last 04 Wks,10.0,2021/10/10,2022/10/09,Total U.S.,Apples,207865296.9,201118888.2,-0.0325,1.746,1.8642,0.0677,100320709.3,96571996.05,-0.0374,3.6177,3.8823,0.0731,362933115.1,374919525.2,0.033
Produce,Last 04 Wks,10.0,2021/10/10,2022/10/09,Total U.S.,Apricots,100635.7741,104996.4841,0.0433,3.4636,4.0754,0.1766,114945.8281,133103.7974,0.158,3.0324,3.2148,0.0601,348562.075,427900.3092,0.2276
Produce,Last 04 Wks,10.0,2021/10/10,2022/10/09,Total U.S.,Avocados,76798423.28,77139573.79,0.0044,2.525,2.4205,-0.0414,92623324.13,97158764.44,0.049,2.0936,1.9218,-0.0821,193915850.5,186716991.0,-0.0371
Produce,Last 04 Wks,10.0,2021/10/10,2022/10/09,Total U.S.,Bananas,455115418.6,455660477.6,0.0012,0.5569,0.5844,0.0493,239764169.2,245236740.0,0.0228,1.0572,1.0858,0.0271,253472265.2,266288210.6,0.0506
Produce,Last 04 Wks,10.0,2021/10/10,2022/10/09,Total U.S.,Cherries,926985.1168,2393054.059,1.5815,3.1676,5.7863,0.8267,629521.8114,1724634.092,1.7396,4.6643,8.0289,0.7213,2936295.292,13846836.22,3.7158
Produce,Last 04 Wks,10.0,2021/10/10,2022/10/09,Total U.S.,Coconuts,703465.3456,780360.0815,0.1093,2.2001,2.3479,0.0672,577787.03,633359.7139,0.0962,2.6786,2.8928,0.08,1547667.735,1832189.176,0.1838
Produce,Last 04 Wks,10.0,2021/10/10,2022/10/09,Total U.S.,Dates,3798.9178,4080.8486,0.0742,8.2864,8.2956,0.0011,5683.6563,5668.0396,-0.0027,5.5386,5.9726,0.0784,31479.3487,33853.0289,0.0754
Produce,Last 04 Wks,10.0,2021/10/10,2022/10/09,Total U.S.,Grapefruit,8581831.112,7906633.568,-0.0787,1.5094,1.4915,-0.0119,4067388.028,3827091.938,-0.0591,3.1846,3.0813,-0.0324,12953081.2,11792459.41,-0.0896
Produce,Last 04 Wks,10.0,2021/10/10,2022/10/09,Total U.S.,Grapes,195232952.3,188371302.5,-0.0351,1.8883,2.0195,0.0695,104172920.3,102687685.6,-0.0143,3.5389,3.7045,0.0468,368653092.0,380410838.2,0.0319
Produce,Last 04 Wks,10.0,2021/10/10,2022/10/09,Total U.S.,Kiwi,7162333.35,7403814.261,0.0337,2.9883,3.3217,0.1116,6642801.022,6192112.084,-0.0678,3.222,3.9718,0.2327,21403085.62,24593543.72,0.1491
Produce,Last 04 Wks,10.0,2021/10/10,2022/10/09,Total U.S.,Lemons,31879604.87,30494925.42,-0.0434,1.9849,2.0655,0.0406,34552398.71,32425864.4,-0.0615,1.8313,1.9425,0.0607,63277131.05,62987458.39,-0.0046
Produce,Last 04 Wks,10.0,2021/10/10,2022/10/09,Total U.S.,Limes,29187452.67,29649026.1,0.0158,1.7124,1.7893,0.0449,34556471.19,36778920.58,0.0643,1.4463,1.4424,-0.0027,49979653.9,53050181.18,0.0614
Produce,Last 04 Wks,10.0,2021/10/10,2022/10/09,Total U.S.,Mangoes,16925663.11,16173502.86,-0.0444,1.8442,2.0235,0.0972,16216537.67,15714916.33,-0.0309,1.9248,2.0825,0.0819,31213817.84,32726699.18,0.0485
Produce,Last 04 Wks,10.0,2021/10/10,2022/10/09,Total U.S.,Melons,230344800.1,203951264.7,-0.1146,0.9793,1.1377,0.1618,52795895.84,50169706.95,-0.0497,4.2726,4.6251,0.0825,225575248.8,232038795.2,0.0287
Produce,Last 04 Wks,10.0,2021/10/10,2022/10/09,Total U.S.,Nectarines,14534157.68,9465023.249,-0.3488,2.1046,2.3902,0.1357,10322350.76,6499153.866,-0.3704,2.9634,3.4809,0.1746,30589174.43,22623082.84,-0.2604
Produce,Last 04 Wks,10.0,2021/10/10,2022/10/09,Total U.S.,Oranges,47905571.55,41328420.92,-0.1373,1.4916,1.7205,0.1534,20805296.47,18737980.76,-0.0994,3.4346,3.7947,0.1049,71457746.59,71105453.35,-0.0049
Produce,Last 04 Wks,10.0,2021/10/10,2022/10/09,Total U.S.,Other,3278382.278,3267046.855,-0.0035,3.6808,3.9522,0.0737,4204236.514,4103303.774,-0.024,2.8702,3.1467,0.0963,12066996.26,12912006.83,0.07
Produce,Last 04 Wks,10.0,2021/10/10,2022/10/09,Total U.S.,Papaya,5874373.769,7278822.113,0.2391,1.3104,1.2988,-0.0089,2709177.095,3427568.528,0.2652,2.8414,2.758,-0.0293,7697744.421,9453386.301,0.2281
Produce,Last 04 Wks,10.0,2021/10/10,2022/10/09,Total U.S.,Peaches,40715585.85,33663248.4,-0.1732,1.8226,2.244,0.2312,25372261.34,21856700.67,-0.1386,2.9248,3.4562,0.1817,74209871.7,75541363.32,0.0179
Produce,Last 04 Wks,10.0,2021/10/10,2022/10/09,Total U.S.,Pears,24234819.94,21848865.46,-0.0985,1.7117,1.9647,0.1478,14166219.36,13097322.69,-0.0755,2.9283,3.2774,0.1192,41483210.74,42925429.52,0.0348
Produce,Last 04 Wks,10.0,2021/10/10,2022/10/09,Total U.S.,Pineapple,56469697.6,54096914.77,-0.042,1.2222,1.3137,0.0748,22119404.26,21423908.19,-0.0314,3.1203,3.3172,0.0631,69019858.77,71067248.61,0.0297
Produce,Last 04 Wks,10.0,2021/10/10,2022/10/09,Total U.S.,Plums,15213784.51,13462702.23,-0.1151,1.8413,2.1078,0.1447,11006009.55,9398141.671,-0.1461,2.5453,3.0194,0.1863,28013761.29,28377000.93,0.013
Produce,Last 04 Wks,10.0,2021/10/10,2022/10/09,Total U.S.,Pomegranates,2213670.567,2118724.837,-0.0429,3.0282,3.1805,0.0503,2388040.488,2274525.424,-0.0475,2.8071,2.9627,0.0554,6703360.961,6738706.621,0.0053
Produce,Last 04 Wks,10.0,2021/10/10,2022/10/09,Total U.S.,Rhubarb,130540.0,190420.0,0.4587,0.1634,0.1891,0.1575,6527.0,9521.0,0.4587,3.2679,3.7825,0.1575,21329.53,36013.04,0.6884
Produce,Last 04 Wks,10.0,2021/10/10,2022/10/09,Total U.S.,Tangelos,1173612.764,899268.676,-0.2338,1.65,2.0783,0.2596,776009.1909,621275.4654,-0.1994,2.4955,3.0083,0.2055,1936497.761,1868979.008,-0.0349
Produce,Last 04 Wks,10.0,2021/10/10,2022/10/09,Total U.S.,Tangerines,75041651.97,85851409.85,0.1441,1.5112,1.5577,0.0308,24754497.95,28063008.75,0.1337,4.581,4.7654,0.0403,113399376.5,133730572.7,0.1793
Produce,Last 04 Wks,10.0,2021/10/10,2022/10/09,Total U.S.,Variety,16531076.86,15175756.63,-0.082,4.4113,4.7369,0.0738,13839901.77,13089790.15,-0.0542,5.269,5.4918,0.0423,72922724.2,71886727.78,-0.0142
Produce,Last 04 Wks,11.0,2021/11/07,2022/11/06,Total U.S.,Total Store with Perimeter,0.0,0.0,0.0,0.0,0.0,0.0,19533160855.0,18763485530.0,-0.0394,3.8638,4.3673,0.1303,75472706649.0,81945524757.0,0.0858
Produce,Last 04 Wks,11.0,2021/11/07,2022/11/06,Total U.S.,Produce Department,3353033436.0,3294417541.0,-0.0175,1.6379,1.7572,0.0728,2274262184.0,2266603671.0,-0.0034,2.4148,2.554,0.0576,5491873487.0,5788908221.0,0.0541
Produce,Last 04 Wks,11.0,2021/11/07,2022/11/06,Total U.S.,Vegetable Aisle,1781073332.0,1746199089.0,-0.0196,1.6061,1.7613,0.0966,1273068105.0,1253825859.0,-0.0151,2.2471,2.4529,0.0916,2860662583.0,3075527444.0,0.0751
Produce,Last 04 Wks,11.0,2021/11/07,2022/11/06,Total U.S.,Fruit Aisle,1544242270.0,1517095649.0,-0.0176,1.6473,1.724,0.0465,950285778.3,956815406.2,0.0069,2.677,2.7335,0.0211,2543897835.0,2615451896.0,0.0281
Produce,Last 04 Wks,11.0,2021/11/07,2022/11/06,Total U.S.,Blackberries,6987383.875,7565377.706,0.0827,7.1979,7.242,0.0061,15345421.25,16581919.9,0.0806,3.2775,3.3041,0.0081,50294142.3,54788711.65,0.0894
Produce,Last 04 Wks,11.0,2021/11/07,2022/11/06,Total U.S.,Blueberries,36424483.93,42612977.96,0.1699,5.0951,4.3934,-0.1377,48591007.05,53413056.15,0.0992,3.8194,3.505,-0.0823,185587250.4,187215161.6,0.0088
Produce,Last 04 Wks,11.0,2021/11/07,2022/11/06,Total U.S.,Raspberries,11673953.39,13949362.4,0.1949,7.2584,6.5863,-0.0926,27035884.08,32461891.87,0.2007,3.1341,2.8302,-0.097,84734464.5,91874491.48,0.0843
Produce,Last 04 Wks,11.0,2021/11/07,2022/11/06,Total U.S.,Strawberries,67513103.2,61384286.85,-0.0908,3.4238,3.8003,0.11,59218490.11,53758013.07,-0.0922,3.9034,4.3394,0.1117,231152752.8,233278480.6,0.0092
Produce,Last 04 Wks,11.0,2021/11/07,2022/11/06,Total U.S.,Apples,214159591.8,209923184.3,-0.0198,1.7579,1.8474,0.0509,102934170.1,100240779.5,-0.0262,3.6575,3.8687,0.0578,376476990.1,387802953.3,0.0301
Produce,Last 04 Wks,11.0,2021/11/07,2022/11/06,Total U.S.,Apricots,72092.4699,72052.4274,-0.0006,3.4991,4.1215,0.1778,79848.5607,94256.1597,0.1804,3.1592,3.1506,-0.0027,252261.5076,296961.028,0.1772
Produce,Last 04 Wks,11.0,2021/11/07,2022/11/06,Total U.S.,Avocados,77085507.03,79098211.68,0.0261,2.4347,2.2875,-0.0605,92965078.0,97068051.07,0.0441,2.0188,1.8641,-0.0767,187682056.5,180940240.5,-0.0359
Produce,Last 04 Wks,11.0,2021/11/07,2022/11/06,Total U.S.,Bananas,449671721.3,450413388.3,0.0016,0.5544,0.5829,0.0514,236804376.5,242834947.9,0.0255,1.0527,1.0811,0.027,249294581.7,262534129.9,0.0531
Produce,Last 04 Wks,11.0,2021/11/07,2022/11/06,Total U.S.,Cherries,42354.871,58137.174,0.3726,5.4592,4.4914,-0.1773,52420.6975,53159.8334,0.0141,4.4109,4.912,0.1136,231221.7222,261119.5849,0.1293
Produce,Last 04 Wks,11.0,2021/11/07,2022/11/06,Total U.S.,Coconuts,707484.5063,745383.5632,0.0536,2.1996,2.3459,0.0665,582094.8017,606507.252,0.0419,2.6735,2.883,0.0784,1556201.661,1748576.252,0.1236
Produce,Last 04 Wks,11.0,2021/11/07,2022/11/06,Total U.S.,Dates,4958.4386,3930.796,-0.2073,8.1744,8.8907,0.0876,7408.7308,5696.3555,-0.2311,5.4709,6.1351,0.1214,40532.3765,34947.7082,-0.1378
Produce,Last 04 Wks,11.0,2021/11/07,2022/11/06,Total U.S.,Grapefruit,8804871.945,7896656.679,-0.1031,1.5303,1.52,-0.0067,4051470.677,3678476.778,-0.0921,3.3257,3.2631,-0.0188,13474070.06,12003305.79,-0.1092
Produce,Last 04 Wks,11.0,2021/11/07,2022/11/06,Total U.S.,Grapes,191077606.1,187189518.7,-0.0203,1.8051,1.9207,0.064,100322789.5,99663458.7,-0.0066,3.4381,3.6075,0.0493,344918799.2,359538545.3,0.0424
Produce,Last 04 Wks,11.0,2021/11/07,2022/11/06,Total U.S.,Kiwi,7212211.39,7693949.68,0.0668,2.9422,3.3202,0.1285,6400435.493,6520110.765,0.0187,3.3154,3.918,0.1818,21219779.14,25545729.29,0.2039
Produce,Last 04 Wks,11.0,2021/11/07,2022/11/06,Total U.S.,Lemons,29833721.64,29995285.59,0.0054,1.9826,2.0497,0.0338,32302487.06,32371113.23,0.0021,1.8311,1.8993,0.0372,59148466.99,61481117.05,0.0394
Produce,Last 04 Wks,11.0,2021/11/07,2022/11/06,Total U.S.,Limes,26741083.82,28313564.62,0.0588,1.6829,1.7337,0.0302,31697538.21,34977899.19,0.1035,1.4197,1.4034,-0.0115,45001505.15,49087892.1,0.0908
Produce,Last 04 Wks,11.0,2021/11/07,2022/11/06,Total U.S.,Mangoes,12872080.47,13183112.26,0.0242,2.0671,2.1253,0.0282,12962858.16,13518222.16,0.0428,2.0526,2.0726,0.0097,26607672.49,28017731.65,0.053
Produce,Last 04 Wks,11.0,2021/11/07,2022/11/06,Total U.S.,Melons,121888211.9,109571444.7,-0.101,1.2948,1.4991,0.1578,37033822.05,35821502.85,-0.0327,4.2616,4.5855,0.076,157824566.0,164259019.5,0.0408
Produce,Last 04 Wks,11.0,2021/11/07,2022/11/06,Total U.S.,Nectarines,2113050.542,375559.0396,-0.8223,2.1752,2.6834,0.2336,1616639.516,279833.8988,-0.8269,2.8431,3.6013,0.2667,4596283.899,1007774.05,-0.7807
Produce,Last 04 Wks,11.0,2021/11/07,2022/11/06,Total U.S.,Oranges,45942062.64,42697224.54,-0.0706,1.5011,1.6849,0.1224,20331498.51,19642976.42,-0.0339,3.392,3.6624,0.0797,68963724.87,71939922.57,0.0432
Produce,Last 04 Wks,11.0,2021/11/07,2022/11/06,Total U.S.,Other,4015946.008,3498221.919,-0.1289,3.4309,3.73,0.0872,4726251.915,4210979.916,-0.109,2.9153,3.0987,0.0629,13778496.64,13048524.01,-0.053
Produce,Last 04 Wks,11.0,2021/11/07,2022/11/06,Total U.S.,Papaya,5452586.315,6532234.989,0.198,1.3277,1.3462,0.014,2558123.538,3142638.187,0.2285,2.8299,2.7982,-0.0112,7239150.107,8793747.762,0.2147
Produce,Last 04 Wks,11.0,2021/11/07,2022/11/06,Total U.S.,Peaches,18890275.29,13637834.76,-0.278,1.908,2.2471,0.1777,12051605.74,8945491.414,-0.2577,2.9908,3.4258,0.1454,36043464.04,30645128.66,-0.1498
Produce,Last 04 Wks,11.0,2021/11/07,2022/11/06,Total U.S.,Pears,30646075.24,26989236.89,-0.1193,1.6796,1.9269,0.1472,17765410.29,15933445.38,-0.1031,2.8974,3.264,0.1265,51474244.54,52006428.84,0.0103
Produce,Last 04 Wks,11.0,2021/11/07,2022/11/06,Total U.S.,Pineapple,51291588.69,52031118.94,0.0144,1.297,1.3313,0.0264,22189143.14,21537367.01,-0.0294,2.9981,3.2161,0.0727,66525375.8,69266844.75,0.0412
Produce,Last 04 Wks,11.0,2021/11/07,2022/11/06,Total U.S.,Plums,9044364.462,6475732.818,-0.284,1.9165,2.3349,0.2183,6021506.534,4252622.536,-0.2938,2.8786,3.5555,0.2352,17333546.49,15120289.31,-0.1277
Produce,Last 04 Wks,11.0,2021/11/07,2022/11/06,Total U.S.,Pomegranates,8685670.793,8823601.821,0.0159,2.4653,2.5737,0.044,8845460.973,9034279.201,0.0213,2.4208,2.5137,0.0384,21413180.7,22709553.39,0.0605
Produce,Last 04 Wks,11.0,2021/11/07,2022/11/06,Total U.S.,Rhubarb,1300.0,160.0,-0.8769,0.1628,0.2004,0.2314,65.0,8.0,-0.8769,3.2555,4.0088,0.2314,211.61,32.07,-0.8484
Produce,Last 04 Wks,11.0,2021/11/07,2022/11/06,Total U.S.,Tangelos,278324.9989,83557.584,-0.6998,1.928,2.3355,0.2114,180747.445,57611.383,-0.6813,2.9688,3.3873,0.141,536604.2241,195146.1629,-0.6363
Produce,Last 04 Wks,11.0,2021/11/07,2022/11/06,Total U.S.,Tangerines,84859926.34,86683098.95,0.0215,1.5404,1.5993,0.0382,27094272.83,27996880.65,0.0333,4.8245,4.9516,0.0264,130715068.4,138629061.0,0.0605
Produce,Last 04 Wks,11.0,2021/11/07,2022/11/06,Total U.S.,Variety,15723924.15,15186618.68,-0.0342,4.4038,4.6675,0.0599,13269337.42,13011744.49,-0.0194,5.2184,5.4476,0.0439,69244600.74,70882920.83,0.0237
Produce,Last 04 Wks,12.0,2021/12/05,2022/12/04,Total U.S.,Total Store with Perimeter,0.0,0.0,0.0,0.0,0.0,0.0,20137380655.0,19554477280.0,-0.0289,3.8593,4.3571,0.129,77715994313.0,85200496251.0,0.0963
Produce,Last 04 Wks,12.0,2021/12/05,2022/12/04,Total U.S.,Produce Department,3242258951.0,3230083844.0,-0.0038,1.712,1.8114,0.058,2325257220.0,2327527266.0,0.001,2.3872,2.5138,0.053,5550797161.0,5850966271.0,0.0541
Produce,Last 04 Wks,12.0,2021/12/05,2022/12/04,Total U.S.,Vegetable Aisle,1708946412.0,1716423119.0,0.0044,1.7003,1.8291,0.0757,1327161416.0,1320507144.0,-0.005,2.1894,2.3775,0.0859,2905730131.0,3139450684.0,0.0804
Produce,Last 04 Wks,12.0,2021/12/05,2022/12/04,Total U.S.,Fruit Aisle,1505095647.0,1482579753.0,-0.015,1.6813,1.7436,0.0371,935682727.9,940105540.6,0.0047,2.7045,2.7497,0.0167,2530529436.0,2585049272.0,0.0215
Produce,Last 04 Wks,12.0,2021/12/05,2022/12/04,Total U.S.,Blackberries,7873176.398,8702375.084,0.1053,6.7436,6.7576,0.0021,17289109.43,19101170.22,0.1048,3.0709,3.0787,0.0025,53093610.99,58806754.61,0.1076
Produce,Last 04 Wks,12.0,2021/12/05,2022/12/04,Total U.S.,Blueberries,39052669.32,43619296.51,0.1169,4.5682,4.2963,-0.0595,50368275.3,54357503.61,0.0792,3.5419,3.4476,-0.0266,178399268.3,187403074.0,0.0505
Produce,Last 04 Wks,12.0,2021/12/05,2022/12/04,Total U.S.,Raspberries,12416308.76,13683292.67,0.102,7.1773,7.0454,-0.0184,28556266.48,31550428.53,0.1049,3.1207,3.0556,-0.0209,89115958.22,96404614.67,0.0818
Produce,Last 04 Wks,12.0,2021/12/05,2022/12/04,Total U.S.,Strawberries,54611596.47,44950510.42,-0.1769,4.2818,4.6805,0.0931,48956903.34,40910485.55,-0.1644,4.7763,5.1427,0.0767,233833586.0,210391801.2,-0.1002
Produce,Last 04 Wks,12.0,2021/12/05,2022/12/04,Total U.S.,Apples,215014308.4,210326013.7,-0.0218,1.7845,1.893,0.0608,102544403.6,100302578.5,-0.0219,3.7417,3.9695,0.0609,383695391.8,398147643.0,0.0377
Produce,Last 04 Wks,12.0,2021/12/05,2022/12/04,Total U.S.,Apricots,21911.038,30793.7987,0.4054,4.3556,4.4185,0.0144,28030.7888,39403.9303,0.4057,3.4047,3.453,0.0142,95435.5984,136061.9159,0.4257
Produce,Last 04 Wks,12.0,2021/12/05,2022/12/04,Total U.S.,Avocados,72705526.01,73911236.76,0.0166,2.4487,2.2752,-0.0709,88782237.47,89652361.15,0.0098,2.0053,1.8757,-0.0646,178037399.8,168165392.2,-0.0554
Produce,Last 04 Wks,12.0,2021/12/05,2022/12/04,Total U.S.,Bananas,441272390.9,439990146.9,-0.0029,0.5597,0.5841,0.0435,232450199.9,235578815.4,0.0135,1.0626,1.0909,0.0267,246996633.0,257003030.4,0.0405
Produce,Last 04 Wks,12.0,2021/12/05,2022/12/04,Total U.S.,Cherries,649687.2348,1068214.251,0.6442,6.4775,6.2531,-0.0346,547250.7571,870070.8461,0.5899,7.69,7.6771,-0.0017,4208332.102,6679620.583,0.5872
Produce,Last 04 Wks,12.0,2021/12/05,2022/12/04,Total U.S.,Coconuts,660961.1355,711112.4493,0.0759,2.175,2.3392,0.0755,540265.7145,578386.1203,0.0706,2.6609,2.8759,0.0808,1437573.726,1663398.758,0.1571
Produce,Last 04 Wks,12.0,2021/12/05,2022/12/04,Total U.S.,Dates,8192.1323,4797.9541,-0.4143,8.0265,8.8691,0.105,12769.7114,7258.0824,-0.4316,5.1492,5.8629,0.1386,65753.7709,42553.6571,-0.3528
Produce,Last 04 Wks,12.0,2021/12/05,2022/12/04,Total U.S.,Grapefruit,9704498.091,10579096.99,0.0901,1.5253,1.485,-0.0264,4263302.3,4573238.085,0.0727,3.472,3.4352,-0.0106,14802388.62,15710071.2,0.0613
Produce,Last 04 Wks,12.0,2021/12/05,2022/12/04,Total U.S.,Grapes,157837004.6,157455555.0,-0.0024,1.9554,2.0174,0.0317,83226456.96,84712892.32,0.0179,3.7084,3.7498,0.0112,308633807.0,317655130.3,0.0292
Produce,Last 04 Wks,12.0,2021/12/05,2022/12/04,Total U.S.,Kiwi,7475833.429,7285968.654,-0.0254,2.7339,3.2299,0.1814,6044882.627,5823071.187,-0.0367,3.3811,4.0413,0.1952,20438497.12,23532701.1,0.1514
Produce,Last 04 Wks,12.0,2021/12/05,2022/12/04,Total U.S.,Lemons,33264005.73,34047355.82,0.0235,1.9831,2.0458,0.0316,37533275.53,38087759.66,0.0148,1.7575,1.8288,0.0405,65966258.41,69655186.34,0.0559
Produce,Last 04 Wks,12.0,2021/12/05,2022/12/04,Total U.S.,Limes,26687091.19,28607838.6,0.072,1.6468,1.7418,0.0577,31950170.26,35379553.62,0.1073,1.3755,1.4084,0.0239,43947668.4,49827986.88,0.1338
Produce,Last 04 Wks,12.0,2021/12/05,2022/12/04,Total U.S.,Mangoes,14526425.06,15763605.5,0.0852,1.9558,1.973,0.0088,14769715.94,15880735.1,0.0752,1.9236,1.9585,0.0181,28410768.47,31102343.46,0.0947
Produce,Last 04 Wks,12.0,2021/12/05,2022/12/04,Total U.S.,Melons,87493219.43,78376453.64,-0.1042,1.4535,1.6927,0.1646,29481683.96,28498757.71,-0.0333,4.3136,4.6553,0.0792,127170751.3,132670431.1,0.0432
Produce,Last 04 Wks,12.0,2021/12/05,2022/12/04,Total U.S.,Nectarines,55914.1663,41205.0419,-0.2631,2.2768,2.8772,0.2637,41364.943,38499.0617,-0.0693,3.0777,3.0794,0.0006,127307.4633,118554.2374,-0.0688
Produce,Last 04 Wks,12.0,2021/12/05,2022/12/04,Total U.S.,Oranges,70575670.58,67094987.5,-0.0493,1.3342,1.4673,0.0998,30360825.94,28821692.56,-0.0507,3.1013,3.4157,0.1014,94159529.85,98447151.75,0.0455
Produce,Last 04 Wks,12.0,2021/12/05,2022/12/04,Total U.S.,Other,4447833.081,3886434.092,-0.1262,3.2914,3.5192,0.0692,4751806.991,4201612.574,-0.1158,3.0808,3.2552,0.0566,14639437.39,13677022.18,-0.0657
Produce,Last 04 Wks,12.0,2021/12/05,2022/12/04,Total U.S.,Papaya,5276661.122,5905783.916,0.1192,1.34,1.3731,0.0247,2474656.859,2788657.338,0.1269,2.8573,2.908,0.0177,7070919.115,8109437.957,0.1469
Produce,Last 04 Wks,12.0,2021/12/05,2022/12/04,Total U.S.,Peaches,1379687.707,1121832.046,-0.1869,2.0805,2.2427,0.078,1041801.403,847674.0805,-0.1863,2.7552,2.9681,0.0772,2870422.762,2515957.988,-0.1235
Produce,Last 04 Wks,12.0,2021/12/05,2022/12/04,Total U.S.,Pears,28473375.11,25130621.14,-0.1174,1.7428,1.9611,0.1253,16435110.65,14721901.54,-0.1042,3.0193,3.3476,0.1087,49622940.76,49283056.63,-0.0068
Produce,Last 04 Wks,12.0,2021/12/05,2022/12/04,Total U.S.,Pineapple,59427447.58,60133418.46,0.0119,1.0878,1.1454,0.053,22917990.91,22434212.39,-0.0211,2.8206,3.0701,0.0885,64642771.03,68875963.61,0.0655
Produce,Last 04 Wks,12.0,2021/12/05,2022/12/04,Total U.S.,Plums,4325263.344,3276181.332,-0.2425,1.9732,2.4246,0.2288,2694534.969,2003062.148,-0.2566,3.1673,3.9657,0.2521,8534443.375,7943524.1,-0.0692
Produce,Last 04 Wks,12.0,2021/12/05,2022/12/04,Total U.S.,Pomegranates,14414343.88,16666030.6,0.1562,2.7203,2.7779,0.0212,14368926.4,16664968.78,0.1598,2.7289,2.7781,0.018,39211004.54,46296234.01,0.1807
Produce,Last 04 Wks,12.0,2021/12/05,2022/12/04,Total U.S.,Tangelos,38306.9289,23660.2639,-0.3824,2.2419,2.7722,0.2366,26337.0905,17239.9724,-0.3454,3.2608,3.8046,0.1668,85878.805,65590.5843,-0.2362
Produce,Last 04 Wks,12.0,2021/12/05,2022/12/04,Total U.S.,Tangerines,106394083.0,101096539.3,-0.0498,1.4878,1.4737,-0.0094,33488026.18,31830362.19,-0.0495,4.7267,4.6808,-0.0097,158288636.9,148990349.7,-0.0587
Produce,Last 04 Wks,12.0,2021/12/05,2022/12/04,Total U.S.,Variety,15052936.51,14666681.89,-0.0257,4.4885,4.7318,0.0542,12633398.5,12198717.04,-0.0344,5.3482,5.6891,0.0637,67565750.77,69399795.18,0.0271
Produce,Last 04 Wks,13.0,2022/01/02,2023/01/01,Total U.S.,Total Store with Perimeter,0.0,0.0,0.0,0.0,0.0,0.0,20634766836.0,20139638337.0,-0.024,4.0048,4.4802,0.1187,82637538471.0,90229082239.0,0.0919
Produce,Last 04 Wks,13.0,2022/01/02,2023/01/01,Total U.S.,Produce Department,3103230421.0,3086674117.0,-0.0053,1.7976,1.8907,0.0518,2276485746.0,2263435683.0,-0.0057,2.4504,2.5784,0.0523,5578222270.0,5836052577.0,0.0462
Produce,Last 04 Wks,13.0,2022/01/02,2023/01/01,Total U.S.,Vegetable Aisle,1588419125.0,1585025871.0,-0.0021,1.8123,1.9486,0.0752,1289644725.0,1271888175.0,-0.0138,2.2321,2.4284,0.0879,2878616065.0,3088605775.0,0.0729
Produce,Last 04 Wks,13.0,2022/01/02,2023/01/01,Total U.S.,Fruit Aisle,1484068384.0,1468581633.0,-0.0104,1.7352,1.779,0.0253,924238799.6,926134127.5,0.0021,2.7862,2.821,0.0125,2575122507.0,2612600630.0,0.0146
Produce,Last 04 Wks,13.0,2022/01/02,2023/01/01,Total U.S.,Blackberries,9759012.092,9570702.584,-0.0193,6.4101,6.6144,0.0319,21366112.57,21353577.53,-0.0006,2.9278,2.9646,0.0126,62556044.29,63304259.27,0.012
Produce,Last 04 Wks,13.0,2022/01/02,2023/01/01,Total U.S.,Blueberries,37096286.21,41486331.17,0.1183,4.6982,4.5154,-0.0389,47567315.75,52026888.15,0.0938,3.664,3.6006,-0.0173,174284583.9,187328390.9,0.0748
Produce,Last 04 Wks,13.0,2022/01/02,2023/01/01,Total U.S.,Raspberries,12820231.59,12232641.46,-0.0458,7.6341,7.9439,0.0406,29201599.34,27495285.23,-0.0584,3.3516,3.5343,0.0545,97871291.87,97175225.53,-0.0071
Produce,Last 04 Wks,13.0,2022/01/02,2023/01/01,Total U.S.,Strawberries,63432060.42,55603643.64,-0.1234,4.2768,4.7522,0.1112,56793287.21,50308954.4,-0.1142,4.7767,5.2524,0.0996,271285936.0,264242300.1,-0.026
Produce,Last 04 Wks,13.0,2022/01/02,2023/01/01,Total U.S.,Apples,192299738.4,186389695.4,-0.0307,1.8377,1.9331,0.0519,91524085.36,87977872.47,-0.0387,3.8612,4.0954,0.0607,353388639.1,360304012.2,0.0196
Produce,Last 04 Wks,13.0,2022/01/02,2023/01/01,Total U.S.,Apricots,77807.1591,93119.3227,0.1968,4.592,4.7838,0.0418,101466.5166,121002.6303,0.1925,3.5213,3.6814,0.0455,357291.527,445459.6802,0.2468
Produce,Last 04 Wks,13.0,2022/01/02,2023/01/01,Total U.S.,Avocados,77269050.4,78032059.47,0.0099,2.407,2.1615,-0.102,94953745.22,97019713.9,0.0218,1.9587,1.7385,-0.1124,185985239.6,168666319.7,-0.0931
Produce,Last 04 Wks,13.0,2022/01/02,2023/01/01,Total U.S.,Bananas,425009302.5,426343506.6,0.0031,0.571,0.5874,0.0287,224477970.0,230021409.2,0.0247,1.0811,1.0887,0.0071,242684300.8,250433509.3,0.0319
Produce,Last 04 Wks,13.0,2022/01/02,2023/01/01,Total U.S.,Cherries,3196464.746,4537858.457,0.4196,5.7094,5.4652,-0.0428,2662011.62,3744405.973,0.4066,6.8556,6.6233,-0.0339,18249742.81,24800237.8,0.3589
Produce,Last 04 Wks,13.0,2022/01/02,2023/01/01,Total U.S.,Coconuts,762876.3719,851234.3974,0.1158,2.1925,2.2663,0.0336,626742.4618,693100.1318,0.1059,2.6687,2.7833,0.0429,1672613.744,1929133.012,0.1534
Produce,Last 04 Wks,13.0,2022/01/02,2023/01/01,Total U.S.,Dates,8853.8285,5282.7769,-0.4033,7.9677,8.975,0.1264,14058.4856,7913.1089,-0.4371,5.0179,5.9917,0.1941,70544.6955,47413.155,-0.3279
Produce,Last 04 Wks,13.0,2022/01/02,2023/01/01,Total U.S.,Grapefruit,13417873.12,12380155.14,-0.0773,1.445,1.4388,-0.0043,5226611.217,5103218.254,-0.0236,3.7098,3.4904,-0.0591,19389423.84,17812189.18,-0.0813
Produce,Last 04 Wks,13.0,2022/01/02,2023/01/01,Total U.S.,Grapes,128916032.5,136197315.4,0.0565,2.1413,2.1876,0.0216,70117114.97,74302474.8,0.0597,3.937,4.0099,0.0185,276049636.2,297942683.9,0.0793
Produce,Last 04 Wks,13.0,2022/01/02,2023/01/01,Total U.S.,Kiwi,7158776.763,6645833.456,-0.0717,2.7096,3.1455,0.1609,5948880.17,5298093.279,-0.1094,3.2607,3.9457,0.2101,19397779.22,20904793.61,0.0777
Produce,Last 04 Wks,13.0,2022/01/02,2023/01/01,Total U.S.,Lemons,36160892.45,35411001.42,-0.0207,1.9783,2.0166,0.0194,40979159.83,39282764.14,-0.0414,1.7457,1.8178,0.0414,71535408.02,71410114.56,-0.0018
Produce,Last 04 Wks,13.0,2022/01/02,2023/01/01,Total U.S.,Limes,30594660.95,30819758.81,0.0074,1.6769,1.7328,0.0333,36541596.02,38438554.48,0.0519,1.404,1.3893,-0.0105,51304849.65,53403444.94,0.0409
Produce,Last 04 Wks,13.0,2022/01/02,2023/01/01,Total U.S.,Mangoes,15639075.81,18027695.35,0.1527,1.8224,1.776,-0.0255,16179027.07,18590339.1,0.149,1.7616,1.7222,-0.0224,28500826.84,32016508.27,0.1234
Produce,Last 04 Wks,13.0,2022/01/02,2023/01/01,Total U.S.,Melons,78466163.09,75366584.75,-0.0395,1.5228,1.6888,0.109,28022381.22,27653158.02,-0.0132,4.2641,4.6028,0.0794,119489712.9,127282004.8,0.0652
Produce,Last 04 Wks,13.0,2022/01/02,2023/01/01,Total U.S.,Nectarines,139266.8515,116525.0469,-0.1633,3.6113,3.7082,0.0268,111711.3068,103036.8098,-0.0777,4.5021,4.1936,-0.0685,502931.1447,432097.4636,-0.1408
Produce,Last 04 Wks,13.0,2022/01/02,2023/01/01,Total U.S.,Oranges,89492695.68,87925108.66,-0.0175,1.3019,1.3416,0.0305,34564361.09,33624133.42,-0.0272,3.3709,3.5083,0.0407,116514677.3,117963944.2,0.0124
Produce,Last 04 Wks,13.0,2022/01/02,2023/01/01,Total U.S.,Other,4009825.684,3514708.0,-0.1235,3.3357,3.717,0.1143,4356293.191,3851484.719,-0.1159,3.0704,3.392,0.1048,13375421.46,13064322.47,-0.0233
Produce,Last 04 Wks,13.0,2022/01/02,2023/01/01,Total U.S.,Papaya,5351920.717,5946426.62,0.1111,1.3427,1.3971,0.0405,2531393.135,2807411.026,0.109,2.8389,2.9593,0.0424,7186261.184,8307975.579,0.1561
Produce,Last 04 Wks,13.0,2022/01/02,2023/01/01,Total U.S.,Peaches,285658.7618,239707.404,-0.1609,3.5539,3.6177,0.018,246953.0205,223095.297,-0.0966,4.111,3.8871,-0.0544,1015215.796,867199.9769,-0.1458
Produce,Last 04 Wks,13.0,2022/01/02,2023/01/01,Total U.S.,Pears,26204530.9,23137662.52,-0.117,1.7925,1.9757,0.1022,14860433.56,13416569.94,-0.0972,3.1608,3.4072,0.0779,46971154.92,45712354.18,-0.0268
Produce,Last 04 Wks,13.0,2022/01/02,2023/01/01,Total U.S.,Pineapple,67884038.54,68095442.28,0.0031,1.0012,1.0474,0.0461,24570079.34,24495701.33,-0.003,2.7663,2.9117,0.0526,67968109.95,71324376.49,0.0494
Produce,Last 04 Wks,13.0,2022/01/02,2023/01/01,Total U.S.,Plums,197924.2079,185553.8401,-0.0625,2.5272,3.4956,0.3832,164224.0433,172070.4897,0.0478,3.0458,3.7695,0.2376,500200.8201,648623.4485,0.2967
Produce,Last 04 Wks,13.0,2022/01/02,2023/01/01,Total U.S.,Pomegranates,10255430.15,11385388.74,0.1102,3.21,3.1983,-0.0036,10524233.56,11432546.87,0.0863,3.128,3.1851,0.0183,32919814.52,36413686.89,0.1061
Produce,Last 04 Wks,13.0,2022/01/02,2023/01/01,Total U.S.,Rhubarb,80.0,20.0,-0.75,0.1355,0.1915,0.4133,4.0,1.0,-0.75,2.71,3.83,0.4133,10.84,3.83,-0.6467
Produce,Last 04 Wks,13.0,2022/01/02,2023/01/01,Total U.S.,Tangelos,54925.3221,64397.4172,0.1725,2.4023,2.273,-0.0538,37239.9757,42487.3266,0.1409,3.5431,3.4451,-0.0277,131946.7671,146374.7306,0.1093
Produce,Last 04 Wks,13.0,2022/01/02,2023/01/01,Total U.S.,Tangerines,125240326.2,115194394.7,-0.0802,1.5132,1.4857,-0.0181,39009911.93,35662493.2,-0.0858,4.858,4.7991,-0.0121,189510571.2,171148040.1,-0.0969
Produce,Last 04 Wks,13.0,2022/01/02,2023/01/01,Total U.S.,Variety,17072975.33,16488405.65,-0.0342,4.5275,4.7815,0.0561,13797327.07,13210387.44,-0.0425,5.6024,5.968,0.0653,77298661.78,78839803.86,0.0199
,,,,,,,,,,,,,,,,,,,,,
,,,,,,,,,,,,,,,,,,,,,
,,,,,,,,,,,,,,,,,,,,,
,,,,,,,,,,,,,,,,,,,,,
,,,,,,,,,,,,,,,,,,,,,
,,,,,,,,,,,,,,,,,,,,,
,,,,,,,,,,,,,,,,,,,,,
,,,,,,,,,,,,,,,,,,,,,
,,,,,,,,,,,,,,,,,,,,,
,,,,,,,,,,,,,,,,,,,,,
,,,,,,,,,,,,,,,,,,,,,
,,,,,,,,,,,,,,,,,,,,,
,,,,,,,,,,,,,,,,,,,,,
,,,,,,,,,,,,,,,,,,,,,
,,,,,,,,,,,,,,,,,,,,,
,,,,,,,,,,,,,,,,,,,,,
,,,,,,,,,,,,,,,,,,,,,
,,,,,,,,,,,,,,,,,,,,,
,,,,,,,,,,,,,,,,,,,,,
,,,,,,,,,,,,,,,,,,,,,
,,,,,,,,,,,,,,,,,,,,,
,,,,,,,,,,,,,,,,,,,,,
,,,,,,,,,,,,,,,,,,,,,
,,,,,,,,,,,,,,,,,,,,,
,,,,,,,,,,,,,,,,,,,,,
,,,,,,,,,,,,,,,,,,,,,
,,,,,,,,,,,,,,,,,,,,,
,,,,,,,,,,,,,,,,,,,,,
,,,,,,,,,,,,,,,,,,,,,
,,,,,,,,,,,,,,,,,,,,,
,,,,,,,,,,,,,,,,,,,,,
,,,,,,,,,,,,,,,,,,,,,
,,,,,,,,,,,,,,,,,,,,,
,,,,,,,,,,,,,,,,,,,,,
,,,,,,,,,,,,,,,,,,,,,
,,,,,,,,,,,,,,,,,,,,,
,,,,,,,,,,,,,,,,,,,,,
,,,,,,,,,,,,,,,,,,,,,
,,,,,,,,,,,,,,,,,,,,,
,,,,,,,,,,,,,,,,,,,,,
,,,,,,,,,,,,,,,,,,,,,
,,,,,,,,,,,,,,,,,,,,,
,,,,,,,,,,,,,,,,,,,,,
,,,,,,,,,,,,,,,,,,,,,
,,,,,,,,,,,,,,,,,,,,,
,,,,,,,,,,,,,,,,,,,,,
,,,,,,,,,,,,,,,,,,,,,
,,,,,,,,,,,,,,,,,,,,,
,,,,,,,,,,,,,,,,,,,,,
,,,,,,,,,,,,,,,,,,,,,
,,,,,,,,,,,,,,,,,,,,,
,,,,,,,,,,,,,,,,,,,,,
,,,,,,,,,,,,,,,,,,,,,
,,,,,,,,,,,,,,,,,,,,,
,,,,,,,,,,,,,,,,,,,,,
,,,,,,,,,,,,,,,,,,,,,
,,,,,,,,,,,,,,,,,,,,,
,,,,,,,,,,,,,,,,,,,,,
,,,,,,,,,,,,,,,,,,,,,
,,,,,,,,,,,,,,,,,,,,,
,,,,,,,,,,,,,,,,,,,,,
,,,,,,,,,,,,,,,,,,,,,
,,,,,,,,,,,,,,,,,,,,,
,,,,,,,,,,,,,,,,,,,,,
,,,,,,,,,,,,,,,,,,,,,
,,,,,,,,,,,,,,,,,,,,,
,,,,,,,,,,,,,,,,,,,,,
,,,,,,,,,,,,,,,,,,,,,
,,,,,,,,,,,,,,,,,,,,,
,,,,,,,,,,,,,,,,,,,,,
,,,,,,,,,,,,,,,,,,,,,
,,,,,,,,,,,,,,,,,,,,,
,,,,,,,,,,,,,,,,,,,,,
,,,,,,,,,,,,,,,,,,,,,
,,,,,,,,,,,,,,,,,,,,,
,,,,,,,,,,,,,,,,,,,,,
,,,,,,,,,,,,,,,,,,,,,
,,,,,,,,,,,,,,,,,,,,,
,,,,,,,,,,,,,,,,,,,,,
,,,,,,,,,,,,,,,,,,,,,
,,,,,,,,,,,,,,,,,,,,,
,,,,,,,,,,,,,,,,,,,,,
,,,,,,,,,,,,,,,,,,,,,
,,,,,,,,,,,,,,,,,,,,,
,,,,,,,,,,,,,,,,,,,,,
,,,,,,,,,,,,,,,,,,,,,
,,,,,,,,,,,,,,,,,,,,,
,,,,,,,,,,,,,,,,,,,,,
,,,,,,,,,,,,,,,,,,,,,
,,,,,,,,,,,,,,,,,,,,,
,,,,,,,,,,,,,,,,,,,,,
,,,,,,,,,,,,,,,,,,,,,
,,,,,,,,,,,,,,,,,,,,,
,,,,,,,,,,,,,,,,,,,,,
,,,,,,,,,,,,,,,,,,,,,
,,,,,,,,,,,,,,,,,,,,,
,,,,,,,,,,,,,,,,,,,,,
,,,,,,,,,,,,,,,,,,,,,
,,,,,,,,,,,,,,,,,,,,,
,,,,,,,,,,,,,,,,,,,,,
,,,,,,,,,,,,,,,,,,,,,
,,,,,,,,,,,,,,,,,,,,,
,,,,,,,,,,,,,,,,,,,,,
,,,,,,,,,,,,,,,,,,,,,
,,,,,,,,,,,,,,,,,,,,,
,,,,,,,,,,,,,,,,,,,,,
,,,,,,,,,,,,,,,,,,,,,
,,,,,,,,,,,,,,,,,,,,,
,,,,,,,,,,,,,,,,,,,,,
,,,,,,,,,,,,,,,,,,,,,
,,,,,,,,,,,,,,,,,,,,,
,,,,,,,,,,,,,,,,,,,,,
,,,,,,,,,,,,,,,,,,,,,
,,,,,,,,,,,,,,,,,,,,,
,,,,,,,,,,,,,,,,,,,,,
,,,,,,,,,,,,,,,,,,,,,
,,,,,,,,,,,,,,,,,,,,,
,,,,,,,,,,,,,,,,,,,,,
,,,,,,,,,,,,,,,,,,,,,
,,,,,,,,,,,,,,,,,,,,,
,,,,,,,,,,,,,,,,,,,,,
,,,,,,,,,,,,,,,,,,,,,
,,,,,,,,,,,,,,,,,,,,,
,,,,,,,,,,,,,,,,,,,,,
,,,,,,,,,,,,,,,,,,,,,
,,,,,,,,,,,,,,,,,,,,,
,,,,,,,,,,,,,,,,,,,,,
,,,,,,,,,,,,,,,,,,,,,
,,,,,,,,,,,,,,,,,,,,,
,,,,,,,,,,,,,,,,,,,,,
,,,,,,,,,,,,,,,,,,,,,
,,,,,,,,,,,,,,,,,,,,,
,,,,,,,,,,,,,,,,,,,,,
,,,,,,,,,,,,,,,,,,,,,
,,,,,,,,,,,,,,,,,,,,,
,,,,,,,,,,,,,,,,,,,,,
,,,,,,,,,,,,,,,,,,,,,
,,,,,,,,,,,,,,,,,,,,,
,,,,,,,,,,,,,,,,,,,,,
,,,,,,,,,,,,,,,,,,,,,
,,,,,,,,,,,,,,,,,,,,,
,,,,,,,,,,,,,,,,,,,,,
,,,,,,,,,,,,,,,,,,,,,
,,,,,,,,,,,,,,,,,,,,,
,,,,,,,,,,,,,,,,,,,,,
,,,,,,,,,,,,,,,,,,,,,
,,,,,,,,,,,,,,,,,,,,,
,,,,,,,,,,,,,,,,,,,,,
,,,,,,,,,,,,,,,,,,,,,
,,,,,,,,,,,,,,,,,,,,,
,,,,,,,,,,,,,,,,,,,,,
,,,,,,,,,,,,,,,,,,,,,
,,,,,,,,,,,,,,,,,,,,,
,,,,,,,,,,,,,,,,,,,,,
,,,,,,,,,,,,,,,,,,,,,
,,,,,,,,,,,,,,,,,,,,,
,,,,,,,,,,,,,,,,,,,,,
,,,,,,,,,,,,,,,,,,,,,
,,,,,,,,,,,,,,,,,,,,,
,,,,,,,,,,,,,,,,,,,,,
,,,,,,,,,,,,,,,,,,,,,
,,,,,,,,,,,,,,,,,,,,,
,,,,,,,,,,,,,,,,,,,,,
,,,,,,,,,,,,,,,,,,,,,
,,,,,,,,,,,,,,,,,,,,,
,,,,,,,,,,,,,,,,,,,,,
,,,,,,,,,,,,,,,,,,,,,
,,,,,,,,,,,,,,,,,,,,,
,,,,,,,,,,,,,,,,,,,,,
,,,,,,,,,,,,,,,,,,,,,
,,,,,,,,,,,,,,,,,,,,,
,,,,,,,,,,,,,,,,,,,,,
,,,,,,,,,,,,,,,,,,,,,
,,,,,,,,,,,,,,,,,,,,,
,,,,,,,,,,,,,,,,,,,,,
,,,,,,,,,,,,,,,,,,,,,
,,,,,,,,,,,,,,,,,,,,,
,,,,,,,,,,,,,,,,,,,,,
,,,,,,,,,,,,,,,,,,,,,
,,,,,,,,,,,,,,,,,,,,,
,,,,,,,,,,,,,,,,,,,,,
,,,,,,,,,,,,,,,,,,,,,
,,,,,,,,,,,,,,,,,,,,,
,,,,,,,,,,,,,,,,,,,,,
,,,,,,,,,,,,,,,,,,,,,
,,,,,,,,,,,,,,,,,,,,,
,,,,,,,,,,,,,,,,,,,,,
,,,,,,,,,,,,,,,,,,,,,
,,,,,,,,,,,,,,,,,,,,,
,,,,,,,,,,,,,,,,,,,,,
,,,,,,,,,,,,,,,,,,,,,
,,,,,,,,,,,,,,,,,,,,,
,,,,,,,,,,,,,,,,,,,,,
,,,,,,,,,,,,,,,,,,,,,
,,,,,,,,,,,,,,,,,,,,,
,,,,,,,,,,,,,,,,,,,,,
,,,,,,,,,,,,,,,,,,,,,
,,,,,,,,,,,,,,,,,,,,,
,,,,,,,,,,,,,,,,,,,,,
,,,,,,,,,,,,,,,,,,,,,
,,,,,,,,,,,,,,,,,,,,,
,,,,,,,,,,,,,,,,,,,,,
,,,,,,,,,,,,,,,,,,,,,
,,,,,,,,,,,,,,,,,,,,,
,,,,,,,,,,,,,,,,,,,,,
,,,,,,,,,,,,,,,,,,,,,
,,,,,,,,,,,,,,,,,,,,,
,,,,,,,,,,,,,,,,,,,,,
,,,,,,,,,,,,,,,,,,,,,
,,,,,,,,,,,,,,,,,,,,,
,,,,,,,,,,,,,,,,,,,,,
,,,,,,,,,,,,,,,,,,,,,
,,,,,,,,,,,,,,,,,,,,,
,,,,,,,,,,,,,,,,,,,,,
,,,,,,,,,,,,,,,,,,,,,
,,,,,,,,,,,,,,,,,,,,,
,,,,,,,,,,,,,,,,,,,,,
,,,,,,,,,,,,,,,,,,,,,
,,,,,,,,,,,,,,,,,,,,,
,,,,,,,,,,,,,,,,,,,,,
,,,,,,,,,,,,,,,,,,,,,
,,,,,,,,,,,,,,,,,,,,,
,,,,,,,,,,,,,,,,,,,,,
,,,,,,,,,,,,,,,,,,,,,
,,,,,,,,,,,,,,,,,,,,,
,,,,,,,,,,,,,,,,,,,,,
,,,,,,,,,,,,,,,,,,,,,
,,,,,,,,,,,,,,,,,,,,,
,,,,,,,,,,,,,,,,,,,,,
,,,,,,,,,,,,,,,,,,,,,
,,,,,,,,,,,,,,,,,,,,,
,,,,,,,,,,,,,,,,,,,,,
,,,,,,,,,,,,,,,,,,,,,
,,,,,,,,,,,,,,,,,,,,,
,,,,,,,,,,,,,,,,,,,,,
,,,,,,,,,,,,,,,,,,,,,
,,,,,,,,,,,,,,,,,,,,,
,,,,,,,,,,,,,,,,,,,,,
,,,,,,,,,,,,,,,,,,,,,
,,,,,,,,,,,,,,,,,,,,,
,,,,,,,,,,,,,,,,,,,,,
,,,,,,,,,,,,,,,,,,,,,
,,,,,,,,,,,,,,,,,,,,,
,,,,,,,,,,,,,,,,,,,,,
,,,,,,,,,,,,,,,,,,,,,
,,,,,,,,,,,,,,,,,,,,,
,,,,,,,,,,,,,,,,,,,,,
,,,,,,,,,,,,,,,,,,,,,
,,,,,,,,,,,,,,,,,,,,,
,,,,,,,,,,,,,,,,,,,,,
,,,,,,,,,,,,,,,,,,,,,
,,,,,,,,,,,,,,,,,,,,,
,,,,,,,,,,,,,,,,,,,,,
,,,,,,,,,,,,,,,,,,,,,
,,,,,,,,,,,,,,,,,,,,,
,,,,,,,,,,,,,,,,,,,,,
,,,,,,,,,,,,,,,,,,,,,
,,,,,,,,,,,,,,,,,,,,,
,,,,,,,,,,,,,,,,,,,,,
,,,,,,,,,,,,,,,,,,,,,
,,,,,,,,,,,,,,,,,,,,,
,,,,,,,,,,,,,,,,,,,,,
,,,,,,,,,,,,,,,,,,,,,
,,,,,,,,,,,,,,,,,,,,,
,,,,,,,,,,,,,,,,,,,,,
,,,,,,,,,,,,,,,,,,,,,
,,,,,,,,,,,,,,,,,,,,,
,,,,,,,,,,,,,,,,,,,,,
,,,,,,,,,,,,,,,,,,,,,
,,,,,,,,,,,,,,,,,,,,,
,,,,,,,,,,,,,,,,,,,,,
,,,,,,,,,,,,,,,,,,,,,
,,,,,,,,,,,,,,,,,,,,,
,,,,,,,,,,,,,,,,,,,,,
,,,,,,,,,,,,,,,,,,,,,
,,,,,,,,,,,,,,,,,,,,,
,,,,,,,,,,,,,,,,,,,,,
,,,,,,,,,,,,,,,,,,,,,
,,,,,,,,,,,,,,,,,,,,,
,,,,,,,,,,,,,,,,,,,,,
,,,,,,,,,,,,,,,,,,,,,
,,,,,,,,,,,,,,,,,,,,,
,,,,,,,,,,,,,,,,,,,,,
,,,,,,,,,,,,,,,,,,,,,
,,,,,,,,,,,,,,,,,,,,,
,,,,,,,,,,,,,,,,,,,,,
,,,,,,,,,,,,,,,,,,,,,
,,,,,,,,,,,,,,,,,,,,,
,,,,,,,,,,,,,,,,,,,,,
,,,,,,,,,,,,,,,,,,,,,
,,,,,,,,,,,,,,,,,,,,,
,,,,,,,,,,,,,,,,,,,,,
,,,,,,,,,,,,,,,,,,,,,
,,,,,,,,,,,,,,,,,,,,,
,,,,,,,,,,,,,,,,,,,,,
,,,,,,,,,,,,,,,,,,,,,
,,,,,,,,,,,,,,,,,,,,,
,,,,,,,,,,,,,,,,,,,,,
,,,,,,,,,,,,,,,,,,,,,
,,,,,,,,,,,,,,,,,,,,,
,,,,,,,,,,,,,,,,,,,,,
,,,,,,,,,,,,,,,,,,,,,
,,,,,,,,,,,,,,,,,,,,,
,,,,,,,,,,,,,,,,,,,,,
,,,,,,,,,,,,,,,,,,,,,
,,,,,,,,,,,,,,,,,,,,,
,,,,,,,,,,,,,,,,,,,,,
,,,,,,,,,,,,,,,,,,,,,
,,,,,,,,,,,,,,,,,,,,,
,,,,,,,,,,,,,,,,,,,,,
,,,,,,,,,,,,,,,,,,,,,
,,,,,,,,,,,,,,,,,,,,,
,,,,,,,,,,,,,,,,,,,,,
,,,,,,,,,,,,,,,,,,,,,
,,,,,,,,,,,,,,,,,,,,,
,,,,,,,,,,,,,,,,,,,,,
,,,,,,,,,,,,,,,,,,,,,
,,,,,,,,,,,,,,,,,,,,,
,,,,,,,,,,,,,,,,,,,,,
,,,,,,,,,,,,,,,,,,,,,
,,,,,,,,,,,,,,,,,,,,,
,,,,,,,,,,,,,,,,,,,,,
,,,,,,,,,,,,,,,,,,,,,
,,,,,,,,,,,,,,,,,,,,,
,,,,,,,,,,,,,,,,,,,,,
,,,,,,,,,,,,,,,,,,,,,
,,,,,,,,,,,,,,,,,,,,,
,,,,,,,,,,,,,,,,,,,,,
,,,,,,,,,,,,,,,,,,,,,
,,,,,,,,,,,,,,,,,,,,,
,,,,,,,,,,,,,,,,,,,,,
,,,,,,,,,,,,,,,,,,,,,
,,,,,,,,,,,,,,,,,,,,,
,,,,,,,,,,,,,,,,,,,,,
,,,,,,,,,,,,,,,,,,,,,
,,,,,,,,,,,,,,,,,,,,,
,,,,,,,,,,,,,,,,,,,,,
,,,,,,,,,,,,,,,,,,,,,
,,,,,,,,,,,,,,,,,,,,,
,,,,,,,,,,,,,,,,,,,,,
,,,,,,,,,,,,,,,,,,,,,
,,,,,,,,,,,,,,,,,,,,,
,,,,,,,,,,,,,,,,,,,,,
,,,,,,,,,,,,,,,,,,,,,
,,,,,,,,,,,,,,,,,,,,,
,,,,,,,,,,,,,,,,,,,,,
,,,,,,,,,,,,,,,,,,,,,
,,,,,,,,,,,,,,,,,,,,,
,,,,,,,,,,,,,,,,,,,,,
,,,,,,,,,,,,,,,,,,,,,
,,,,,,,,,,,,,,,,,,,,,
,,,,,,,,,,,,,,,,,,,,,
,,,,,,,,,,,,,,,,,,,,,
,,,,,,,,,,,,,,,,,,,,,
,,,,,,,,,,,,,,,,,,,,,
,,,,,,,,,,,,,,,,,,,,,
,,,,,,,,,,,,,,,,,,,,,
,,,,,,,,,,,,,,,,,,,,,
,,,,,,,,,,,,,,,,,,,,,
,,,,,,,,,,,,,,,,,,,,,
,,,,,,,,,,,,,,,,,,,,,
,,,,,,,,,,,,,,,,,,,,,
,,,,,,,,,,,,,,,,,,,,,
,,,,,,,,,,,,,,,,,,,,,
,,,,,,,,,,,,,,,,,,,,,
,,,,,,,,,,,,,,,,,,,,,
,,,,,,,,,,,,,,,,,,,,,
,,,,,,,,,,,,,,,,,,,,,
,,,,,,,,,,,,,,,,,,,,,
,,,,,,,,,,,,,,,,,,,,,
,,,,,,,,,,,,,,,,,,,,,
,,,,,,,,,,,,,,,,,,,,,
,,,,,,,,,,,,,,,,,,,,,
,,,,,,,,,,,,,,,,,,,,,
,,,,,,,,,,,,,,,,,,,,,
,,,,,,,,,,,,,,,,,,,,,
,,,,,,,,,,,,,,,,,,,,,
,,,,,,,,,,,,,,,,,,,,,
,,,,,,,,,,,,,,,,,,,,,
,,,,,,,,,,,,,,,,,,,,,
,,,,,,,,,,,,,,,,,,,,,
,,,,,,,,,,,,,,,,,,,,,
,,,,,,,,,,,,,,,,,,,,,
,,,,,,,,,,,,,,,,,,,,,
,,,,,,,,,,,,,,,,,,,,,
,,,,,,,,,,,,,,,,,,,,,
,,,,,,,,,,,,,,,,,,,,,
,,,,,,,,,,,,,,,,,,,,,
,,,,,,,,,,,,,,,,,,,,,
,,,,,,,,,,,,,,,,,,,,,
,,,,,,,,,,,,,,,,,,,,,
,,,,,,,,,,,,,,,,,,,,,
,,,,,,,,,,,,,,,,,,,,,
,,,,,,,,,,,,,,,,,,,,,
,,,,,,,,,,,,,,,,,,,,,
,,,,,,,,,,,,,,,,,,,,,
,,,,,,,,,,,,,,,,,,,,,
,,,,,,,,,,,,,,,,,,,,,
,,,,,,,,,,,,,,,,,,,,,
,,,,,,,,,,,,,,,,,,,,,
,,,,,,,,,,,,,,,,,,,,,
,,,,,,,,,,,,,,,,,,,,,
,,,,,,,,,,,,,,,,,,,,,
,,,,,,,,,,,,,,,,,,,,,
,,,,,,,,,,,,,,,,,,,,,
,,,,,,,,,,,,,,,,,,,,,
,,,,,,,,,,,,,,,,,,,,,
,,,,,,,,,,,,,,,,,,,,,
,,,,,,,,,,,,,,,,,,,,,
,,,,,,,,,,,,,,,,,,,,,
,,,,,,,,,,,,,,,,,,,,,
,,,,,,,,,,,,,,,,,,,,,
,,,,,,,,,,,,,,,,,,,,,
,,,,,,,,,,,,,,,,,,,,,
,,,,,,,,,,,,,,,,,,,,,
,,,,,,,,,,,,,,,,,,,,,
,,,,,,,,,,,,,,,,,,,,,
,,,,,,,,,,,,,,,,,,,,,
,,,,,,,,,,,,,,,,,,,,,
,,,,,,,,,,,,,,,,,,,,,
,,,,,,,,,,,,,,,,,,,,,
,,,,,,,,,,,,,,,,,,,,,
,,,,,,,,,,,,,,,,,,,,,
,,,,,,,,,,,,,,,,,,,,,
,,,,,,,,,,,,,,,,,,,,,
,,,,,,,,,,,,,,,,,,,,,
,,,,,,,,,,,,,,,,,,,,,
,,,,,,,,,,,,,,,,,,,,,
,,,,,,,,,,,,,,,,,,,,,
,,,,,,,,,,,,,,,,,,,,,
,,,,,,,,,,,,,,,,,,,,,
,,,,,,,,,,,,,,,,,,,,,
,,,,,,,,,,,,,,,,,,,,,
,,,,,,,,,,,,,,,,,,,,,
,,,,,,,,,,,,,,,,,,,,,
,,,,,,,,,,,,,,,,,,,,,
,,,,,,,,,,,,,,,,,,,,,
,,,,,,,,,,,,,,,,,,,,,
,,,,,,,,,,,,,,,,,,,,,
,,,,,,,,,,,,,,,,,,,,,
,,,,,,,,,,,,,,,,,,,,,
,,,,,,,,,,,,,,,,,,,,,
,,,,,,,,,,,,,,,,,,,,,
,,,,,,,,,,,,,,,,,,,,,
,,,,,,,,,,,,,,,,,,,,,
,,,,,,,,,,,,,,,,,,,,,
,,,,,,,,,,,,,,,,,,,,,
,,,,,,,,,,,,,,,,,,,,,
,,,,,,,,,,,,,,,,,,,,,
,,,,,,,,,,,,,,,,,,,,,
,,,,,,,,,,,,,,,,,,,,,
,,,,,,,,,,,,,,,,,,,,,
,,,,,,,,,,,,,,,,,,,,,
Produce,Last 04 Wks,1.0,2022/01/30,2023/01/29,Total U.S.,Total Store with Perimeter,0.0,0.0,0.0,0.0,0.0,0.0,19494189997.0,18436676904.0,-0.0542,3.9042,4.3793,0.1217,76110148890.0,80739719046.0,0.0608
Produce,Last 04 Wks,1.0,2022/01/30,2023/01/29,Total U.S.,Produce Department,3241480858.0,3154632262.0,-0.0268,1.8355,1.9452,0.0597,2400210531.0,2365446738.0,-0.0145,2.4789,2.5941,0.0465,5949805710.0,6136268493.0,0.0313
Produce,Last 04 Wks,1.0,2022/01/30,2023/01/29,Total U.S.,Vegetable Aisle,1593138221.0,1538526027.0,-0.0343,1.888,2.0615,0.0919,1343971475.0,1303493590.0,-0.0301,2.238,2.4332,0.0872,3007805303.0,3171621825.0,0.0545
Produce,Last 04 Wks,1.0,2022/01/30,2023/01/29,Total U.S.,Fruit Aisle,1619074547.0,1584939341.0,-0.0211,1.7604,1.805,0.0253,999955338.1,1002911089.0,0.003,2.8503,2.8525,0.0008,2850196971.0,2860766207.0,0.0037
Produce,Last 04 Wks,1.0,2022/01/30,2023/01/29,Total U.S.,Blackberries,10799232.16,11686025.73,0.0821,6.9485,6.5558,-0.0565,23642596.7,25780867.79,0.0904,3.1739,2.9716,-0.0637,75039003.7,76611691.25,0.021
Produce,Last 04 Wks,1.0,2022/01/30,2023/01/29,Total U.S.,Blueberries,37093643.27,44716423.68,0.2055,4.8749,4.6734,-0.0413,47943942.98,55938405.52,0.1667,3.7717,3.7359,-0.0095,180828779.0,208979025.5,0.1557
Produce,Last 04 Wks,1.0,2022/01/30,2023/01/29,Total U.S.,Raspberries,13118126.89,11750343.33,-0.1043,8.0968,8.2938,0.0243,29477129.5,26175086.7,-0.112,3.6033,3.7232,0.0333,106215093.6,97454455.33,-0.0825
Produce,Last 04 Wks,1.0,2022/01/30,2023/01/29,Total U.S.,Strawberries,90526819.83,76672598.09,-0.153,3.5164,3.9498,0.1232,81370347.14,69404016.24,-0.1471,3.9121,4.3634,0.1154,318330209.9,302840519.4,-0.0487
Produce,Last 04 Wks,1.0,2022/01/30,2023/01/29,Total U.S.,Apples,215463691.2,203677517.1,-0.0547,1.8368,1.9242,0.0476,102359631.0,95819929.68,-0.0639,3.8663,4.0902,0.0579,395755979.0,391918871.9,-0.0097
Produce,Last 04 Wks,1.0,2022/01/30,2023/01/29,Total U.S.,Apricots,100143.9586,145942.5971,0.4573,3.9779,3.5644,-0.1039,97999.5486,115953.1562,0.1832,4.0649,4.4863,0.1037,398362.1477,520201.7216,0.3059
Produce,Last 04 Wks,1.0,2022/01/30,2023/01/29,Total U.S.,Avocados,86757932.72,91302631.66,0.0524,2.6041,2.1469,-0.1755,105675105.7,113502104.7,0.0741,2.1379,1.727,-0.1922,225923266.5,196021954.6,-0.1324
Produce,Last 04 Wks,1.0,2022/01/30,2023/01/29,Total U.S.,Bananas,470053381.9,464307912.9,-0.0122,0.5735,0.5892,0.0273,248892839.7,250026983.1,0.0046,1.0831,1.0941,0.0101,269586328.0,273555862.7,0.0147
Produce,Last 04 Wks,1.0,2022/01/30,2023/01/29,Total U.S.,Cherries,7534298.571,12337482.91,0.6375,4.5755,4.3882,-0.0409,6292961.45,10166041.43,0.6155,5.4781,5.3255,-0.0279,34473340.87,54139176.6,0.5705
Produce,Last 04 Wks,1.0,2022/01/30,2023/01/29,Total U.S.,Coconuts,679061.5525,827645.7465,0.2188,2.242,2.2461,0.0018,555246.8225,671489.6368,0.2094,2.742,2.7684,0.0096,1522467.511,1858952.446,0.221
Produce,Last 04 Wks,1.0,2022/01/30,2023/01/29,Total U.S.,Dates,6129.1062,4061.2895,-0.3374,8.18,8.845,0.0813,9425.8255,5791.1761,-0.3856,5.319,6.2029,0.1662,50135.9086,35922.2147,-0.2835
Produce,Last 04 Wks,1.0,2022/01/30,2023/01/29,Total U.S.,Grapefruit,18354515.04,16035859.77,-0.1263,1.3949,1.3967,0.0013,7256784.986,6307413.656,-0.1308,3.5281,3.5509,0.0065,25602540.53,22396910.75,-0.1252
Produce,Last 04 Wks,1.0,2022/01/30,2023/01/29,Total U.S.,Grapes,120208073.6,132211530.4,0.0999,2.3167,2.378,0.0265,62492370.24,72062226.97,0.1531,4.4563,4.3629,-0.021,278486819.1,314401339.0,0.129
Produce,Last 04 Wks,1.0,2022/01/30,2023/01/29,Total U.S.,Kiwi,8577573.804,7626448.753,-0.1109,2.6025,3.0202,0.1605,6739157.291,6063542.791,-0.1003,3.3124,3.7987,0.1468,22322736.96,23033466.52,0.0318
Produce,Last 04 Wks,1.0,2022/01/30,2023/01/29,Total U.S.,Lemons,37331374.68,34494582.22,-0.076,1.9771,1.9942,0.0086,40666508.89,37046498.24,-0.089,1.815,1.8568,0.023,73808730.06,68787689.56,-0.068
Produce,Last 04 Wks,1.0,2022/01/30,2023/01/29,Total U.S.,Limes,28537349.44,28451812.76,-0.003,1.9171,1.8215,-0.0499,33954321.67,36341979.86,0.0703,1.6113,1.426,-0.115,54709906.76,51824188.93,-0.0527
Produce,Last 04 Wks,1.0,2022/01/30,2023/01/29,Total U.S.,Mangoes,18053125.7,23183123.38,0.2842,1.8313,1.6806,-0.0823,17617949.37,22430048.04,0.2731,1.8765,1.737,-0.0744,33060343.93,38960703.34,0.1785
Produce,Last 04 Wks,1.0,2022/01/30,2023/01/29,Total U.S.,Melons,95444953.85,89514562.44,-0.0621,1.4583,1.6183,0.1097,33959430.86,32970218.22,-0.0291,4.0987,4.3937,0.072,139189147.2,144861446.5,0.0408
Produce,Last 04 Wks,1.0,2022/01/30,2023/01/29,Total U.S.,Nectarines,2012918.837,2420779.796,0.2026,2.548,2.6414,0.0367,1367883.898,1652138.097,0.2078,3.7496,3.8703,0.0322,5129017.135,6394340.556,0.2467
Produce,Last 04 Wks,1.0,2022/01/30,2023/01/29,Total U.S.,Oranges,123347193.5,105896024.9,-0.1415,1.302,1.34,0.0292,43883321.66,37409087.64,-0.1475,3.6597,3.7932,0.0365,160601523.3,141899819.2,-0.1164
Produce,Last 04 Wks,1.0,2022/01/30,2023/01/29,Total U.S.,Other,3139862.294,3025828.275,-0.0363,4.0756,4.0405,-0.0086,3437878.935,2960453.887,-0.1389,3.7223,4.1297,0.1095,12796814.8,12225842.18,-0.0446
Produce,Last 04 Wks,1.0,2022/01/30,2023/01/29,Total U.S.,Papaya,6251004.603,7308021.875,0.1691,1.324,1.3654,0.0313,2894398.016,3420885.437,0.1819,2.8594,2.9169,0.0201,8276225.941,9978210.623,0.2056
Produce,Last 04 Wks,1.0,2022/01/30,2023/01/29,Total U.S.,Peaches,2074697.507,1962278.801,-0.0542,2.8304,2.8862,0.0197,1520365.044,1437446.175,-0.0545,3.8624,3.94,0.0201,5872198.825,5663559.357,-0.0355
Produce,Last 04 Wks,1.0,2022/01/30,2023/01/29,Total U.S.,Pears,28952066.36,24700661.42,-0.1468,1.7677,1.9659,0.1121,16423857.27,14313249.22,-0.1285,3.1161,3.3926,0.0888,51178195.45,48559830.47,-0.0512
Produce,Last 04 Wks,1.0,2022/01/30,2023/01/29,Total U.S.,Pineapple,54740604.4,55886696.78,0.0209,1.2877,1.3216,0.0263,21784761.48,22569111.48,0.036,3.2358,3.2726,0.0114,70490397.6,73859403.77,0.0478
Produce,Last 04 Wks,1.0,2022/01/30,2023/01/29,Total U.S.,Plums,66659.6659,755159.3306,10.3286,3.2619,3.5022,0.0737,71159.8544,705958.6367,8.9207,3.0556,3.7463,0.226,217438.3831,2644717.85,11.1631
Produce,Last 04 Wks,1.0,2022/01/30,2023/01/29,Total U.S.,Pomegranates,2741084.697,4907439.113,0.7903,5.1722,4.1947,-0.189,3720265.019,5092870.17,0.369,3.8108,4.042,0.0607,14177353.98,20585348.69,0.452
Produce,Last 04 Wks,1.0,2022/01/30,2023/01/29,Total U.S.,Rhubarb,20.0,0.0,-1.0,0.1415,0.0,0.0,1.0,0.0,-1.0,2.83,0.0,0.0,2.83,0.0,-1.0
Produce,Last 04 Wks,1.0,2022/01/30,2023/01/29,Total U.S.,Tangelos,1064700.701,614917.4617,-0.4225,1.4479,1.9497,0.3466,723534.7462,408873.2957,-0.4349,2.1306,2.9323,0.3763,1541535.291,1198922.948,-0.2223
Produce,Last 04 Wks,1.0,2022/01/30,2023/01/29,Total U.S.,Tangerines,118398960.5,110457048.5,-0.0671,1.6691,1.6088,-0.0361,38932011.15,35815710.23,-0.08,5.0761,4.9616,-0.0225,197620876.7,177703438.0,-0.1008
Produce,Last 04 Wks,1.0,2022/01/30,2023/01/29,Total U.S.,Variety,14770732.09,14737797.52,-0.0022,4.5975,4.8058,0.0453,12757795.16,12432742.38,-0.0255,5.3229,5.6968,0.0703,67907899.76,70826677.15,0.043
Produce,Last 04 Wks,2.0,2022/02/27,2023/02/26,Total U.S.,Total Store with Perimeter,0.0,0.0,0.0,0.0,0.0,0.0,19273597144.0,18752902553.0,-0.027,3.993,4.4466,0.1136,76959804848.0,83385952533.0,0.0835
Produce,Last 04 Wks,2.0,2022/02/27,2023/02/26,Total U.S.,Produce Department,3180589409.0,3173250480.0,-0.0023,1.8831,1.9483,0.0346,2360758690.0,2371593943.0,0.0046,2.537,2.6068,0.0275,5989272591.0,6182289660.0,0.0322
Produce,Last 04 Wks,2.0,2022/02/27,2023/02/26,Total U.S.,Vegetable Aisle,1520951337.0,1498114678.0,-0.015,1.9109,2.0502,0.0729,1290292117.0,1268764491.0,-0.0167,2.2525,2.4208,0.0747,2906422716.0,3071468485.0,0.0568
Produce,Last 04 Wks,2.0,2022/02/27,2023/02/26,Total U.S.,Fruit Aisle,1629569502.0,1644046590.0,0.0089,1.8323,1.8269,-0.0029,1014046132.0,1044148503.0,0.0297,2.9445,2.8765,-0.0231,2985827511.0,3003521771.0,0.0059
Produce,Last 04 Wks,2.0,2022/02/27,2023/02/26,Total U.S.,Blackberries,9658214.585,11639394.57,0.2051,7.2397,6.7608,-0.0662,20830277.38,24999644.31,0.2002,3.3568,3.1477,-0.0623,69923033.05,78691326.05,0.1254
Produce,Last 04 Wks,2.0,2022/02/27,2023/02/26,Total U.S.,Blueberries,40017808.08,43797353.29,0.0944,5.0448,4.8188,-0.0448,51879751.36,54828204.76,0.0568,3.8913,3.8493,-0.0108,201881121.6,211052436.3,0.0454
Produce,Last 04 Wks,2.0,2022/02/27,2023/02/26,Total U.S.,Raspberries,13348579.58,10688215.76,-0.1993,8.5274,9.3119,0.092,29854258.11,23833811.03,-0.2017,3.8128,4.1759,0.0952,113828414.2,99527496.85,-0.1256
Produce,Last 04 Wks,2.0,2022/02/27,2023/02/26,Total U.S.,Strawberries,114558194.6,112316485.9,-0.0196,3.4613,3.7218,0.0753,102588704.0,101224870.7,-0.0133,3.8652,4.1296,0.0684,396524579.4,418023278.8,0.0542
Produce,Last 04 Wks,2.0,2022/02/27,2023/02/26,Total U.S.,Apples,200223046.0,191936158.2,-0.0414,1.9092,1.9615,0.0274,95097213.22,90832125.61,-0.0448,4.0197,4.1449,0.0311,382265367.4,376486106.8,-0.0151
Produce,Last 04 Wks,2.0,2022/02/27,2023/02/26,Total U.S.,Apricots,39525.2387,39870.3209,0.0087,4.033,4.3662,0.0826,46304.5084,50989.1748,0.1012,3.4425,3.4141,-0.0083,159403.4459,174081.0952,0.0921
Produce,Last 04 Wks,2.0,2022/02/27,2023/02/26,Total U.S.,Avocados,92634623.34,96756746.09,0.0445,2.6406,2.0777,-0.2132,114684699.6,121770307.4,0.0618,2.1329,1.6509,-0.226,244613300.5,201035478.1,-0.1781
Produce,Last 04 Wks,2.0,2022/02/27,2023/02/26,Total U.S.,Bananas,466581284.9,466134943.3,-0.001,0.574,0.6009,0.0469,246806269.5,251415308.2,0.0187,1.085,1.114,0.0267,267795606.8,280089163.2,0.0459
Produce,Last 04 Wks,2.0,2022/02/27,2023/02/26,Total U.S.,Cherries,4357492.354,7658686.699,0.7576,5.052,4.4623,-0.1167,3682190.549,6412340.716,0.7414,5.9785,5.3297,-0.1085,22013993.92,34175733.82,0.5525
Produce,Last 04 Wks,2.0,2022/02/27,2023/02/26,Total U.S.,Coconuts,756957.3273,784169.1011,0.0359,2.1426,2.3879,0.1145,613866.9402,636893.5363,0.0375,2.642,2.9401,0.1128,1621828.775,1872546.798,0.1546
Produce,Last 04 Wks,2.0,2022/02/27,2023/02/26,Total U.S.,Dates,5087.1899,4062.0997,-0.2015,8.3937,8.7106,0.0377,7619.29,5727.8671,-0.2482,5.6043,6.1774,0.1023,42700.5515,35383.3176,-0.1714
Produce,Last 04 Wks,2.0,2022/02/27,2023/02/26,Total U.S.,Grapefruit,15692758.79,14351937.8,-0.0854,1.4388,1.4147,-0.0167,6101102.285,5578190.364,-0.0857,3.7008,3.6399,-0.0164,22578670.36,20304313.65,-0.1007
Produce,Last 04 Wks,2.0,2022/02/27,2023/02/26,Total U.S.,Grapes,129107828.4,141589892.2,0.0967,2.3581,2.2486,-0.0464,66067911.82,75935709.16,0.1494,4.6081,4.1928,-0.0901,304448298.6,318379611.5,0.0458
Produce,Last 04 Wks,2.0,2022/02/27,2023/02/26,Total U.S.,Kiwi,7267075.767,7113706.327,-0.0211,2.6626,2.9208,0.097,5693624.159,5604474.434,-0.0157,3.3984,3.7074,0.0909,19349052.14,20777923.39,0.0738
Produce,Last 04 Wks,2.0,2022/02/27,2023/02/26,Total U.S.,Lemons,33946699.17,35114221.51,0.0344,2.0316,1.9928,-0.0191,36901372.66,37907785.61,0.0273,1.869,1.8459,-0.0123,68967576.4,69975004.27,0.0146
Produce,Last 04 Wks,2.0,2022/02/27,2023/02/26,Total U.S.,Limes,26900528.32,29081127.01,0.0811,2.4402,1.9783,-0.1893,32562242.11,37311511.8,0.1459,2.0159,1.5419,-0.2351,65643168.91,57532006.66,-0.1236
Produce,Last 04 Wks,2.0,2022/02/27,2023/02/26,Total U.S.,Mangoes,19375483.38,25576026.61,0.32,1.8769,1.7248,-0.0811,17536151.11,23205595.15,0.3233,2.0738,1.901,-0.0833,36366514.96,44113503.88,0.213
Produce,Last 04 Wks,2.0,2022/02/27,2023/02/26,Total U.S.,Melons,102990537.3,104786097.3,0.0174,1.4187,1.5189,0.0706,34361010.56,35845994.97,0.0432,4.2522,4.4401,0.0442,146111106.2,159159921.5,0.0893
Produce,Last 04 Wks,2.0,2022/02/27,2023/02/26,Total U.S.,Nectarines,4921826.364,5638431.741,0.1456,2.4599,2.3422,-0.0479,3262007.884,3645944.358,0.1177,3.7116,3.6221,-0.0241,12107303.67,13206073.02,0.0908
Produce,Last 04 Wks,2.0,2022/02/27,2023/02/26,Total U.S.,Oranges,108577172.9,95276748.73,-0.1225,1.3916,1.3909,-0.0005,39785873.49,35296441.45,-0.1128,3.7977,3.7546,-0.0114,151095442.8,132524164.3,-0.1229
Produce,Last 04 Wks,2.0,2022/02/27,2023/02/26,Total U.S.,Other,2860150.816,2984993.835,0.0436,4.2904,4.4007,0.0257,3161230.631,3088155.994,-0.0231,3.8818,4.2537,0.0958,12271310.48,13136192.63,0.0705
Produce,Last 04 Wks,2.0,2022/02/27,2023/02/26,Total U.S.,Papaya,6932447.349,7714135.591,0.1128,1.3299,1.3542,0.0183,3285372.831,3682082.454,0.1208,2.8062,2.8371,0.011,9219344.429,10446390.8,0.1331
Produce,Last 04 Wks,2.0,2022/02/27,2023/02/26,Total U.S.,Peaches,3471860.677,3339619.886,-0.0381,2.7692,2.7506,-0.0067,2513182.594,2366304.785,-0.0584,3.8255,3.8819,0.0147,9614166.8,9185792.111,-0.0446
Produce,Last 04 Wks,2.0,2022/02/27,2023/02/26,Total U.S.,Pears,25943226.28,22262506.71,-0.1419,1.7795,1.9494,0.0955,14542489.52,12475773.5,-0.1421,3.1745,3.4786,0.0958,46164958.94,43397955.57,-0.0599
Produce,Last 04 Wks,2.0,2022/02/27,2023/02/26,Total U.S.,Pineapple,54158244.36,58750342.36,0.0848,1.3325,1.3161,-0.0123,21698604.53,23437898.0,0.0802,3.3258,3.299,-0.008,72165237.4,77322323.1,0.0715
Produce,Last 04 Wks,2.0,2022/02/27,2023/02/26,Total U.S.,Plums,1044994.36,3035552.475,1.9049,3.2481,2.8083,-0.1354,995836.3319,2408567.347,1.4186,3.4085,3.5393,0.0384,3394291.014,8524687.986,1.5115
Produce,Last 04 Wks,2.0,2022/02/27,2023/02/26,Total U.S.,Pomegranates,485347.3578,1130109.392,1.3285,8.8804,5.8824,-0.3376,921306.068,1629848.016,0.7691,4.6783,4.0788,-0.1281,4310102.475,6647766.039,0.5424
Produce,Last 04 Wks,2.0,2022/02/27,2023/02/26,Total U.S.,Tangelos,2387589.643,1354982.075,-0.4325,1.5,1.641,0.094,1636245.195,981285.1183,-0.4003,2.1888,2.2659,0.0352,3581332.711,2223462.156,-0.3792
Produce,Last 04 Wks,2.0,2022/02/27,2023/02/26,Total U.S.,Tangerines,122257466.1,123641888.2,0.0113,1.6611,1.5759,-0.0513,39719287.52,40301972.4,0.0147,5.1129,4.8346,-0.0544,203079708.5,194842061.5,-0.0406
Produce,Last 04 Wks,2.0,2022/02/27,2023/02/26,Total U.S.,Variety,15806052.05,15944938.55,0.0088,4.626,4.8076,0.0393,13434968.45,13265185.67,-0.0126,5.4424,5.7789,0.0618,73118216.36,76657522.67,0.0484
Produce,Last 04 Wks,3.0,2022/03/27,2023/03/26,Total U.S.,Total Store with Perimeter,0.0,0.0,0.0,0.0,0.0,0.0,19010021133.0,18516604578.0,-0.026,4.037,4.4377,0.0993,76743076528.0,82171708722.0,0.0707
Produce,Last 04 Wks,3.0,2022/03/27,2023/03/26,Total U.S.,Produce Department,3248051785.0,3263343429.0,0.0047,1.8572,1.8796,0.0121,2372805953.0,2396304964.0,0.0099,2.5423,2.5597,0.0069,6032361685.0,6133886592.0,0.0168
Produce,Last 04 Wks,3.0,2022/03/27,2023/03/26,Total U.S.,Vegetable Aisle,1549322583.0,1548296966.0,-0.0007,1.9093,1.9834,0.0388,1296157308.0,1286614372.0,-0.0074,2.2823,2.3868,0.0458,2958190530.0,3070914139.0,0.0381
Produce,Last 04 Wks,3.0,2022/03/27,2023/03/26,Total U.S.,Fruit Aisle,1670286149.0,1685564294.0,0.0091,1.7863,1.7577,-0.016,1023165737.0,1053074261.0,0.0292,2.9161,2.8134,-0.0352,2983670174.0,2962729435.0,-0.007
Produce,Last 04 Wks,3.0,2022/03/27,2023/03/26,Total U.S.,Blackberries,10407156.56,12081397.12,0.1609,7.208,6.7243,-0.0671,22442541.65,25903793.46,0.1542,3.3425,3.1362,-0.0617,75014929.34,81239337.64,0.083
Produce,Last 04 Wks,3.0,2022/03/27,2023/03/26,Total U.S.,Blueberries,36934918.67,38184814.87,0.0338,5.4076,5.6382,0.0427,48942837.34,49046918.32,0.0021,4.0809,4.3896,0.0757,199728404.3,215295124.6,0.0779
Produce,Last 04 Wks,3.0,2022/03/27,2023/03/26,Total U.S.,Raspberries,13586657.51,14262215.65,0.0497,8.3851,8.6535,0.032,30319934.0,32063860.36,0.0575,3.7574,3.8491,0.0244,113925496.7,123417816.6,0.0833
Produce,Last 04 Wks,3.0,2022/03/27,2023/03/26,Total U.S.,Strawberries,123012369.8,114109643.0,-0.0724,2.8375,3.0061,0.0594,107562290.0,99509791.15,-0.0749,3.2451,3.4472,0.0623,349051902.7,343025644.5,-0.0173
Produce,Last 04 Wks,3.0,2022/03/27,2023/03/26,Total U.S.,Apples,197974253.1,191124094.5,-0.0346,1.9388,1.964,0.013,93589140.76,90256825.49,-0.0356,4.1013,4.1589,0.014,383838418.1,375368246.9,-0.0221
Produce,Last 04 Wks,3.0,2022/03/27,2023/03/26,Total U.S.,Apricots,26332.1075,45576.1047,0.7308,4.4435,4.3157,-0.0288,34040.9118,58580.375,0.7209,3.4373,3.3576,-0.0232,117007.6587,196690.674,0.681
Produce,Last 04 Wks,3.0,2022/03/27,2023/03/26,Total U.S.,Avocados,79444580.77,94756387.43,0.1927,2.9378,2.0591,-0.2991,96339633.89,114988411.2,0.1936,2.4226,1.6968,-0.2996,233389639.1,195112116.6,-0.164
Produce,Last 04 Wks,3.0,2022/03/27,2023/03/26,Total U.S.,Bananas,476364273.6,471526211.4,-0.0102,0.5751,0.6042,0.0504,252218720.3,255636923.2,0.0136,1.0863,1.1144,0.0259,273975366.5,284874437.8,0.0398
Produce,Last 04 Wks,3.0,2022/03/27,2023/03/26,Total U.S.,Cherries,1839532.988,565766.2359,-0.6924,5.3976,4.6823,-0.1325,1575732.063,455293.7955,-0.7111,6.3012,5.8184,-0.0766,9929041.158,2649102.221,-0.7332
Produce,Last 04 Wks,3.0,2022/03/27,2023/03/26,Total U.S.,Coconuts,741220.1565,861820.8643,0.1627,2.2504,2.3819,0.0584,603968.4131,699935.5338,0.1589,2.7618,2.9328,0.0619,1668026.614,2052755.787,0.2306
Produce,Last 04 Wks,3.0,2022/03/27,2023/03/26,Total U.S.,Dates,5753.0079,4614.6755,-0.1979,8.5782,8.9786,0.0467,8593.6508,6848.7881,-0.203,5.7427,6.0498,0.0535,49350.731,41433.5223,-0.1604
Produce,Last 04 Wks,3.0,2022/03/27,2023/03/26,Total U.S.,Grapefruit,14333462.47,13064840.0,-0.0885,1.3989,1.4267,0.0199,5625111.286,5094436.666,-0.0943,3.5645,3.6587,0.0264,20050720.47,18639064.81,-0.0704
Produce,Last 04 Wks,3.0,2022/03/27,2023/03/26,Total U.S.,Grapes,141477206.1,151963621.9,0.0741,2.1928,2.0142,-0.0814,74117170.08,79953545.38,0.0787,4.1856,3.8283,-0.0854,310226232.9,306089915.3,-0.0133
Produce,Last 04 Wks,3.0,2022/03/27,2023/03/26,Total U.S.,Kiwi,7295377.503,6722534.388,-0.0785,2.6135,2.9468,0.1275,5717173.097,5679020.558,-0.0067,3.335,3.4883,0.046,19066626.49,19810163.93,0.039
Produce,Last 04 Wks,3.0,2022/03/27,2023/03/26,Total U.S.,Lemons,36867974.32,36826029.52,-0.0011,1.986,2.0013,0.0077,38855503.98,39225247.68,0.0095,1.8845,1.8789,-0.0029,73221380.3,73701260.79,0.0066
Produce,Last 04 Wks,3.0,2022/03/27,2023/03/26,Total U.S.,Limes,25821685.88,28512938.61,0.1042,2.7338,2.2269,-0.1854,31487196.89,35742416.15,0.1351,2.2419,1.7765,-0.2076,70590920.19,63495155.76,-0.1005
Produce,Last 04 Wks,3.0,2022/03/27,2023/03/26,Total U.S.,Mangoes,25502799.73,29145716.24,0.1428,1.7778,1.7426,-0.0198,22072203.1,26281400.05,0.1907,2.0541,1.9325,-0.0592,45338068.78,50787926.58,0.1202
Produce,Last 04 Wks,3.0,2022/03/27,2023/03/26,Total U.S.,Melons,123297052.1,122582908.0,-0.0058,1.3752,1.4788,0.0754,39748493.36,40069024.78,0.0081,4.2656,4.524,0.0606,169552330.5,181272460.5,0.0691
Produce,Last 04 Wks,3.0,2022/03/27,2023/03/26,Total U.S.,Nectarines,5611463.052,6179724.603,0.1013,2.3063,2.2445,-0.0268,3881115.073,4120930.144,0.0618,3.3345,3.3659,0.0094,12941551.64,13870584.18,0.0718
Produce,Last 04 Wks,3.0,2022/03/27,2023/03/26,Total U.S.,Oranges,105192948.2,96470630.05,-0.0829,1.4183,1.3695,-0.0344,38761753.28,35285680.46,-0.0897,3.849,3.7442,-0.0272,149194777.2,132117640.5,-0.1145
Produce,Last 04 Wks,3.0,2022/03/27,2023/03/26,Total U.S.,Other,2680781.151,3847969.614,0.4354,4.4845,4.1911,-0.0654,2788240.805,3669034.12,0.3159,4.3117,4.3955,0.0194,12022018.16,16127332.71,0.3415
Produce,Last 04 Wks,3.0,2022/03/27,2023/03/26,Total U.S.,Papaya,8837442.383,9039337.316,0.0228,1.2509,1.3447,0.075,4122965.364,4430066.791,0.0745,2.6813,2.7438,0.0233,11054822.57,12155189.11,0.0995
Produce,Last 04 Wks,3.0,2022/03/27,2023/03/26,Total U.S.,Peaches,4399527.368,3700154.276,-0.159,2.417,2.4811,0.0265,3124727.236,2656809.03,-0.1497,3.403,3.4554,0.0154,10633573.01,9180400.043,-0.1367
Produce,Last 04 Wks,3.0,2022/03/27,2023/03/26,Total U.S.,Pears,24480590.01,21307167.07,-0.1296,1.7728,1.9402,0.0944,13738707.85,12049709.73,-0.1229,3.1589,3.4309,0.0861,43399542.66,41340762.46,-0.0474
Produce,Last 04 Wks,3.0,2022/03/27,2023/03/26,Total U.S.,Pineapple,61130666.02,66929049.43,0.0949,1.2784,1.245,-0.0261,24086788.03,25891645.03,0.0749,3.2444,3.2182,-0.0081,78147252.45,83325406.34,0.0663
Produce,Last 04 Wks,3.0,2022/03/27,2023/03/26,Total U.S.,Plums,3491543.367,5443022.337,0.5589,2.8256,2.6929,-0.047,2910790.891,4044926.936,0.3896,3.3894,3.6237,0.0691,9865859.689,14657725.37,0.4857
Produce,Last 04 Wks,3.0,2022/03/27,2023/03/26,Total U.S.,Pomegranates,391455.2198,471907.1865,0.2055,7.7866,9.6475,0.239,740698.1123,988387.6376,0.3344,4.1152,4.6062,0.1193,3048118.623,4552737.536,0.4936
Produce,Last 04 Wks,3.0,2022/03/27,2023/03/26,Total U.S.,Rhubarb,40.0,0.0,-1.0,0.1408,0.0,0.0,2.0,0.0,-1.0,2.815,0.0,0.0,5.63,0.0,-1.0
Produce,Last 04 Wks,3.0,2022/03/27,2023/03/26,Total U.S.,Tangelos,2142640.913,1495380.895,-0.3021,1.79,1.744,-0.0257,1559173.998,1118784.038,-0.2825,2.4598,2.3311,-0.0523,3835228.387,2607950.612,-0.32
Produce,Last 04 Wks,3.0,2022/03/27,2023/03/26,Total U.S.,Tangerines,117252129.0,125029016.3,0.0663,1.719,1.564,-0.0902,38069096.9,40753049.89,0.0705,5.2945,4.7984,-0.0937,201557622.2,195547717.6,-0.0298
Produce,Last 04 Wks,3.0,2022/03/27,2023/03/26,Total U.S.,Variety,16340538.36,16034266.94,-0.0187,4.6231,4.8156,0.0417,13858130.08,13445803.62,-0.0298,5.4512,5.7427,0.0535,75543614.26,77215391.04,0.0221
Produce,Last 04 Wks,4.0,2022/04/24,2023/04/23,Total U.S.,Total Store with Perimeter,0.0,0.0,0.0,0.0,0.0,0.0,19232363551.0,18745945017.0,-0.0253,4.0826,4.4334,0.0859,78518162265.0,83108930437.0,0.0585
Produce,Last 04 Wks,4.0,2022/04/24,2023/04/23,Total U.S.,Produce Department,3306663335.0,3354133408.0,0.0144,1.8647,1.8663,0.0009,2403485886.0,2441849222.0,0.016,2.5654,2.5636,-0.0007,6165931689.0,6259841474.0,0.0152
Produce,Last 04 Wks,4.0,2022/04/24,2023/04/23,Total U.S.,Vegetable Aisle,1557253221.0,1558557653.0,0.0008,1.9422,1.9818,0.0204,1318509670.0,1315446018.0,-0.0023,2.2939,2.3481,0.0236,3024513422.0,3088739475.0,0.0212
Produce,Last 04 Wks,4.0,2022/04/24,2023/04/23,Total U.S.,Fruit Aisle,1720383298.0,1765162922.0,0.026,1.7677,1.7349,-0.0185,1028448390.0,1067573223.0,0.038,2.957,2.8686,-0.0299,3041086431.0,3062441659.0,0.007
Produce,Last 04 Wks,4.0,2022/04/24,2023/04/23,Total U.S.,Blackberries,10421174.01,12090798.89,0.1602,7.219,7.0141,-0.0284,22575549.24,25883097.19,0.1465,3.3324,3.2765,-0.0168,75230430.71,84806303.46,0.1273
Produce,Last 04 Wks,4.0,2022/04/24,2023/04/23,Total U.S.,Blueberries,35029302.34,40310546.86,0.1508,6.2127,5.8063,-0.0654,48171210.44,52525556.01,0.0904,4.5178,4.456,-0.0137,217627732.8,234053476.9,0.0755
Produce,Last 04 Wks,4.0,2022/04/24,2023/04/23,Total U.S.,Raspberries,13346163.98,16760090.99,0.2558,8.6822,8.0143,-0.0769,29951877.76,37946172.43,0.2669,3.8687,3.5398,-0.085,115873521.3,134320871.9,0.1592
Produce,Last 04 Wks,4.0,2022/04/24,2023/04/23,Total U.S.,Strawberries,115527352.7,95026520.03,-0.1775,3.0742,3.5888,0.1674,99367432.98,84272543.57,-0.1519,3.5742,4.0468,0.1322,355158327.9,341031787.1,-0.0398
Produce,Last 04 Wks,4.0,2022/04/24,2023/04/23,Total U.S.,Apples,192601806.0,186152618.7,-0.0335,1.9418,1.9624,0.0106,91122312.13,87524886.31,-0.0395,4.1042,4.1737,0.0169,373987080.1,365306261.1,-0.0232
Produce,Last 04 Wks,4.0,2022/04/24,2023/04/23,Total U.S.,Apricots,25398.9972,36631.6799,0.4422,4.5483,4.3784,-0.0374,32906.1271,47084.4265,0.4309,3.5107,3.4064,-0.0297,115521.9083,160387.7008,0.3884
Produce,Last 04 Wks,4.0,2022/04/24,2023/04/23,Total U.S.,Avocados,81158722.93,93749597.27,0.1551,3.0064,2.1401,-0.2882,97529179.02,114954728.6,0.1787,2.5018,1.7453,-0.3024,243997059.3,200629923.6,-0.1777
Produce,Last 04 Wks,4.0,2022/04/24,2023/04/23,Total U.S.,Bananas,476803962.2,473590504.5,-0.0067,0.5804,0.6006,0.0348,252579775.0,256969832.5,0.0174,1.0957,1.1069,0.0103,276752451.5,284448926.7,0.0278
Produce,Last 04 Wks,4.0,2022/04/24,2023/04/23,Total U.S.,Cherries,384197.2804,99911.392,-0.7399,5.2126,3.3474,-0.3578,337967.5043,69452.0542,-0.7945,5.9256,4.8154,-0.1874,2002662.631,334438.9729,-0.833
Produce,Last 04 Wks,4.0,2022/04/24,2023/04/23,Total U.S.,Coconuts,851964.9181,897735.1262,0.0537,2.1983,2.3522,0.07,687609.0955,726589.1927,0.0567,2.7237,2.9062,0.067,1872838.33,2111630.181,0.1275
Produce,Last 04 Wks,4.0,2022/04/24,2023/04/23,Total U.S.,Dates,6456.5848,3982.5039,-0.3832,8.5554,8.9966,0.0516,9766.5694,5564.0065,-0.4303,5.6559,6.4395,0.1385,55238.3919,35829.1442,-0.3514
Produce,Last 04 Wks,4.0,2022/04/24,2023/04/23,Total U.S.,Grapefruit,11766694.87,11563502.65,-0.0173,1.4783,1.429,-0.0333,5013318.035,4687035.538,-0.0651,3.4696,3.5255,0.0161,17394339.96,16524138.37,-0.05
Produce,Last 04 Wks,4.0,2022/04/24,2023/04/23,Total U.S.,Grapes,149372977.7,156809078.4,0.0498,2.0379,1.9952,-0.0209,74627135.2,83002627.59,0.1122,4.0789,3.7693,-0.0759,304399981.1,312859757.2,0.0278
Produce,Last 04 Wks,4.0,2022/04/24,2023/04/23,Total U.S.,Kiwi,6602871.212,6656568.836,0.0081,2.7163,2.8434,0.0468,5683288.108,5457828.86,-0.0397,3.1558,3.4679,0.0989,17935140.51,18926970.69,0.0553
Produce,Last 04 Wks,4.0,2022/04/24,2023/04/23,Total U.S.,Lemons,38913631.38,39499555.88,0.0151,2.0221,2.0126,-0.0047,41674413.34,41937812.94,0.0063,1.8882,1.8956,0.0039,78688123.64,79495732.42,0.0103
Produce,Last 04 Wks,4.0,2022/04/24,2023/04/23,Total U.S.,Limes,27010723.92,30505981.81,0.1294,2.8398,2.3154,-0.1847,33237972.64,38366367.96,0.1543,2.3077,1.841,-0.2022,76704127.61,70632191.52,-0.0792
Produce,Last 04 Wks,4.0,2022/04/24,2023/04/23,Total U.S.,Mangoes,30326793.09,28895436.04,-0.0472,1.7288,1.7318,0.0017,27151288.28,26980761.09,-0.0063,1.931,1.8547,-0.0395,52428432.55,50040767.12,-0.0455
Produce,Last 04 Wks,4.0,2022/04/24,2023/04/23,Total U.S.,Melons,174102977.6,202147276.6,0.1611,1.2368,1.216,-0.0168,50023580.89,53138963.58,0.0623,4.3046,4.6258,0.0746,215331438.7,245807789.3,0.1415
Produce,Last 04 Wks,4.0,2022/04/24,2023/04/23,Total U.S.,Nectarines,2352632.994,1927998.786,-0.1805,2.3765,2.4808,0.0439,1725336.604,1484965.04,-0.1393,3.2406,3.221,-0.0061,5591088.873,4783018.961,-0.1445
Produce,Last 04 Wks,4.0,2022/04/24,2023/04/23,Total U.S.,Oranges,95567889.65,90222237.29,-0.0559,1.4375,1.3872,-0.0349,35696170.27,33572542.49,-0.0595,3.8485,3.728,-0.0313,137375449.1,125159855.6,-0.0889
Produce,Last 04 Wks,4.0,2022/04/24,2023/04/23,Total U.S.,Other,3130207.195,4507102.941,0.4399,3.9043,4.0976,0.0495,2554867.869,3787816.79,0.4826,4.7836,4.8757,0.0192,12221403.47,18468083.18,0.5111
Produce,Last 04 Wks,4.0,2022/04/24,2023/04/23,Total U.S.,Papaya,9014969.223,10167214.83,0.1278,1.3039,1.3253,0.0164,4283940.967,4965755.254,0.1592,2.7439,2.7136,-0.0111,11754679.67,13474868.24,0.1463
Produce,Last 04 Wks,4.0,2022/04/24,2023/04/23,Total U.S.,Peaches,1326900.565,760605.2292,-0.4268,2.5324,2.6207,0.0349,977713.4555,591998.269,-0.3945,3.4368,3.3671,-0.0203,3360214.8,1993295.282,-0.4068
Produce,Last 04 Wks,4.0,2022/04/24,2023/04/23,Total U.S.,Pears,22737911.42,20367862.56,-0.1042,1.8442,1.9267,0.0447,12908467.47,11645273.42,-0.0979,3.2485,3.3698,0.0373,41933560.51,39241796.03,-0.0642
Produce,Last 04 Wks,4.0,2022/04/24,2023/04/23,Total U.S.,Pineapple,86492436.01,90866362.28,0.0506,1.0643,1.0571,-0.0068,32113860.6,32465468.9,0.0109,2.8666,2.9588,0.0322,92056176.19,96057272.93,0.0435
Produce,Last 04 Wks,4.0,2022/04/24,2023/04/23,Total U.S.,Plums,5316745.764,6238980.686,0.1735,2.5527,2.6768,0.0486,3813518.149,4614834.202,0.2101,3.5589,3.6189,0.0168,13571997.49,16700503.05,0.2305
Produce,Last 04 Wks,4.0,2022/04/24,2023/04/23,Total U.S.,Pomegranates,577184.6681,561760.3556,-0.0267,8.0504,9.6604,0.2,1072304.737,1170739.554,0.0918,4.3332,4.6354,0.0697,4646546.392,5426806.721,0.1679
Produce,Last 04 Wks,4.0,2022/04/24,2023/04/23,Total U.S.,Tangelos,1169066.015,1389466.383,0.1885,1.8002,1.7822,-0.01,863278.1645,1065893.014,0.2347,2.4379,2.3232,-0.0471,2104606.661,2476248.693,0.1766
Produce,Last 04 Wks,4.0,2022/04/24,2023/04/23,Total U.S.,Tangerines,107400652.3,122117630.8,0.137,1.7229,1.5429,-0.1045,33735788.21,39380622.41,0.1673,5.4849,4.7843,-0.1277,185038789.3,188409544.1,0.0182
Produce,Last 04 Wks,4.0,2022/04/24,2023/04/23,Total U.S.,Variety,17961922.28,18297822.96,0.0187,4.6946,4.8,0.0225,15247145.11,14936603.15,-0.0204,5.5304,5.8801,0.0632,84323262.93,87829004.63,0.0416
Produce,Last 04 Wks,5.0,2022/05/22,2023/05/21,Total U.S.,Total Store with Perimeter,0.0,0.0,0.0,0.0,0.0,0.0,18754369449.0,18348560462.0,-0.0216,4.2207,4.5184,0.0705,79157259265.0,82906184879.0,0.0474
Produce,Last 04 Wks,5.0,2022/05/22,2023/05/21,Total U.S.,Produce Department,3415239725.0,3441246339.0,0.0076,1.8509,1.8585,0.0041,2426395403.0,2460138280.0,0.0139,2.6052,2.5997,-0.0021,6321177955.0,6395688977.0,0.0118
Produce,Last 04 Wks,5.0,2022/05/22,2023/05/21,Total U.S.,Vegetable Aisle,1479665270.0,1483558689.0,0.0026,2.0042,2.057,0.0263,1297994316.0,1297488679.0,-0.0004,2.2847,2.352,0.0295,2965480451.0,3051629027.0,0.0291
Produce,Last 04 Wks,5.0,2022/05/22,2023/05/21,Total U.S.,Fruit Aisle,1905829824.0,1926142938.0,0.0107,1.7092,1.6802,-0.017,1074591294.0,1104553290.0,0.0279,3.0313,2.9299,-0.0334,3257389565.0,3236227370.0,-0.0065
Produce,Last 04 Wks,5.0,2022/05/22,2023/05/21,Total U.S.,Blackberries,11463928.31,13180434.36,0.1497,6.9523,6.7189,-0.0336,24261844.85,28224983.07,0.1633,3.285,3.1376,-0.0449,79701122.11,88558536.87,0.1111
Produce,Last 04 Wks,5.0,2022/05/22,2023/05/21,Total U.S.,Blueberries,39653058.62,54371380.95,0.3712,5.5808,4.7529,-0.1483,50851084.52,67135512.59,0.3202,4.3519,3.8493,-0.1155,221297579.1,258424433.3,0.1678
Produce,Last 04 Wks,5.0,2022/05/22,2023/05/21,Total U.S.,Raspberries,13301927.07,13923677.78,0.0467,8.6367,8.5805,-0.0065,29677720.77,30604908.18,0.0312,3.8711,3.9037,0.0084,114884507.8,119472711.0,0.0399
Produce,Last 04 Wks,5.0,2022/05/22,2023/05/21,Total U.S.,Strawberries,137749219.2,127002442.5,-0.078,2.9365,3.3269,0.133,115245370.1,107994609.0,-0.0629,3.5099,3.9125,0.1147,404500381.9,422526153.0,0.0446
Produce,Last 04 Wks,5.0,2022/05/22,2023/05/21,Total U.S.,Apples,185528134.8,177650353.3,-0.0425,1.9323,1.9995,0.0348,87667945.84,83554890.27,-0.0469,4.0892,4.2512,0.0396,358490820.3,355211619.9,-0.0091
Produce,Last 04 Wks,5.0,2022/05/22,2023/05/21,Total U.S.,Apricots,828528.1386,351388.1292,-0.5759,3.5458,3.7022,0.0441,809602.9018,347638.4987,-0.5706,3.6286,3.7422,0.0313,2937755.353,1300916.356,-0.5572
Produce,Last 04 Wks,5.0,2022/05/22,2023/05/21,Total U.S.,Avocados,82159767.47,98637226.63,0.2006,3.1166,2.1499,-0.3102,100319761.4,122965075.4,0.2257,2.5525,1.7245,-0.3244,256061639.5,212058209.8,-0.1718
Produce,Last 04 Wks,5.0,2022/05/22,2023/05/21,Total U.S.,Bananas,482493819.4,478689250.4,-0.0079,0.5808,0.5976,0.029,255284672.1,258926528.0,0.0143,1.0977,1.1049,0.0065,280235147.6,286080588.0,0.0209
Produce,Last 04 Wks,5.0,2022/05/22,2023/05/21,Total U.S.,Cherries,17047684.27,2615377.519,-0.8466,5.3194,5.7491,0.0808,13071940.92,2058431.595,-0.8425,6.9373,7.3046,0.0529,90683849.9,15035959.13,-0.8342
Produce,Last 04 Wks,5.0,2022/05/22,2023/05/21,Total U.S.,Coconuts,780661.0385,877188.2226,0.1236,2.3048,2.3676,0.0273,629355.0345,707785.6269,0.1246,2.8589,2.9343,0.0264,1799269.201,2076865.334,0.1543
Produce,Last 04 Wks,5.0,2022/05/22,2023/05/21,Total U.S.,Dates,4901.3528,3284.3648,-0.3299,8.4534,8.8604,0.0481,7201.2365,4655.1312,-0.3536,5.7536,6.2513,0.0865,41433.0697,29100.6814,-0.2976
Produce,Last 04 Wks,5.0,2022/05/22,2023/05/21,Total U.S.,Grapefruit,9280506.911,9231801.226,-0.0052,1.582,1.4678,-0.0722,4363105.556,4118489.848,-0.0561,3.3649,3.2902,-0.0222,14681345.03,13550588.25,-0.077
Produce,Last 04 Wks,5.0,2022/05/22,2023/05/21,Total U.S.,Grapes,152903901.4,126062475.7,-0.1755,1.9209,2.4129,0.2561,71239536.38,64483218.37,-0.0948,4.1229,4.7172,0.1441,293713728.6,304180072.4,0.0356
Produce,Last 04 Wks,5.0,2022/05/22,2023/05/21,Total U.S.,Kiwi,6769524.854,6465500.828,-0.0449,2.7605,2.8367,0.0276,6236206.423,5289441.112,-0.1518,2.9966,3.4674,0.1571,18687479.96,18340802.96,-0.0186
Produce,Last 04 Wks,5.0,2022/05/22,2023/05/21,Total U.S.,Lemons,38627278.73,38288419.53,-0.0088,2.0508,1.9979,-0.0258,41004908.77,41012057.88,0.0002,1.9319,1.8652,-0.0345,79216212.48,76496789.56,-0.0343
Produce,Last 04 Wks,5.0,2022/05/22,2023/05/21,Total U.S.,Limes,29417927.97,32893232.05,0.1181,2.781,2.3133,-0.1682,36097321.9,42149312.47,0.1677,2.2664,1.8053,-0.2035,81811615.47,76090723.09,-0.0699
Produce,Last 04 Wks,5.0,2022/05/22,2023/05/21,Total U.S.,Mangoes,34867095.66,36219375.26,0.0388,1.669,1.5667,-0.0613,32837743.62,33781729.89,0.0287,1.7722,1.6798,-0.0521,58194105.23,56746172.66,-0.0249
Produce,Last 04 Wks,5.0,2022/05/22,2023/05/21,Total U.S.,Melons,347547019.5,374567381.9,0.0777,0.9106,0.9076,-0.0033,68696273.34,70943478.31,0.0327,4.6068,4.7917,0.0401,316472201.4,339942473.2,0.0742
Produce,Last 04 Wks,5.0,2022/05/22,2023/05/21,Total U.S.,Nectarines,1611442.046,344956.2702,-0.7859,2.927,3.703,0.2651,1289941.49,313283.9209,-0.7571,3.6565,4.0773,0.1151,4716674.772,1277358.179,-0.7292
Produce,Last 04 Wks,5.0,2022/05/22,2023/05/21,Total U.S.,Oranges,81080401.06,84288448.89,0.0396,1.492,1.4025,-0.06,31503188.94,31844457.62,0.0108,3.8401,3.7122,-0.0333,120976006.7,118212542.8,-0.0228
Produce,Last 04 Wks,5.0,2022/05/22,2023/05/21,Total U.S.,Other,2399730.003,4035723.564,0.6817,4.2117,4.1269,-0.0201,2171644.973,3571136.387,0.6444,4.6541,4.6638,0.0021,10107044.99,16655103.27,0.6479
Produce,Last 04 Wks,5.0,2022/05/22,2023/05/21,Total U.S.,Papaya,10105479.53,10511474.38,0.0402,1.2747,1.2913,0.013,4784546.729,5153360.52,0.0771,2.6923,2.6338,-0.0217,12881499.39,13573176.55,0.0537
Produce,Last 04 Wks,5.0,2022/05/22,2023/05/21,Total U.S.,Peaches,4392501.627,2108739.016,-0.5199,2.9949,3.3732,0.1263,3207258.409,1667657.163,-0.48,4.1016,4.2653,0.0399,13154925.23,7113115.289,-0.4593
Produce,Last 04 Wks,5.0,2022/05/22,2023/05/21,Total U.S.,Pears,21296317.48,20422608.91,-0.041,1.8349,1.8809,0.025,11784843.2,11429983.72,-0.0301,3.3159,3.3607,0.0135,39077487.35,38412406.82,-0.017
Produce,Last 04 Wks,5.0,2022/05/22,2023/05/21,Total U.S.,Pineapple,72411035.06,76088095.56,0.0508,1.2393,1.2263,-0.0105,28256608.13,28687966.12,0.0153,3.1758,3.2524,0.0241,89738525.68,93303346.18,0.0397
Produce,Last 04 Wks,5.0,2022/05/22,2023/05/21,Total U.S.,Plums,5850214.021,4204044.162,-0.2814,2.5392,2.5875,0.019,3956147.73,2759085.182,-0.3026,3.7549,3.9426,0.05,14855023.25,10878063.75,-0.2677
Produce,Last 04 Wks,5.0,2022/05/22,2023/05/21,Total U.S.,Pomegranates,623505.4171,602793.8925,-0.0332,7.4053,8.5664,0.1568,1104190.661,1183284.362,0.0716,4.1816,4.3639,0.0436,4617269.663,5163787.534,0.1184
Produce,Last 04 Wks,5.0,2022/05/22,2023/05/21,Total U.S.,Rhubarb,435000.0,595620.0,0.3692,0.1806,0.237,0.3123,21750.0,29781.0,0.3692,3.6125,4.7405,0.3123,78571.76,141178.15,0.7968
Produce,Last 04 Wks,5.0,2022/05/22,2023/05/21,Total U.S.,Tangelos,50091.4022,1122648.127,21.412,2.4262,1.8037,-0.2566,35303.9584,831325.7522,22.5477,3.4424,2.4358,-0.2924,121530.9346,2024906.534,15.6617
Produce,Last 04 Wks,5.0,2022/05/22,2023/05/21,Total U.S.,Tangerines,93602725.93,109335581.9,0.1681,1.7635,1.5798,-0.1042,29005005.14,34350880.03,0.1843,5.6911,5.0283,-0.1165,165071103.9,172726104.5,0.0464
Produce,Last 04 Wks,5.0,2022/05/22,2023/05/21,Total U.S.,Variety,18402253.98,18330341.8,-0.0039,4.7522,4.8576,0.0222,15620921.15,14863779.74,-0.0485,5.5983,5.9905,0.0701,87451007.0,89041771.07,0.0182
Produce,Last 04 Wks,6.0,2022/06/19,2023/06/18,Total U.S.,Total Store with Perimeter,0.0,0.0,0.0,0.0,0.0,0.0,19211748160.0,18732485588.0,-0.0249,4.2087,4.4879,0.0663,80856044502.0,84068947516.0,0.0397
Produce,Last 04 Wks,6.0,2022/06/19,2023/06/18,Total U.S.,Produce Department,3877924646.0,3832281343.0,-0.0118,1.706,1.7713,0.0383,2540067697.0,2588266225.0,0.019,2.6046,2.6227,0.0069,6615920956.0,6788163914.0,0.026
Produce,Last 04 Wks,6.0,2022/06/19,2023/06/18,Total U.S.,Vegetable Aisle,1537541605.0,1552291470.0,0.0096,1.9707,2.0115,0.0207,1345555537.0,1363851679.0,0.0136,2.2519,2.2894,0.0167,3030017028.0,3122379175.0,0.0305
Produce,Last 04 Wks,6.0,2022/06/19,2023/06/18,Total U.S.,Fruit Aisle,2310485948.0,2248214245.0,-0.027,1.5085,1.5816,0.0485,1141766184.0,1166462510.0,0.0216,3.0526,3.0483,-0.0014,3485336987.0,3555737725.0,0.0202
Produce,Last 04 Wks,6.0,2022/06/19,2023/06/18,Total U.S.,Blackberries,11515096.97,11329132.79,-0.0161,6.5443,6.986,0.0675,24588687.08,24493456.64,-0.0039,3.0647,3.2313,0.0543,75357784.8,79145244.18,0.0503
Produce,Last 04 Wks,6.0,2022/06/19,2023/06/18,Total U.S.,Blueberries,40630805.26,49817612.58,0.2261,5.208,4.7433,-0.0892,50741593.39,61211628.25,0.2063,4.1703,3.8604,-0.0743,211607147.9,236301380.8,0.1167
Produce,Last 04 Wks,6.0,2022/06/19,2023/06/18,Total U.S.,Raspberries,12683578.49,12481282.02,-0.0159,8.1688,8.7371,0.0696,28378731.49,26652214.49,-0.0608,3.651,4.0916,0.1207,103609688.1,109049779.0,0.0525
Produce,Last 04 Wks,6.0,2022/06/19,2023/06/18,Total U.S.,Strawberries,138469429.7,152473950.3,0.1011,2.6179,2.7462,0.049,113412895.7,125289753.6,0.1047,3.1963,3.342,0.0456,362501549.6,418717522.0,0.1551
Produce,Last 04 Wks,6.0,2022/06/19,2023/06/18,Total U.S.,Apples,164302744.4,162170237.5,-0.013,1.9487,2.0282,0.0408,77280914.01,75912999.15,-0.0177,4.143,4.3329,0.0458,320173019.3,328921152.4,0.0273
Produce,Last 04 Wks,6.0,2022/06/19,2023/06/18,Total U.S.,Apricots,2867000.916,2573466.569,-0.1024,3.7382,3.7683,0.0081,2832099.208,2461574.723,-0.1308,3.7843,3.9396,0.0411,10717409.66,9697679.288,-0.0951
Produce,Last 04 Wks,6.0,2022/06/19,2023/06/18,Total U.S.,Avocados,77770521.41,93084671.38,0.1969,3.214,2.2209,-0.309,94667901.72,115199874.4,0.2169,2.6403,1.7946,-0.3203,249951838.9,206733029.9,-0.1729
Produce,Last 04 Wks,6.0,2022/06/19,2023/06/18,Total U.S.,Bananas,483107160.8,479226376.2,-0.008,0.5816,0.5983,0.0287,256106651.2,260464304.0,0.017,1.0971,1.1008,0.0033,280976975.5,286714576.3,0.0204
Produce,Last 04 Wks,6.0,2022/06/19,2023/06/18,Total U.S.,Cherries,41904389.0,60744001.66,0.4496,5.0686,4.4644,-0.1192,32020592.23,45715113.2,0.4277,6.6331,5.9321,-0.1057,212395898.1,271188241.2,0.2768
Produce,Last 04 Wks,6.0,2022/06/19,2023/06/18,Total U.S.,Coconuts,854610.0989,909765.7538,0.0645,2.2484,2.3099,0.0274,690039.0946,733458.2266,0.0629,2.7847,2.8652,0.0289,1921521.766,2101496.362,0.0937
Produce,Last 04 Wks,6.0,2022/06/19,2023/06/18,Total U.S.,Dates,3864.6937,3040.6115,-0.2132,8.3943,8.6051,0.0251,5397.1826,4129.5262,-0.2349,6.0108,6.336,0.0541,32441.5363,26164.7914,-0.1935
Produce,Last 04 Wks,6.0,2022/06/19,2023/06/18,Total U.S.,Grapefruit,8797132.44,8305012.351,-0.0559,1.5628,1.4841,-0.0504,4168801.052,3852482.711,-0.0759,3.2978,3.1993,-0.0299,13747936.8,12325368.49,-0.1035
Produce,Last 04 Wks,6.0,2022/06/19,2023/06/18,Total U.S.,Grapes,151992013.1,111209056.8,-0.2683,1.9902,2.5689,0.2908,79480982.03,57213323.35,-0.2802,3.8058,4.9934,0.312,302491679.0,285690492.8,-0.0555
Produce,Last 04 Wks,6.0,2022/06/19,2023/06/18,Total U.S.,Kiwi,7653538.909,8000639.522,0.0454,3.1602,3.2806,0.0381,6602271.997,6213830.174,-0.0588,3.6633,4.2239,0.153,24186411.32,26246620.69,0.0852
Produce,Last 04 Wks,6.0,2022/06/19,2023/06/18,Total U.S.,Lemons,38610019.25,39527822.62,0.0238,2.0533,1.9726,-0.0393,40977189.07,42013679.12,0.0253,1.9347,1.8559,-0.0407,79277370.3,77974307.2,-0.0164
Produce,Last 04 Wks,6.0,2022/06/19,2023/06/18,Total U.S.,Limes,31426580.29,35200679.31,0.1201,2.315,2.0199,-0.1275,38120196.86,44898787.88,0.1778,1.9085,1.5836,-0.1702,72752018.23,71102056.11,-0.0227
Produce,Last 04 Wks,6.0,2022/06/19,2023/06/18,Total U.S.,Mangoes,30821841.63,33399011.12,0.0836,1.7068,1.6504,-0.0331,28175409.16,30888522.27,0.0963,1.8671,1.7845,-0.0442,52606833.94,55121219.2,0.0478
Produce,Last 04 Wks,6.0,2022/06/19,2023/06/18,Total U.S.,Melons,743855505.4,666876574.1,-0.1035,0.6404,0.7045,0.1001,105698404.9,98663472.02,-0.0666,4.5065,4.7615,0.0566,476333354.9,469786613.3,-0.0137
Produce,Last 04 Wks,6.0,2022/06/19,2023/06/18,Total U.S.,Nectarines,20605570.79,10814151.01,-0.4752,2.5556,2.6812,0.0491,14812171.06,7944574.904,-0.4636,3.5552,3.6496,0.0266,52660131.38,28994485.79,-0.4494
Produce,Last 04 Wks,6.0,2022/06/19,2023/06/18,Total U.S.,Oranges,66949718.19,67861225.2,0.0136,1.5492,1.4403,-0.0703,26362281.31,26048153.47,-0.0119,3.9343,3.7522,-0.0463,103718345.9,97738408.83,-0.0577
Produce,Last 04 Wks,6.0,2022/06/19,2023/06/18,Total U.S.,Other,2831478.915,3282014.233,0.1591,4.0028,4.3042,0.0753,2809092.702,3358512.487,0.1956,4.0347,4.2062,0.0425,11333851.78,14126424.28,0.2464
Produce,Last 04 Wks,6.0,2022/06/19,2023/06/18,Total U.S.,Papaya,9039781.284,9625405.543,0.0648,1.3059,1.3003,-0.0043,4341438.209,4851361.732,0.1175,2.7192,2.5799,-0.0512,11805412.01,12516206.75,0.0602
Produce,Last 04 Wks,6.0,2022/06/19,2023/06/18,Total U.S.,Peaches,37639176.48,21787115.87,-0.4212,2.3642,2.7317,0.1554,25140275.76,15063581.35,-0.4008,3.5396,3.951,0.1162,88986345.53,59516006.49,-0.3312
Produce,Last 04 Wks,6.0,2022/06/19,2023/06/18,Total U.S.,Pears,16234244.88,16864300.21,0.0388,1.8622,1.899,0.0198,9022350.454,9294110.339,0.0301,3.3507,3.4458,0.0284,30231551.05,32026063.24,0.0594
Produce,Last 04 Wks,6.0,2022/06/19,2023/06/18,Total U.S.,Pineapple,80851391.18,81147316.13,0.0037,1.1879,1.2382,0.0423,30328595.13,30576479.58,0.0082,3.1667,3.286,0.0377,96040664.15,100473057.6,0.0462
Produce,Last 04 Wks,6.0,2022/06/19,2023/06/18,Total U.S.,Plums,7992370.673,1956392.423,-0.7552,2.7439,2.8041,0.0219,6334253.434,1477661.897,-0.7667,3.4622,3.7125,0.0723,21930444.14,5485858.494,-0.7499
Produce,Last 04 Wks,6.0,2022/06/19,2023/06/18,Total U.S.,Pomegranates,666632.4763,607911.8989,-0.0881,6.258,7.4438,0.1895,1045904.664,1104313.737,0.0558,3.9887,4.0977,0.0273,4171780.188,4525151.164,0.0847
Produce,Last 04 Wks,6.0,2022/06/19,2023/06/18,Total U.S.,Rhubarb,827541.7709,1080900.0,0.3062,0.1844,0.2369,0.2847,41377.0885,54045.0,0.3062,3.6878,4.7377,0.2847,152588.5311,256046.46,0.678
Produce,Last 04 Wks,6.0,2022/06/19,2023/06/18,Total U.S.,Tangelos,18838.9724,235082.8261,11.4785,3.0503,1.9084,-0.3744,14266.5987,159447.1882,10.1763,4.0279,2.8136,-0.3015,57464.9013,448622.2967,6.8069
Produce,Last 04 Wks,6.0,2022/06/19,2023/06/18,Total U.S.,Tangerines,57826577.15,83850653.28,0.45,1.7966,1.6697,-0.0706,18524840.96,26404852.17,0.4254,5.6083,5.3023,-0.0546,103893030.1,140006874.4,0.3476
Produce,Last 04 Wks,6.0,2022/06/19,2023/06/18,Total U.S.,Variety,18985763.35,18854245.67,-0.0069,4.7854,4.8917,0.0222,15914150.37,14950098.75,-0.0606,5.7091,6.1692,0.0806,90855270.16,92229913.82,0.0151
Produce,Last 04 Wks,7.0,2022/07/17,2023/07/16,Total U.S.,Total Store with Perimeter,0.0,0.0,0.0,0.0,0.0,0.0,19144684776.0,18825112481.0,-0.0167,4.2192,4.4628,0.0577,80774795455.0,84013310388.0,0.0401
Produce,Last 04 Wks,7.0,2022/07/17,2023/07/16,Total U.S.,Produce Department,3955953059.0,3987202709.0,0.0079,1.6634,1.7191,0.0335,2563926482.0,2627453770.0,0.0248,2.5665,2.6088,0.0165,6580245636.0,6854415453.0,0.0417
Produce,Last 04 Wks,7.0,2022/07/17,2023/07/16,Total U.S.,Vegetable Aisle,1529601016.0,1552870713.0,0.0152,1.9599,2.0083,0.0247,1347996048.0,1361674374.0,0.0101,2.2239,2.2903,0.0298,2997865200.0,3118678778.0,0.0403
Produce,Last 04 Wks,7.0,2022/07/17,2023/07/16,Total U.S.,Fruit Aisle,2395262910.0,2402102115.0,0.0029,1.4538,1.5093,0.0381,1162197510.0,1206458850.0,0.0381,2.9963,3.005,0.0029,3482333940.0,3625395314.0,0.0411
Produce,Last 04 Wks,7.0,2022/07/17,2023/07/16,Total U.S.,Blackberries,9579138.464,9848323.082,0.0281,6.8882,7.0459,0.0229,20589528.62,21459576.34,0.0423,3.2047,3.2335,0.009,65982551.43,69389975.48,0.0516
Produce,Last 04 Wks,7.0,2022/07/17,2023/07/16,Total U.S.,Blueberries,40567705.31,50761297.08,0.2513,4.6092,4.5076,-0.022,49032577.55,60619030.48,0.2363,3.8135,3.7746,-0.0102,186984860.9,228813389.6,0.2237
Produce,Last 04 Wks,7.0,2022/07/17,2023/07/16,Total U.S.,Raspberries,11387229.65,11846881.18,0.0404,8.2932,8.2504,-0.0052,25513543.3,24078489.11,-0.0562,3.7014,4.0593,0.0967,94436558.55,97741398.59,0.035
Produce,Last 04 Wks,7.0,2022/07/17,2023/07/16,Total U.S.,Strawberries,137840137.5,137453521.2,-0.0028,2.3892,2.6242,0.0983,112876697.3,111619048.9,-0.0111,2.9176,3.2316,0.1076,329333065.9,360705626.9,0.0953
Produce,Last 04 Wks,7.0,2022/07/17,2023/07/16,Total U.S.,Apples,150261075.8,147025002.9,-0.0215,1.9681,2.0455,0.0393,70765990.57,68923890.25,-0.026,4.1791,4.3633,0.0441,295734908.2,300734567.8,0.0169
Produce,Last 04 Wks,7.0,2022/07/17,2023/07/16,Total U.S.,Apricots,2263543.386,2121153.258,-0.0629,3.6493,3.8448,0.0536,2306423.178,2200180.427,-0.0461,3.5815,3.7067,0.035,8260362.063,8155436.638,-0.0127
Produce,Last 04 Wks,7.0,2022/07/17,2023/07/16,Total U.S.,Avocados,76226246.33,87611260.3,0.1494,3.1026,2.384,-0.2316,93645632.33,109719566.6,0.1716,2.5254,1.9037,-0.2462,236497102.7,208869240.2,-0.1168
Produce,Last 04 Wks,7.0,2022/07/17,2023/07/16,Total U.S.,Bananas,466126671.2,461636879.6,-0.0096,0.581,0.5971,0.0277,248277886.3,252130442.7,0.0155,1.0908,1.0933,0.0023,270820441.2,275647102.5,0.0178
Produce,Last 04 Wks,7.0,2022/07/17,2023/07/16,Total U.S.,Cherries,59545583.99,88518448.57,0.4866,4.563,3.3712,-0.2612,43988728.61,64297345.91,0.4617,6.1767,4.6412,-0.2486,271705180.0,298414447.7,0.0983
Produce,Last 04 Wks,7.0,2022/07/17,2023/07/16,Total U.S.,Coconuts,848455.5755,906639.7953,0.0686,2.3127,2.3592,0.0201,688309.5559,730040.3598,0.0606,2.8508,2.9298,0.0277,1962216.174,2138901.004,0.09
Produce,Last 04 Wks,7.0,2022/07/17,2023/07/16,Total U.S.,Dates,3465.5847,2337.8623,-0.3254,8.1143,8.6942,0.0715,4965.0976,3299.2467,-0.3355,5.6637,6.1607,0.0878,28120.6907,20325.7851,-0.2772
Produce,Last 04 Wks,7.0,2022/07/17,2023/07/16,Total U.S.,Grapefruit,9034095.788,8437730.182,-0.066,1.5193,1.4743,-0.0296,4382781.666,3900363.774,-0.1101,3.1317,3.1894,0.0184,13725769.11,12439642.27,-0.0937
Produce,Last 04 Wks,7.0,2022/07/17,2023/07/16,Total U.S.,Grapes,145419188.0,130243079.1,-0.1044,2.0094,2.3277,0.1584,80221791.77,72525626.76,-0.0959,3.6425,4.1801,0.1476,292209757.1,303165225.0,0.0375
Produce,Last 04 Wks,7.0,2022/07/17,2023/07/16,Total U.S.,Kiwi,7382591.291,7990755.0,0.0824,3.2607,3.2864,0.0079,6259761.812,6052016.102,-0.0332,3.8456,4.3392,0.1284,24072267.46,26260939.29,0.0909
Produce,Last 04 Wks,7.0,2022/07/17,2023/07/16,Total U.S.,Lemons,37041642.32,38172708.49,0.0305,2.0799,2.0203,-0.0286,39439720.16,41132912.33,0.0429,1.9534,1.8749,-0.0402,77041139.06,77121217.81,0.001
Produce,Last 04 Wks,7.0,2022/07/17,2023/07/16,Total U.S.,Limes,34858962.98,37559261.83,0.0775,1.9822,1.8907,-0.0461,41851154.79,47718076.11,0.1402,1.651,1.4882,-0.0986,69096515.68,71014968.45,0.0278
Produce,Last 04 Wks,7.0,2022/07/17,2023/07/16,Total U.S.,Mangoes,31445114.56,35565650.58,0.131,1.6511,1.5629,-0.0534,28074643.1,33465159.82,0.192,1.8493,1.661,-0.1018,51918593.39,55585769.71,0.0706
Produce,Last 04 Wks,7.0,2022/07/17,2023/07/16,Total U.S.,Melons,839812198.9,807527323.9,-0.0384,0.6179,0.668,0.0811,117641352.8,115569420.6,-0.0176,4.4108,4.6676,0.0582,518895712.5,539426456.8,0.0396
Produce,Last 04 Wks,7.0,2022/07/17,2023/07/16,Total U.S.,Nectarines,32488416.63,29548526.78,-0.0905,2.3411,2.4794,0.0591,22613159.94,20132777.79,-0.1097,3.3634,3.639,0.0819,76057989.39,73263700.52,-0.0367
Produce,Last 04 Wks,7.0,2022/07/17,2023/07/16,Total U.S.,Oranges,51379294.08,53014919.86,0.0318,1.5722,1.4633,-0.0692,20469392.15,20985357.0,0.0252,3.9462,3.6967,-0.0632,80777078.71,77577052.5,-0.0396
Produce,Last 04 Wks,7.0,2022/07/17,2023/07/16,Total U.S.,Other,3214889.96,3652262.351,0.136,4.0575,4.5471,0.1207,3228809.703,3892256.731,0.2055,4.04,4.2667,0.0561,13044449.72,16607030.48,0.2731
Produce,Last 04 Wks,7.0,2022/07/17,2023/07/16,Total U.S.,Papaya,8656535.09,8795980.168,0.0161,1.2891,1.2967,0.0059,4089426.757,4362837.974,0.0669,2.7288,2.6144,-0.0419,11159278.73,11406117.57,0.0221
Produce,Last 04 Wks,7.0,2022/07/17,2023/07/16,Total U.S.,Peaches,59110060.08,46483439.57,-0.2136,2.139,2.5121,0.1744,38359505.31,30416832.77,-0.2071,3.2961,3.839,0.1647,126436634.7,116769688.8,-0.0765
Produce,Last 04 Wks,7.0,2022/07/17,2023/07/16,Total U.S.,Pears,13120742.6,13068150.06,-0.004,1.8859,1.9579,0.0382,7355965.664,7143895.211,-0.0288,3.3638,3.5815,0.0647,24743889.27,25585526.31,0.034
Produce,Last 04 Wks,7.0,2022/07/17,2023/07/16,Total U.S.,Pineapple,77609321.09,80800899.4,0.0411,1.2114,1.2401,0.0237,29510430.57,30890784.65,0.0468,3.1857,3.2436,0.0182,94012697.64,100198539.8,0.0658
Produce,Last 04 Wks,7.0,2022/07/17,2023/07/16,Total U.S.,Plums,20291322.96,15496884.84,-0.2363,2.7039,2.907,0.0751,15833523.27,12628619.68,-0.2024,3.4651,3.5673,0.0295,54864790.81,45049641.69,-0.1789
Produce,Last 04 Wks,7.0,2022/07/17,2023/07/16,Total U.S.,Pomegranates,586420.6776,485674.9645,-0.1718,6.1521,7.7932,0.2668,882672.6469,920951.6336,0.0434,4.0873,4.1099,0.0055,3607739.91,3784976.252,0.0491
Produce,Last 04 Wks,7.0,2022/07/17,2023/07/16,Total U.S.,Rhubarb,729574.0663,1045480.0,0.433,0.1827,0.237,0.2971,36478.7033,52274.0,0.433,3.6535,4.7391,0.2971,133275.8724,247731.18,0.8588
Produce,Last 04 Wks,7.0,2022/07/17,2023/07/16,Total U.S.,Tangelos,20868.3041,25269.6547,0.2109,2.9814,3.1524,0.0573,15414.255,18954.6818,0.2297,4.0364,4.2027,0.0412,62217.756,79660.1854,0.2803
Produce,Last 04 Wks,7.0,2022/07/17,2023/07/16,Total U.S.,Tangerines,47622376.77,64896496.62,0.3627,1.7782,1.6696,-0.0611,16235672.56,20837141.19,0.2834,5.2157,5.1999,-0.003,84680523.71,108350704.8,0.2795
Produce,Last 04 Wks,7.0,2022/07/17,2023/07/16,Total U.S.,Variety,18240667.67,18744050.69,0.0276,4.765,4.8625,0.0205,15217800.84,14892038.71,-0.0214,5.7115,6.1203,0.0716,86916218.51,91143352.28,0.0486
Produce,Last 04 Wks,8.0,2022/08/14,2023/08/13,Total U.S.,Total Store with Perimeter,0.0,0.0,0.0,0.0,0.0,0.0,18884346368.0,18525024831.0,-0.019,4.2696,4.461,0.0448,80629213493.0,82640805153.0,0.0249
Produce,Last 04 Wks,8.0,2022/08/14,2023/08/13,Total U.S.,Produce Department,3644011599.0,3715656938.0,0.0197,1.7695,1.7595,-0.0057,2468315106.0,2507829593.0,0.016,2.6123,2.6069,-0.0021,6448043357.0,6537578911.0,0.0139
Produce,Last 04 Wks,8.0,2022/08/14,2023/08/13,Total U.S.,Vegetable Aisle,1443464089.0,1452063308.0,0.006,2.0205,2.0496,0.0144,1274308043.0,1279634532.0,0.0042,2.2887,2.3258,0.0162,2916454908.0,2976142463.0,0.0205
Produce,Last 04 Wks,8.0,2022/08/14,2023/08/13,Total U.S.,Fruit Aisle,2169497658.0,2231638322.0,0.0286,1.5838,1.549,-0.022,1140075690.0,1170467688.0,0.0267,3.0138,2.9533,-0.0201,3436004852.0,3456747741.0,0.006
Produce,Last 04 Wks,8.0,2022/08/14,2023/08/13,Total U.S.,Blackberries,7074845.706,8701949.958,0.23,7.6712,6.9307,-0.0965,15090923.79,18223617.79,0.2076,3.5964,3.3095,-0.0798,54272489.45,60310533.22,0.1113
Produce,Last 04 Wks,8.0,2022/08/14,2023/08/13,Total U.S.,Blueberries,45664011.04,54881347.14,0.2019,4.5016,4.1307,-0.0824,54540953.46,64788295.17,0.1879,3.769,3.4991,-0.0716,205563115.6,226698830.2,0.1028
Produce,Last 04 Wks,8.0,2022/08/14,2023/08/13,Total U.S.,Raspberries,9454479.216,11028101.17,0.1664,8.9145,8.4409,-0.0531,20854637.77,21730632.51,0.042,4.0414,4.2837,0.06,84281582.86,93087644.83,0.1045
Produce,Last 04 Wks,8.0,2022/08/14,2023/08/13,Total U.S.,Strawberries,110834205.7,104894071.9,-0.0536,2.7397,2.9253,0.0678,92359290.89,87171187.29,-0.0562,3.2877,3.5201,0.0707,303651291.2,306849615.5,0.0105
Produce,Last 04 Wks,8.0,2022/08/14,2023/08/13,Total U.S.,Apples,152042247.2,148836450.2,-0.0211,1.9838,2.0474,0.0321,71939682.11,69889122.0,-0.0285,4.1926,4.3601,0.04,301616756.5,304726811.3,0.0103
Produce,Last 04 Wks,8.0,2022/08/14,2023/08/13,Total U.S.,Apricots,1827618.943,1650200.597,-0.0971,3.4472,3.4534,0.0018,1829684.217,1672116.554,-0.0861,3.4433,3.4081,-0.0102,6300114.622,5698788.565,-0.0954
Produce,Last 04 Wks,8.0,2022/08/14,2023/08/13,Total U.S.,Avocados,77986858.9,80898452.8,0.0373,2.8427,2.5574,-0.1004,93945192.95,99168729.05,0.0556,2.3598,2.0862,-0.1159,221693942.5,206888619.8,-0.0668
Produce,Last 04 Wks,8.0,2022/08/14,2023/08/13,Total U.S.,Bananas,462672126.7,451623575.8,-0.0239,0.584,0.596,0.0207,248099851.4,247665149.1,-0.0018,1.089,1.0869,-0.002,270184479.8,269180956.2,-0.0037
Produce,Last 04 Wks,8.0,2022/08/14,2023/08/13,Total U.S.,Cherries,75393578.68,92336647.9,0.2247,4.0508,2.8028,-0.3081,55661023.23,66491066.24,0.1946,5.4869,3.8923,-0.2906,305405666.6,258802295.2,-0.1526
Produce,Last 04 Wks,8.0,2022/08/14,2023/08/13,Total U.S.,Coconuts,896560.578,890684.6271,-0.0066,2.2735,2.3562,0.0364,726167.0764,718190.3861,-0.011,2.807,2.9222,0.041,2038354.563,2098665.101,0.0296
Produce,Last 04 Wks,8.0,2022/08/14,2023/08/13,Total U.S.,Dates,2953.9943,2290.7363,-0.2245,8.6729,8.4539,-0.0253,4144.413,3227.5453,-0.2212,6.1817,6.0001,-0.0294,25619.7243,19365.6823,-0.2441
Produce,Last 04 Wks,8.0,2022/08/14,2023/08/13,Total U.S.,Grapefruit,8761550.671,9066554.721,0.0348,1.5253,1.4523,-0.0479,4335594.501,4177780.204,-0.0364,3.0824,3.1517,0.0225,13363869.27,13166907.16,-0.0147
Produce,Last 04 Wks,8.0,2022/08/14,2023/08/13,Total U.S.,Grapes,148682817.5,139595073.5,-0.0611,2.0389,2.053,0.0069,80382043.2,77192840.07,-0.0397,3.7714,3.7126,-0.0156,303153933.7,286586940.4,-0.0546
Produce,Last 04 Wks,8.0,2022/08/14,2023/08/13,Total U.S.,Kiwi,7640756.543,8033155.287,0.0514,3.1406,3.3529,0.0676,6238993.881,6252011.538,0.0021,3.8462,4.3081,0.1201,23996487.36,26934156.65,0.1224
Produce,Last 04 Wks,8.0,2022/08/14,2023/08/13,Total U.S.,Lemons,35464357.02,35551319.47,0.0025,2.0648,2.0435,-0.0103,37177186.26,38312176.94,0.0305,1.9697,1.8962,-0.0373,73227698.53,72648449.43,-0.0079
Produce,Last 04 Wks,8.0,2022/08/14,2023/08/13,Total U.S.,Limes,32455071.71,35593108.65,0.0967,1.92,1.9014,-0.0097,38887616.81,45360049.82,0.1664,1.6024,1.492,-0.0689,62312246.91,67676220.61,0.0861
Produce,Last 04 Wks,8.0,2022/08/14,2023/08/13,Total U.S.,Mangoes,31567657.71,34883359.92,0.105,1.6071,1.5799,-0.017,28012290.98,31930231.32,0.1399,1.8111,1.726,-0.047,50732725.14,55110915.06,0.0863
Produce,Last 04 Wks,8.0,2022/08/14,2023/08/13,Total U.S.,Melons,609670026.0,666519190.7,0.0932,0.7338,0.7241,-0.0132,97959532.58,103863988.3,0.0603,4.5669,4.6467,0.0175,447367628.8,482629148.4,0.0788
Produce,Last 04 Wks,8.0,2022/08/14,2023/08/13,Total U.S.,Nectarines,38820643.03,36419640.87,-0.0618,2.2288,2.3373,0.0487,26618596.11,24971941.99,-0.0619,3.2505,3.4087,0.0487,86523322.55,85122460.32,-0.0162
Produce,Last 04 Wks,8.0,2022/08/14,2023/08/13,Total U.S.,Oranges,40908729.86,45478136.89,0.1117,1.7116,1.569,-0.0833,18888562.51,19607918.21,0.0381,3.707,3.6391,-0.0183,70020677.5,71356061.38,0.0191
Produce,Last 04 Wks,8.0,2022/08/14,2023/08/13,Total U.S.,Other,4335012.851,4351081.151,0.0037,3.5508,3.8019,0.0707,4844624.55,5116278.54,0.0561,3.1773,3.2333,0.0176,15392936.57,16542453.61,0.0747
Produce,Last 04 Wks,8.0,2022/08/14,2023/08/13,Total U.S.,Papaya,7861426.151,8373654.094,0.0652,1.3208,1.2899,-0.0234,3767861.75,4123900.026,0.0945,2.7557,2.6192,-0.0495,10383105.91,10801219.72,0.0403
Produce,Last 04 Wks,8.0,2022/08/14,2023/08/13,Total U.S.,Peaches,77794625.96,63099484.45,-0.1889,2.0412,2.3316,0.1423,48875857.77,41071352.12,-0.1597,3.249,3.5821,0.1025,158795751.6,147121767.4,-0.0735
Produce,Last 04 Wks,8.0,2022/08/14,2023/08/13,Total U.S.,Pears,12293254.86,10532597.41,-0.1432,1.9237,1.9941,0.0366,7143616.533,5743582.056,-0.196,3.3105,3.6569,0.1046,23648826.27,21003577.65,-0.1119
Produce,Last 04 Wks,8.0,2022/08/14,2023/08/13,Total U.S.,Pineapple,66725505.0,70791150.39,0.0609,1.2828,1.2734,-0.0073,25818625.67,27336176.97,0.0588,3.3152,3.2976,-0.0053,85593743.98,90143824.9,0.0532
Produce,Last 04 Wks,8.0,2022/08/14,2023/08/13,Total U.S.,Plums,23170276.22,24419043.27,0.0539,2.4891,2.7198,0.0927,18085209.44,19466806.1,0.0764,3.1889,3.4117,0.0699,57672482.3,66415701.61,0.1516
Produce,Last 04 Wks,8.0,2022/08/14,2023/08/13,Total U.S.,Pomegranates,418183.926,376883.2623,-0.0988,6.7544,8.6072,0.2743,673482.1591,771623.9111,0.1457,4.194,4.204,0.0024,2824596.285,3243912.931,0.1485
Produce,Last 04 Wks,8.0,2022/08/14,2023/08/13,Total U.S.,Rhubarb,615840.0,666560.0,0.0824,0.1859,0.2368,0.274,30792.0,33328.0,0.0824,3.7174,4.736,0.274,114465.59,157840.8,0.3789
Produce,Last 04 Wks,8.0,2022/08/14,2023/08/13,Total U.S.,Tangelos,404551.2828,240495.0768,-0.4055,1.9758,1.9766,0.0004,270268.0197,158245.3735,-0.4145,2.9574,3.004,0.0158,799299.4153,475372.3119,-0.4053
Produce,Last 04 Wks,8.0,2022/08/14,2023/08/13,Total U.S.,Tangerines,58200978.88,61456217.5,0.0559,1.6733,1.6453,-0.0167,19585571.25,20083977.49,0.0254,4.9725,5.0346,0.0125,97390004.83,101114632.1,0.0382
Produce,Last 04 Wks,8.0,2022/08/14,2023/08/13,Total U.S.,Variety,17548656.41,17781096.07,0.0132,4.697,4.8163,0.0254,15009638.59,14418367.19,-0.0394,5.4915,5.9396,0.0816,82425246.09,85639760.05,0.039
Produce,Last 04 Wks,9.0,2022/09/11,2023/09/10,Total U.S.,Total Store with Perimeter,0.0,0.0,0.0,0.0,0.0,0.0,18938104907.0,18695326774.0,-0.0128,4.3005,4.4676,0.0389,81443611187.0,83523935647.0,0.0255
Produce,Last 04 Wks,9.0,2022/09/11,2023/09/10,Total U.S.,Produce Department,3513781518.0,3617658095.0,0.0296,1.7766,1.7592,-0.0098,2425505293.0,2462171262.0,0.0151,2.5738,2.5848,0.0043,6242655809.0,6364317667.0,0.0195
Produce,Last 04 Wks,9.0,2022/09/11,2023/09/10,Total U.S.,Vegetable Aisle,1473659765.0,1486320307.0,0.0086,1.9968,2.0024,0.0028,1279908337.0,1287860933.0,0.0062,2.2991,2.3109,0.0051,2942672178.0,2976169702.0,0.0114
Produce,Last 04 Wks,9.0,2022/09/11,2023/09/10,Total U.S.,Fruit Aisle,2008283308.0,2098754449.0,0.045,1.5943,1.5636,-0.0193,1089650938.0,1115600815.0,0.0238,2.9384,2.9415,0.0011,3201811723.0,3281540092.0,0.0249
Produce,Last 04 Wks,9.0,2022/09/11,2023/09/10,Total U.S.,Blackberries,8443601.437,10135985.72,0.2004,7.306,6.5668,-0.1012,17712314.58,21852113.61,0.2337,3.4828,3.046,-0.1254,61689321.51,66561224.99,0.079
Produce,Last 04 Wks,9.0,2022/09/11,2023/09/10,Total U.S.,Blueberries,43989370.88,45530868.33,0.035,4.6065,4.6593,0.0115,54346524.25,55477014.84,0.0208,3.7286,3.824,0.0256,202635880.6,212142018.8,0.0469
Produce,Last 04 Wks,9.0,2022/09/11,2023/09/10,Total U.S.,Raspberries,9602330.291,12345232.47,0.2856,8.905,8.0948,-0.091,21299966.31,25721518.2,0.2076,4.0145,3.8852,-0.0322,85508288.43,99932510.06,0.1687
Produce,Last 04 Wks,9.0,2022/09/11,2023/09/10,Total U.S.,Strawberries,93016168.07,90129324.51,-0.031,3.1132,3.3714,0.0829,79429684.45,76885473.95,-0.032,3.6457,3.9521,0.084,289578471.6,303862090.9,0.0493
Produce,Last 04 Wks,9.0,2022/09/11,2023/09/10,Total U.S.,Apples,163956305.6,158371376.5,-0.0341,1.9588,2.0518,0.0475,78560232.39,75038298.79,-0.0448,4.088,4.3305,0.0593,321153658.7,324953159.7,0.0118
Produce,Last 04 Wks,9.0,2022/09/11,2023/09/10,Total U.S.,Apricots,484785.5911,519387.3302,0.0714,3.2994,3.2514,-0.0146,520383.4765,427630.3212,-0.1782,3.0737,3.9491,0.2848,1599524.442,1688745.498,0.0558
Produce,Last 04 Wks,9.0,2022/09/11,2023/09/10,Total U.S.,Avocados,78679739.88,83637553.31,0.063,2.6172,2.4024,-0.0821,97348600.08,100850025.5,0.036,2.1153,1.9924,-0.0581,205922756.3,200933854.0,-0.0242
Produce,Last 04 Wks,9.0,2022/09/11,2023/09/10,Total U.S.,Bananas,458676945.4,448454157.0,-0.0223,0.5866,0.5975,0.0185,246585108.2,246460295.0,-0.0005,1.0911,1.0871,-0.0037,269050934.1,267929911.6,-0.0042
Produce,Last 04 Wks,9.0,2022/09/11,2023/09/10,Total U.S.,Cherries,30108496.92,21743101.78,-0.2778,4.6678,3.9284,-0.1584,22056072.43,15386129.0,-0.3024,6.372,5.5515,-0.1288,140541728.2,85416227.8,-0.3922
Produce,Last 04 Wks,9.0,2022/09/11,2023/09/10,Total U.S.,Coconuts,850425.9968,940741.0307,0.1062,2.3119,2.3323,0.0088,687969.8821,756749.8911,0.1,2.8578,2.8993,0.0145,1966106.881,2194046.165,0.1159
Produce,Last 04 Wks,9.0,2022/09/11,2023/09/10,Total U.S.,Dates,2961.2973,2467.2364,-0.1668,8.5672,8.4821,-0.0099,4022.2061,3476.3055,-0.1357,6.3075,6.02,-0.0456,25370.0708,20927.2352,-0.1751
Produce,Last 04 Wks,9.0,2022/09/11,2023/09/10,Total U.S.,Grapefruit,8051907.149,8562434.934,0.0634,1.5102,1.4465,-0.0422,3928760.377,3939170.313,0.0026,3.0951,3.1441,0.0158,12159799.33,12385150.07,0.0185
Produce,Last 04 Wks,9.0,2022/09/11,2023/09/10,Total U.S.,Grapes,175841569.7,184166392.7,0.0473,1.9969,1.9607,-0.0181,93989720.73,101557933.5,0.0805,3.7358,3.5555,-0.0483,351129576.6,361087384.5,0.0284
Produce,Last 04 Wks,9.0,2022/09/11,2023/09/10,Total U.S.,Kiwi,7799340.592,8584043.194,0.1006,3.1385,3.2881,0.0476,6350871.888,6508440.697,0.0248,3.8544,4.3366,0.1251,24478594.07,28224767.55,0.153
Produce,Last 04 Wks,9.0,2022/09/11,2023/09/10,Total U.S.,Lemons,33420454.5,34622718.66,0.036,2.0571,2.038,-0.0093,35335346.9,37241677.5,0.0539,1.9456,1.8947,-0.0262,68748585.41,70561369.9,0.0264
Produce,Last 04 Wks,9.0,2022/09/11,2023/09/10,Total U.S.,Limes,32064110.66,34445189.92,0.0743,1.8544,1.9279,0.0396,39361818.56,43367073.4,0.1018,1.5106,1.5313,0.0137,59460122.7,66407788.87,0.1168
Produce,Last 04 Wks,9.0,2022/09/11,2023/09/10,Total U.S.,Mangoes,29268425.42,30155079.66,0.0303,1.6508,1.6557,0.003,26140421.07,26873203.48,0.028,1.8483,1.8579,0.0052,48316011.51,49927190.11,0.0333
Produce,Last 04 Wks,9.0,2022/09/11,2023/09/10,Total U.S.,Melons,493972385.9,580391269.3,0.1749,0.7826,0.7423,-0.0515,84706433.75,94771817.8,0.1188,4.5636,4.5457,-0.0039,386568660.7,430800387.0,0.1144
Produce,Last 04 Wks,9.0,2022/09/11,2023/09/10,Total U.S.,Nectarines,32124478.73,31559698.2,-0.0176,2.2302,2.3499,0.0537,22075221.68,21356672.54,-0.0326,3.2454,3.4725,0.07,71642510.97,74161778.51,0.0352
Produce,Last 04 Wks,9.0,2022/09/11,2023/09/10,Total U.S.,Oranges,41357378.9,44866478.57,0.0848,1.7174,1.5842,-0.0776,18850956.32,19457060.26,0.0322,3.7679,3.653,-0.0305,71028815.55,71077376.85,0.0007
Produce,Last 04 Wks,9.0,2022/09/11,2023/09/10,Total U.S.,Other,4028360.597,4708466.735,0.1688,3.8295,3.9564,0.0331,4748783.972,5501924.448,0.1586,3.2486,3.3859,0.0423,15426777.17,18628784.79,0.2076
Produce,Last 04 Wks,9.0,2022/09/11,2023/09/10,Total U.S.,Papaya,7850076.221,8141373.905,0.0371,1.3023,1.29,-0.0094,3704398.382,4101880.913,0.1073,2.7597,2.5604,-0.0722,10222972.65,10502590.06,0.0274
Produce,Last 04 Wks,9.0,2022/09/11,2023/09/10,Total U.S.,Peaches,65779932.4,59382148.13,-0.0973,2.1024,2.3031,0.0954,41918055.07,38699172.39,-0.0768,3.2993,3.534,0.0712,138298482.6,136763626.0,-0.0111
Produce,Last 04 Wks,9.0,2022/09/11,2023/09/10,Total U.S.,Pears,15485696.86,13357865.4,-0.1374,1.8817,1.9891,0.0571,9054547.493,7965840.84,-0.1202,3.2181,3.3355,0.0365,29138853.5,26569728.32,-0.0882
Produce,Last 04 Wks,9.0,2022/09/11,2023/09/10,Total U.S.,Pineapple,58990439.38,63265469.31,0.0725,1.3263,1.3338,0.0056,23284480.81,25105190.51,0.0782,3.3602,3.3612,0.0003,78240747.91,84383163.14,0.0785
Produce,Last 04 Wks,9.0,2022/09/11,2023/09/10,Total U.S.,Plums,22318061.22,22004637.21,-0.014,2.1803,2.345,0.0755,15996785.74,17032381.71,0.0647,3.0419,3.0295,-0.0041,48660540.68,51599846.88,0.0604
Produce,Last 04 Wks,9.0,2022/09/11,2023/09/10,Total U.S.,Pomegranates,547893.9641,431131.6906,-0.2131,5.711,7.7486,0.3568,765583.3454,772129.3925,0.0086,4.0871,4.3265,0.0586,3129007.363,3340652.594,0.0676
Produce,Last 04 Wks,9.0,2022/09/11,2023/09/10,Total U.S.,Rhubarb,544360.0,480220.0,-0.1178,0.1845,0.237,0.2845,27218.0,24011.0,-0.1178,3.6894,4.739,0.2845,100417.7,113788.97,0.1332
Produce,Last 04 Wks,9.0,2022/09/11,2023/09/10,Total U.S.,Tangelos,1163426.459,729855.4601,-0.3727,1.8192,1.9598,0.0773,785943.9767,518701.5559,-0.34,2.6929,2.7576,0.024,2116447.657,1430362.316,-0.3242
Produce,Last 04 Wks,9.0,2022/09/11,2023/09/10,Total U.S.,Tangerines,71303822.69,77916384.18,0.0927,1.5608,1.5353,-0.0164,23841933.3,25790852.8,0.0817,4.668,4.6383,-0.0064,111293308.9,119624487.9,0.0749
Produce,Last 04 Wks,9.0,2022/09/11,2023/09/10,Total U.S.,Variety,16362425.85,16775225.9,0.0252,4.7475,4.8684,0.0255,13992691.27,13572800.14,-0.03,5.5515,6.0171,0.0839,77680488.38,81668666.75,0.0513
Produce,Last 04 Wks,10.0,2022/10/09,2023/10/08,Total U.S.,Total Store with Perimeter,0.0,0.0,0.0,0.0,0.0,0.0,18634946221.0,18244354992.0,-0.021,4.3325,4.4706,0.0319,80735079900.0,81564079904.0,0.0103
Produce,Last 04 Wks,10.0,2022/10/09,2023/10/08,Total U.S.,Produce Department,3276201519.0,3328466570.0,0.016,1.7908,1.8125,0.0121,2278359348.0,2314699307.0,0.016,2.5752,2.6063,0.0121,5867167970.0,6032690915.0,0.0282
Produce,Last 04 Wks,10.0,2022/10/09,2023/10/08,Total U.S.,Vegetable Aisle,1603598556.0,1608250034.0,0.0029,1.8605,1.8571,-0.0018,1237127501.0,1250623442.0,0.0109,2.4117,2.3882,-0.0097,2983523323.0,2986723560.0,0.0011
Produce,Last 04 Wks,10.0,2022/10/09,2023/10/08,Total U.S.,Fruit Aisle,1641348290.0,1687959604.0,0.0284,1.6992,1.7434,0.026,986086509.9,1005648469.0,0.0198,2.8283,2.9262,0.0346,2788971253.0,2942733785.0,0.0551
Produce,Last 04 Wks,10.0,2022/10/09,2023/10/08,Total U.S.,Blackberries,6922467.754,9193851.998,0.3281,7.9565,7.3033,-0.0821,14970951.26,19862999.54,0.3268,3.679,3.3804,-0.0812,55078763.19,67145045.46,0.2191
Produce,Last 04 Wks,10.0,2022/10/09,2023/10/08,Total U.S.,Blueberries,38855692.67,29025739.63,-0.253,4.9892,6.5217,0.3072,48619119.37,37311266.9,-0.2326,3.9873,5.0735,0.2724,193859281.6,189297857.6,-0.0235
Produce,Last 04 Wks,10.0,2022/10/09,2023/10/08,Total U.S.,Raspberries,11080867.27,12510592.65,0.129,8.0646,7.8802,-0.0229,25335311.1,26608008.03,0.0502,3.5272,3.7051,0.0505,89362379.12,98586224.46,0.1032
Produce,Last 04 Wks,10.0,2022/10/09,2023/10/08,Total U.S.,Strawberries,72409824.46,84805289.09,0.1712,3.4019,3.3385,-0.0187,62868958.07,73374510.03,0.1671,3.9182,3.8585,-0.0152,246332831.6,283118841.5,0.1493
Produce,Last 04 Wks,10.0,2022/10/09,2023/10/08,Total U.S.,Apples,201118888.2,198633721.9,-0.0124,1.8642,1.8388,-0.0136,96571996.05,93893743.55,-0.0277,3.8823,3.89,0.002,374919525.2,365242556.6,-0.0258
Produce,Last 04 Wks,10.0,2022/10/09,2023/10/08,Total U.S.,Apricots,104996.4841,59289.681,-0.4353,4.0754,3.631,-0.109,133103.7974,61858.481,-0.5353,3.2148,3.4802,0.0826,427900.3092,215279.6787,-0.4969
Produce,Last 04 Wks,10.0,2022/10/09,2023/10/08,Total U.S.,Avocados,77139573.79,80904297.72,0.0488,2.4205,2.2974,-0.0508,97158764.44,97707155.64,0.0056,1.9218,1.9023,-0.0101,186716991.0,185871853.7,-0.0045
Produce,Last 04 Wks,10.0,2022/10/09,2023/10/08,Total U.S.,Bananas,455660477.6,439834746.6,-0.0347,0.5844,0.6009,0.0282,245236740.0,241952624.6,-0.0134,1.0858,1.0923,0.0059,266288210.6,264280500.5,-0.0075
Produce,Last 04 Wks,10.0,2022/10/09,2023/10/08,Total U.S.,Cherries,2393054.059,374351.4051,-0.8436,5.7863,4.6075,-0.2037,1724634.092,281774.1378,-0.8366,8.0289,6.1213,-0.2376,13846836.22,1724824.381,-0.8754
Produce,Last 04 Wks,10.0,2022/10/09,2023/10/08,Total U.S.,Coconuts,780360.0815,902830.4301,0.1569,2.3479,2.327,-0.0089,633359.7139,727321.5053,0.1484,2.8928,2.8885,-0.0015,1832189.176,2100879.506,0.1466
Produce,Last 04 Wks,10.0,2022/10/09,2023/10/08,Total U.S.,Dates,4080.8486,3122.9326,-0.2347,8.2956,8.784,0.0589,5668.0396,4358.2763,-0.2311,5.9726,6.2942,0.0538,33853.0289,27431.7239,-0.1897
Produce,Last 04 Wks,10.0,2022/10/09,2023/10/08,Total U.S.,Grapefruit,7906633.568,7750834.356,-0.0197,1.4915,1.4922,0.0005,3827091.938,3640836.732,-0.0487,3.0813,3.1767,0.031,11792459.41,11566016.2,-0.0192
Produce,Last 04 Wks,10.0,2022/10/09,2023/10/08,Total U.S.,Grapes,188371302.5,176289032.9,-0.0641,2.0195,2.3267,0.1521,102687685.6,99650584.4,-0.0296,3.7045,4.1161,0.1111,380410838.2,410168884.9,0.0782
Produce,Last 04 Wks,10.0,2022/10/09,2023/10/08,Total U.S.,Kiwi,7403814.261,7256370.882,-0.0199,3.3217,3.4754,0.0463,6192112.084,5734751.711,-0.0739,3.9718,4.3976,0.1072,24593543.72,25218894.13,0.0254
Produce,Last 04 Wks,10.0,2022/10/09,2023/10/08,Total U.S.,Lemons,30494925.42,31931343.38,0.0471,2.0655,2.0435,-0.0106,32425864.4,34493554.87,0.0638,1.9425,1.8917,-0.0261,62987458.39,65252901.8,0.036
Produce,Last 04 Wks,10.0,2022/10/09,2023/10/08,Total U.S.,Limes,29649026.1,31394628.24,0.0589,1.7893,1.9475,0.0884,36778920.58,39076398.44,0.0625,1.4424,1.5647,0.0848,53050181.18,61141150.84,0.1525
Produce,Last 04 Wks,10.0,2022/10/09,2023/10/08,Total U.S.,Mangoes,16173502.86,19650054.43,0.215,2.0235,1.9285,-0.0469,15714916.33,18964846.56,0.2068,2.0825,1.9982,-0.0405,32726699.18,37895412.59,0.1579
Produce,Last 04 Wks,10.0,2022/10/09,2023/10/08,Total U.S.,Melons,203951264.7,246436058.6,0.2083,1.1377,1.0854,-0.0459,50169706.95,57245101.46,0.141,4.6251,4.6728,0.0103,232038795.2,267493009.3,0.1528
Produce,Last 04 Wks,10.0,2022/10/09,2023/10/08,Total U.S.,Nectarines,9465023.249,8026682.805,-0.152,2.3902,2.7166,0.1365,6499153.866,5754665.677,-0.1146,3.4809,3.7891,0.0885,22623082.84,21804908.79,-0.0362
Produce,Last 04 Wks,10.0,2022/10/09,2023/10/08,Total U.S.,Oranges,41328420.92,44305582.74,0.072,1.7205,1.5896,-0.0761,18737980.76,19043805.19,0.0163,3.7947,3.6983,-0.0254,71105453.35,70429137.43,-0.0095
Produce,Last 04 Wks,10.0,2022/10/09,2023/10/08,Total U.S.,Other,3267046.855,4323026.835,0.3232,3.9522,4.022,0.0177,4103303.774,5338926.159,0.3011,3.1467,3.2567,0.035,12912006.83,17387403.66,0.3466
Produce,Last 04 Wks,10.0,2022/10/09,2023/10/08,Total U.S.,Papaya,7278822.113,7991785.623,0.098,1.2988,1.2646,-0.0263,3427568.528,3999722.114,0.1669,2.758,2.5267,-0.0839,9453386.301,10106135.45,0.069
Produce,Last 04 Wks,10.0,2022/10/09,2023/10/08,Total U.S.,Peaches,33663248.4,32457129.71,-0.0358,2.244,2.4979,0.1131,21856700.67,21218760.94,-0.0292,3.4562,3.8209,0.1055,75541363.32,81075146.28,0.0733
Produce,Last 04 Wks,10.0,2022/10/09,2023/10/08,Total U.S.,Pears,21848865.46,23192356.93,0.0615,1.9647,1.8503,-0.0582,13097322.69,13401472.26,0.0232,3.2774,3.2022,-0.023,42925429.52,42913816.18,-0.0003
Produce,Last 04 Wks,10.0,2022/10/09,2023/10/08,Total U.S.,Pineapple,54096914.77,58197848.83,0.0758,1.3137,1.3586,0.0342,21423908.19,24084136.95,0.1242,3.3172,3.2829,-0.0103,71067248.61,79066963.3,0.1126
Produce,Last 04 Wks,10.0,2022/10/09,2023/10/08,Total U.S.,Plums,13462702.23,15175897.31,0.1273,2.1078,2.3505,0.1151,9398141.671,11523501.71,0.2261,3.0194,3.0954,0.0252,28377000.93,35670252.08,0.257
Produce,Last 04 Wks,10.0,2022/10/09,2023/10/08,Total U.S.,Pomegranates,2118724.837,3045588.548,0.4375,3.1805,3.1847,0.0013,2274525.424,3310298.565,0.4554,2.9627,2.93,-0.011,6738706.621,9699161.678,0.4393
Produce,Last 04 Wks,10.0,2022/10/09,2023/10/08,Total U.S.,Rhubarb,190420.0,172980.0,-0.0916,0.1891,0.2368,0.2518,9521.0,8649.0,-0.0916,3.7825,4.7351,0.2518,36013.04,40953.67,0.1372
Produce,Last 04 Wks,10.0,2022/10/09,2023/10/08,Total U.S.,Tangelos,899268.676,696737.5727,-0.2252,2.0783,2.0611,-0.0083,621275.4654,506430.1222,-0.1849,3.0083,2.8356,-0.0574,1868979.008,1436045.956,-0.2316
Produce,Last 04 Wks,10.0,2022/10/09,2023/10/08,Total U.S.,Tangerines,85851409.85,95304025.58,0.1101,1.5577,1.5236,-0.0219,28063008.75,31371636.25,0.1179,4.7654,4.6284,-0.0287,133730572.7,145201784.8,0.0858
Produce,Last 04 Wks,10.0,2022/10/09,2023/10/08,Total U.S.,Variety,15175756.63,15652490.44,0.0314,4.7369,4.7779,0.0087,13089790.15,12760959.04,-0.0251,5.4918,5.8606,0.0672,71886727.78,74786789.64,0.0403
Produce,Last 04 Wks,11.0,2022/11/06,2023/11/05,Total U.S.,Total Store with Perimeter,0.0,0.0,0.0,0.0,0.0,0.0,18763485530.0,18346599467.0,-0.0222,4.3673,4.4857,0.0271,81945524757.0,82296750128.0,0.0043
Produce,Last 04 Wks,11.0,2022/11/06,2023/11/05,Total U.S.,Produce Department,3294417541.0,3311083741.0,0.0051,1.7572,1.7845,0.0155,2266603671.0,2256973497.0,-0.0042,2.554,2.6179,0.025,5788908221.0,5908474823.0,0.0207
Produce,Last 04 Wks,11.0,2022/11/06,2023/11/05,Total U.S.,Vegetable Aisle,1746199089.0,1750736533.0,0.0026,1.7613,1.7264,-0.0198,1253825859.0,1250783418.0,-0.0024,2.4529,2.4164,-0.0149,3075527444.0,3022433638.0,-0.0173
Produce,Last 04 Wks,11.0,2022/11/06,2023/11/05,Total U.S.,Fruit Aisle,1517095649.0,1529056004.0,0.0079,1.724,1.8192,0.0552,956815406.2,948110423.6,-0.0091,2.7335,2.9339,0.0733,2615451896.0,2781675441.0,0.0636
Produce,Last 04 Wks,11.0,2022/11/06,2023/11/05,Total U.S.,Blackberries,7565377.706,6785659.395,-0.1031,7.242,8.2166,0.1346,16581919.9,14809380.53,-0.1069,3.3041,3.7648,0.1394,54788711.65,55755092.4,0.0176
Produce,Last 04 Wks,11.0,2022/11/06,2023/11/05,Total U.S.,Blueberries,42612977.96,25802982.14,-0.3945,4.3934,7.7627,0.7669,53413056.15,33955173.97,-0.3643,3.505,5.899,0.683,187215161.6,200301926.8,0.0699
Produce,Last 04 Wks,11.0,2022/11/06,2023/11/05,Total U.S.,Raspberries,13949362.4,15326579.98,0.0987,6.5863,6.8392,0.0384,32461891.87,34479900.47,0.0622,2.8302,3.0401,0.0741,91874491.48,104820896.2,0.1409
Produce,Last 04 Wks,11.0,2022/11/06,2023/11/05,Total U.S.,Strawberries,61384286.85,77591308.57,0.264,3.8003,3.3153,-0.1276,53758013.07,67367260.48,0.2532,4.3394,3.8184,-0.1201,233278480.6,257238197.1,0.1027
Produce,Last 04 Wks,11.0,2022/11/06,2023/11/05,Total U.S.,Apples,209923184.3,216523558.2,0.0314,1.8474,1.7221,-0.0678,100240779.5,101820309.9,0.0158,3.8687,3.6621,-0.0534,387802953.3,372880992.3,-0.0385
Produce,Last 04 Wks,11.0,2022/11/06,2023/11/05,Total U.S.,Apricots,72052.4274,20598.0108,-0.7141,4.1215,4.6161,0.12,94256.1597,25666.2408,-0.7277,3.1506,3.7045,0.1758,296961.028,95081.8646,-0.6798
Produce,Last 04 Wks,11.0,2022/11/06,2023/11/05,Total U.S.,Avocados,79098211.68,79773964.94,0.0085,2.2875,2.2875,0.0,97068051.07,96220087.8,-0.0087,1.8641,1.8965,0.0174,180940240.5,182479590.2,0.0085
Produce,Last 04 Wks,11.0,2022/11/06,2023/11/05,Total U.S.,Bananas,450413388.3,429084024.9,-0.0474,0.5829,0.6099,0.0465,242834947.9,236441186.3,-0.0263,1.0811,1.1069,0.0239,262534129.9,261719795.0,-0.0031
Produce,Last 04 Wks,11.0,2022/11/06,2023/11/05,Total U.S.,Cherries,58137.174,40240.6731,-0.3078,4.4914,6.1442,0.368,53159.8334,50851.5313,-0.0434,4.912,4.8621,-0.0101,261119.5849,247246.7779,-0.0531
Produce,Last 04 Wks,11.0,2022/11/06,2023/11/05,Total U.S.,Coconuts,745383.5632,865960.5208,0.1618,2.3459,2.3286,-0.0073,606507.252,700303.2628,0.1546,2.883,2.8795,-0.0012,1748576.252,2016515.003,0.1532
Produce,Last 04 Wks,11.0,2022/11/06,2023/11/05,Total U.S.,Dates,3930.796,2638.3751,-0.3288,8.8907,8.9822,0.0103,5696.3555,3772.6608,-0.3377,6.1351,6.2816,0.0239,34947.7082,23698.3558,-0.3219
Produce,Last 04 Wks,11.0,2022/11/06,2023/11/05,Total U.S.,Grapefruit,7896656.679,8111044.179,0.0271,1.52,1.5464,0.0174,3678476.778,3736528.528,0.0158,3.2631,3.3569,0.0287,12003305.79,12543229.57,0.045
Produce,Last 04 Wks,11.0,2022/11/06,2023/11/05,Total U.S.,Grapes,187189518.7,159219395.7,-0.1494,1.9207,2.5631,0.3344,99663458.7,88061973.95,-0.1164,3.6075,4.6342,0.2846,359538545.3,408094798.5,0.1351
Produce,Last 04 Wks,11.0,2022/11/06,2023/11/05,Total U.S.,Kiwi,7693949.68,5401172.575,-0.298,3.3202,3.4559,0.0409,6520110.765,4402241.547,-0.3248,3.918,4.2401,0.0822,25545729.29,18666018.97,-0.2693
Produce,Last 04 Wks,11.0,2022/11/06,2023/11/05,Total U.S.,Lemons,29995285.59,31327249.6,0.0444,2.0497,2.0322,-0.0085,32371113.23,33276790.2,0.028,1.8993,1.9132,0.0073,61481117.05,63663855.9,0.0355
Produce,Last 04 Wks,11.0,2022/11/06,2023/11/05,Total U.S.,Limes,28313564.62,29750979.5,0.0508,1.7337,2.0055,0.1567,34977899.19,36488666.25,0.0432,1.4034,1.6352,0.1651,49087892.1,59664820.96,0.2155
Produce,Last 04 Wks,11.0,2022/11/06,2023/11/05,Total U.S.,Mangoes,13183112.26,10093789.06,-0.2343,2.1253,2.4519,0.1537,13518222.16,10488958.55,-0.2241,2.0726,2.3595,0.1384,28017731.65,24748808.73,-0.1167
Produce,Last 04 Wks,11.0,2022/11/06,2023/11/05,Total U.S.,Melons,109571444.7,139338484.4,0.2717,1.4991,1.4036,-0.0637,35821502.85,41254918.15,0.1517,4.5855,4.7408,0.0339,164259019.5,195580415.3,0.1907
Produce,Last 04 Wks,11.0,2022/11/06,2023/11/05,Total U.S.,Nectarines,375559.0396,575739.5857,0.533,2.6834,2.8751,0.0714,279833.8988,439516.6645,0.5706,3.6013,3.7662,0.0458,1007774.05,1655300.508,0.6425
Produce,Last 04 Wks,11.0,2022/11/06,2023/11/05,Total U.S.,Oranges,42697224.54,42546628.86,-0.0035,1.6849,1.6414,-0.0258,19642976.42,19388227.99,-0.013,3.6624,3.6019,-0.0165,71939922.57,69834991.0,-0.0293
Produce,Last 04 Wks,11.0,2022/11/06,2023/11/05,Total U.S.,Other,3498221.919,4613590.556,0.3188,3.73,3.9361,0.0552,4210979.916,5470186.698,0.299,3.0987,3.3197,0.0713,13048524.01,18159323.39,0.3917
Produce,Last 04 Wks,11.0,2022/11/06,2023/11/05,Total U.S.,Papaya,6532234.989,7329933.018,0.1221,1.3462,1.3043,-0.0311,3142638.187,3683522.368,0.1721,2.7982,2.5955,-0.0725,8793747.762,9560437.705,0.0872
Produce,Last 04 Wks,11.0,2022/11/06,2023/11/05,Total U.S.,Peaches,13637834.76,13661056.09,0.0017,2.2471,2.5843,0.1501,8945491.414,8992449.874,0.0052,3.4258,3.926,0.146,30645128.66,35304361.75,0.152
Produce,Last 04 Wks,11.0,2022/11/06,2023/11/05,Total U.S.,Pears,26989236.89,28749611.98,0.0652,1.9269,1.8163,-0.0574,15933445.38,16591835.92,0.0413,3.264,3.1472,-0.0358,52006428.84,52218509.38,0.0041
Produce,Last 04 Wks,11.0,2022/11/06,2023/11/05,Total U.S.,Pineapple,52031118.94,57740340.07,0.1097,1.3313,1.3229,-0.0063,21537367.01,23386588.03,0.0859,3.2161,3.2661,0.0155,69266844.75,76382519.91,0.1027
Produce,Last 04 Wks,11.0,2022/11/06,2023/11/05,Total U.S.,Plums,6475732.818,10470738.22,0.6169,2.3349,2.2915,-0.0186,4252622.536,7767662.241,0.8266,3.5555,3.0889,-0.1313,15120289.31,23993173.48,0.5868
Produce,Last 04 Wks,11.0,2022/11/06,2023/11/05,Total U.S.,Pomegranates,8823601.821,8118399.602,-0.0799,2.5737,2.6298,0.0218,9034279.201,8277242.059,-0.0838,2.5137,2.5794,0.0261,22709553.39,21350011.5,-0.0599
Produce,Last 04 Wks,11.0,2022/11/06,2023/11/05,Total U.S.,Rhubarb,160.0,800.0,4.0,0.2004,0.2302,0.1482,8.0,40.0,4.0,4.0088,4.603,0.1482,32.07,184.12,4.7412
Produce,Last 04 Wks,11.0,2022/11/06,2023/11/05,Total U.S.,Tangelos,83557.584,219363.9421,1.6253,2.3355,2.1241,-0.0905,57611.383,167491.4625,1.9073,3.3873,2.7819,-0.1787,195146.1629,465948.504,1.3877
Produce,Last 04 Wks,11.0,2022/11/06,2023/11/05,Total U.S.,Tangerines,86683098.95,100677655.6,0.1614,1.5993,1.5811,-0.0114,27996880.65,32968780.25,0.1776,4.9516,4.8282,-0.0249,138629061.0,159178669.3,0.1482
Produce,Last 04 Wks,11.0,2022/11/06,2023/11/05,Total U.S.,Variety,15186618.68,14931441.66,-0.0168,4.6675,4.7541,0.0186,13011744.49,12193367.33,-0.0629,5.4476,5.8216,0.0687,70882920.83,70985143.8,0.0014
Produce,Last 04 Wks,12.0,2022/12/04,2023/12/03,Total U.S.,Total Store with Perimeter,0.0,0.0,0.0,0.0,0.0,0.0,19554477280.0,19220535377.0,-0.0171,4.3571,4.4582,0.0232,85200496251.0,85689546944.0,0.0057
Produce,Last 04 Wks,12.0,2022/12/04,2023/12/03,Total U.S.,Produce Department,3230083844.0,3225654461.0,-0.0014,1.8114,1.8452,0.0186,2327527266.0,2319378588.0,-0.0035,2.5138,2.5661,0.0208,5850966271.0,5951830854.0,0.0172
Produce,Last 04 Wks,12.0,2022/12/04,2023/12/03,Total U.S.,Vegetable Aisle,1716423119.0,1706448259.0,-0.0058,1.8291,1.794,-0.0192,1320507144.0,1315417777.0,-0.0039,2.3775,2.3273,-0.0211,3139450684.0,3061369868.0,-0.0249
Produce,Last 04 Wks,12.0,2022/12/04,2023/12/03,Total U.S.,Fruit Aisle,1482579753.0,1487885656.0,0.0036,1.7436,1.8504,0.0613,940105540.6,933012259.2,-0.0075,2.7497,2.9509,0.0732,2585049272.0,2753255031.0,0.0651
Produce,Last 04 Wks,12.0,2022/12/04,2023/12/03,Total U.S.,Blackberries,8702375.084,6596362.893,-0.242,6.7576,8.3128,0.2301,19101170.22,14647108.32,-0.2332,3.0787,3.7437,0.216,58806754.61,54834165.75,-0.0676
Produce,Last 04 Wks,12.0,2022/12/04,2023/12/03,Total U.S.,Blueberries,43619296.51,28905655.48,-0.3373,4.2963,7.7976,0.8149,54357503.61,37787613.46,-0.3048,3.4476,5.9647,0.7301,187403074.0,225393499.0,0.2027
Produce,Last 04 Wks,12.0,2022/12/04,2023/12/03,Total U.S.,Raspberries,13683292.67,15408881.86,0.1261,7.0454,6.9381,-0.0152,31550428.53,35209163.7,0.116,3.0556,3.0364,-0.0063,96404614.67,106907627.5,0.1089
Produce,Last 04 Wks,12.0,2022/12/04,2023/12/03,Total U.S.,Strawberries,44950510.42,60758441.48,0.3517,4.6805,4.1116,-0.1215,40910485.55,54323727.23,0.3279,5.1427,4.5986,-0.1058,210391801.2,249814909.7,0.1874
Produce,Last 04 Wks,12.0,2022/12/04,2023/12/03,Total U.S.,Apples,210326013.7,220280734.3,0.0473,1.893,1.7404,-0.0806,100302578.5,103745116.3,0.0343,3.9695,3.6953,-0.0691,398147643.0,383367033.3,-0.0371
Produce,Last 04 Wks,12.0,2022/12/04,2023/12/03,Total U.S.,Apricots,30793.7987,16661.8309,-0.4589,4.4185,4.9677,0.1243,39403.9303,21197.9583,-0.462,3.453,3.9047,0.1308,136061.9159,82770.6868,-0.3917
Produce,Last 04 Wks,12.0,2022/12/04,2023/12/03,Total U.S.,Avocados,73911236.76,75248918.56,0.0181,2.2752,2.2795,0.0019,89652361.15,90513544.81,0.0096,1.8757,1.8951,0.0103,168165392.2,171532519.3,0.02
Produce,Last 04 Wks,12.0,2022/12/04,2023/12/03,Total U.S.,Bananas,439990146.9,420633652.8,-0.044,0.5841,0.6134,0.0502,235578815.4,231628892.0,-0.0168,1.0909,1.114,0.0211,257003030.4,258028247.9,0.004
Produce,Last 04 Wks,12.0,2022/12/04,2023/12/03,Total U.S.,Cherries,1068214.251,622650.6332,-0.4171,6.2531,6.534,0.0449,870070.8461,541996.9479,-0.3771,7.6771,7.5064,-0.0222,6679620.583,4068420.929,-0.3909
Produce,Last 04 Wks,12.0,2022/12/04,2023/12/03,Total U.S.,Coconuts,711112.4493,885113.5553,0.2447,2.3392,2.2959,-0.0185,578386.1203,713711.9018,0.234,2.8759,2.8473,-0.0099,1663398.758,2032168.244,0.2217
Produce,Last 04 Wks,12.0,2022/12/04,2023/12/03,Total U.S.,Dates,4797.9541,4060.1919,-0.1538,8.8691,8.6829,-0.021,7258.0824,5941.0902,-0.1815,5.8629,5.934,0.0121,42553.6571,35254.263,-0.1715
Produce,Last 04 Wks,12.0,2022/12/04,2023/12/03,Total U.S.,Grapefruit,10579096.99,12122389.22,0.1459,1.485,1.4511,-0.0228,4573238.085,4763533.673,0.0416,3.4352,3.6929,0.075,15710071.2,17591266.53,0.1197
Produce,Last 04 Wks,12.0,2022/12/04,2023/12/03,Total U.S.,Grapes,157455555.0,140076227.5,-0.1104,2.0174,2.6329,0.3051,84712892.32,77691744.75,-0.0829,3.7498,4.7471,0.266,317655130.3,368811308.3,0.161
Produce,Last 04 Wks,12.0,2022/12/04,2023/12/03,Total U.S.,Kiwi,7285968.654,5062238.972,-0.3052,3.2299,2.9945,-0.0729,5823071.187,3956868.134,-0.3205,4.0413,3.8311,-0.052,23532701.1,15159118.57,-0.3558
Produce,Last 04 Wks,12.0,2022/12/04,2023/12/03,Total U.S.,Lemons,34047355.82,36069320.2,0.0594,2.0458,2.0719,0.0127,38087759.66,40049939.7,0.0515,1.8288,1.866,0.0203,69655186.34,74731268.2,0.0729
Produce,Last 04 Wks,12.0,2022/12/04,2023/12/03,Total U.S.,Limes,28607838.6,29963243.34,0.0474,1.7418,1.9488,0.1189,35379553.62,36556002.4,0.0333,1.4084,1.5974,0.1342,49827986.88,58393421.39,0.1719
Produce,Last 04 Wks,12.0,2022/12/04,2023/12/03,Total U.S.,Mangoes,15763605.5,8043184.664,-0.4898,1.973,2.6704,0.3534,15880735.1,8447878.343,-0.468,1.9585,2.5424,0.2982,31102343.46,21478267.61,-0.3094
Produce,Last 04 Wks,12.0,2022/12/04,2023/12/03,Total U.S.,Melons,78376453.64,99704680.85,0.2721,1.6927,1.5243,-0.0995,28498757.71,32264011.8,0.1321,4.6553,4.7105,0.0119,132670431.1,151979857.5,0.1455
Produce,Last 04 Wks,12.0,2022/12/04,2023/12/03,Total U.S.,Nectarines,41205.0419,46046.2626,0.1175,2.8772,3.193,0.1098,38499.0617,37317.0843,-0.0307,3.0794,3.94,0.2795,118554.2374,147027.5616,0.2402
Produce,Last 04 Wks,12.0,2022/12/04,2023/12/03,Total U.S.,Oranges,67094987.5,63125430.09,-0.0592,1.4673,1.489,0.0148,28821692.56,27214313.74,-0.0558,3.4157,3.4538,0.0111,98447151.75,93992794.15,-0.0452
Produce,Last 04 Wks,12.0,2022/12/04,2023/12/03,Total U.S.,Other,3886434.092,5109085.835,0.3146,3.5192,3.6395,0.0342,4201612.574,5302582.734,0.262,3.2552,3.5067,0.0773,13677022.18,18594589.45,0.3595
Produce,Last 04 Wks,12.0,2022/12/04,2023/12/03,Total U.S.,Papaya,5905783.916,6109579.888,0.0345,1.3731,1.3427,-0.0222,2788657.338,3014035.112,0.0808,2.908,2.7217,-0.0641,8109437.957,8203273.564,0.0116
Produce,Last 04 Wks,12.0,2022/12/04,2023/12/03,Total U.S.,Peaches,1121832.046,1850066.666,0.6491,2.2427,2.641,0.1776,847674.0805,1401269.159,0.6531,2.9681,3.4869,0.1748,2515957.988,4886019.141,0.942
Produce,Last 04 Wks,12.0,2022/12/04,2023/12/03,Total U.S.,Pears,25130621.14,28391200.16,0.1297,1.9611,1.8188,-0.0725,14721901.54,16149847.07,0.097,3.3476,3.1975,-0.0448,49283056.63,51639220.27,0.0478
Produce,Last 04 Wks,12.0,2022/12/04,2023/12/03,Total U.S.,Pineapple,60133418.46,66076525.58,0.0988,1.1454,1.1433,-0.0018,22434212.39,24717672.2,0.1018,3.0701,3.0563,-0.0045,68875963.61,75544668.68,0.0968
Produce,Last 04 Wks,12.0,2022/12/04,2023/12/03,Total U.S.,Plums,3276181.332,5427410.739,0.6566,2.4246,2.4056,-0.0078,2003062.148,3601984.693,0.7982,3.9657,3.6248,-0.086,7943524.1,13056333.34,0.6436
Produce,Last 04 Wks,12.0,2022/12/04,2023/12/03,Total U.S.,Pomegranates,16666030.6,15644254.23,-0.0613,2.7779,2.7663,-0.0042,16664968.78,15619574.15,-0.0627,2.7781,2.7707,-0.0026,46296234.01,43277455.2,-0.0652
Produce,Last 04 Wks,12.0,2022/12/04,2023/12/03,Total U.S.,Rhubarb,0.0,80.0,0.0,0.0,0.285,0.0,0.0,4.0,0.0,0.0,5.7,0.0,0.0,22.8,0.0
Produce,Last 04 Wks,12.0,2022/12/04,2023/12/03,Total U.S.,Tangelos,23660.2639,25077.9128,0.0599,2.7722,2.8558,0.0301,17239.9724,18042.5843,0.0466,3.8046,3.9693,0.0433,65590.5843,71616.5022,0.0919
Produce,Last 04 Wks,12.0,2022/12/04,2023/12/03,Total U.S.,Tangerines,101096539.3,106588773.3,0.0543,1.4737,1.5035,0.0202,31830362.19,34007834.44,0.0684,4.6808,4.7124,0.0068,148990349.7,160260038.0,0.0756
Produce,Last 04 Wks,12.0,2022/12/04,2023/12/03,Total U.S.,Variety,14666681.89,14992606.64,0.0222,4.7318,4.7736,0.0088,12198717.04,11962810.31,-0.0193,5.6891,5.9827,0.0516,69399795.18,71569431.99,0.0313
Produce,Last 04 Wks,13.0,2023/01/01,2023/12/31,Total U.S.,Total Store with Perimeter,0.0,0.0,0.0,0.0,0.0,0.0,20139638337.0,19769127973.0,-0.0184,4.4802,4.5643,0.0188,90229082239.0,90232967062.0,0.0
Produce,Last 04 Wks,13.0,2023/01/01,2023/12/31,Total U.S.,Produce Department,3086674117.0,3078228574.0,-0.0027,1.8907,1.9027,0.0063,2263435683.0,2254406136.0,-0.004,2.5784,2.5979,0.0076,5836052577.0,5856820824.0,0.0036
Produce,Last 04 Wks,13.0,2023/01/01,2023/12/31,Total U.S.,Vegetable Aisle,1585025871.0,1569317432.0,-0.0099,1.9486,1.8953,-0.0274,1271888175.0,1260030406.0,-0.0093,2.4284,2.3605,-0.0279,3088605775.0,2974336595.0,-0.037
Produce,Last 04 Wks,13.0,2023/01/01,2023/12/31,Total U.S.,Fruit Aisle,1468581633.0,1475307488.0,0.0046,1.779,1.8544,0.0424,926134127.5,925021797.9,-0.0012,2.821,2.9575,0.0484,2612600630.0,2735752475.0,0.0471
Produce,Last 04 Wks,13.0,2023/01/01,2023/12/31,Total U.S.,Blackberries,9570702.584,7822447.826,-0.1827,6.6144,7.909,0.1957,21353577.53,17709428.1,-0.1707,2.9646,3.4935,0.1784,63304259.27,61867516.97,-0.0227
Produce,Last 04 Wks,13.0,2023/01/01,2023/12/31,Total U.S.,Blueberries,41486331.17,34178266.25,-0.1762,4.5154,6.6729,0.4778,52026888.15,44260226.74,-0.1493,3.6006,5.1529,0.4311,187328390.9,228068735.6,0.2175
Produce,Last 04 Wks,13.0,2023/01/01,2023/12/31,Total U.S.,Raspberries,12232641.46,11368235.68,-0.0707,7.9439,8.4042,0.0579,27495285.23,26217792.33,-0.0465,3.5343,3.6441,0.0311,97175225.53,95540448.93,-0.0168
Produce,Last 04 Wks,13.0,2023/01/01,2023/12/31,Total U.S.,Strawberries,55603643.64,63879879.79,0.1488,4.7522,4.4428,-0.0651,50308954.4,58035199.08,0.1536,5.2524,4.8902,-0.069,264242300.1,283802656.4,0.074
Produce,Last 04 Wks,13.0,2023/01/01,2023/12/31,Total U.S.,Apples,186389695.4,196516848.7,0.0543,1.9331,1.7501,-0.0947,87977872.47,91574282.46,0.0409,4.0954,3.7556,-0.083,360304012.2,343919764.0,-0.0455
Produce,Last 04 Wks,13.0,2023/01/01,2023/12/31,Total U.S.,Apricots,93119.3227,51663.8434,-0.4452,4.7838,4.9904,0.0432,121002.6303,67600.3658,-0.4413,3.6814,3.8139,0.036,445459.6802,257821.5772,-0.4212
Produce,Last 04 Wks,13.0,2023/01/01,2023/12/31,Total U.S.,Avocados,78032059.47,81502081.85,0.0445,2.1615,2.1497,-0.0054,97019713.9,99872635.67,0.0294,1.7385,1.7543,0.0091,168666319.7,175208669.6,0.0388
Produce,Last 04 Wks,13.0,2023/01/01,2023/12/31,Total U.S.,Bananas,426343506.6,412203299.4,-0.0332,0.5874,0.608,0.0351,230021409.2,227802766.7,-0.0096,1.0887,1.1002,0.0105,250433509.3,250628772.7,0.0008
Produce,Last 04 Wks,13.0,2023/01/01,2023/12/31,Total U.S.,Cherries,4537858.457,3283803.464,-0.2764,5.4652,5.8435,0.0692,3744405.973,2739799.559,-0.2683,6.6233,7.0038,0.0574,24800237.8,19188908.07,-0.2263
Produce,Last 04 Wks,13.0,2023/01/01,2023/12/31,Total U.S.,Coconuts,851234.3974,944351.4623,0.1094,2.2663,2.3238,0.0254,693100.1318,765756.1016,0.1048,2.7833,2.8658,0.0296,1929133.012,2194530.022,0.1376
Produce,Last 04 Wks,13.0,2023/01/01,2023/12/31,Total U.S.,Dates,5282.7769,4379.7232,-0.1709,8.975,8.7088,-0.0297,7913.1089,6324.6935,-0.2007,5.9917,6.0307,0.0065,47413.155,38142.1961,-0.1955
Produce,Last 04 Wks,13.0,2023/01/01,2023/12/31,Total U.S.,Grapefruit,12380155.14,13469646.78,0.088,1.4388,1.4275,-0.0079,5103218.254,5152621.487,0.0097,3.4904,3.7316,0.0691,17812189.18,19227511.07,0.0795
Produce,Last 04 Wks,13.0,2023/01/01,2023/12/31,Total U.S.,Grapes,136197315.4,135979357.9,-0.0016,2.1876,2.5392,0.1607,74302474.8,74589551.9,0.0039,4.0099,4.6291,0.1544,297942683.9,345278933.1,0.1589
Produce,Last 04 Wks,13.0,2023/01/01,2023/12/31,Total U.S.,Kiwi,6645833.456,5739733.892,-0.1363,3.1455,3.2299,0.0268,5298093.279,4322585.074,-0.1841,3.9457,4.2888,0.0869,20904793.61,18538646.71,-0.1132
Produce,Last 04 Wks,13.0,2023/01/01,2023/12/31,Total U.S.,Lemons,35411001.42,36789346.5,0.0389,2.0166,2.0498,0.0165,39282764.14,40663930.15,0.0352,1.8178,1.8545,0.0202,71410114.56,75411705.88,0.056
Produce,Last 04 Wks,13.0,2023/01/01,2023/12/31,Total U.S.,Limes,30819758.81,32484205.78,0.054,1.7328,1.8716,0.0801,38438554.48,39786478.58,0.0351,1.3893,1.5281,0.0999,53403444.94,60797870.4,0.1385
Produce,Last 04 Wks,13.0,2023/01/01,2023/12/31,Total U.S.,Mangoes,18027695.35,8305119.416,-0.5393,1.776,2.5726,0.4486,18590339.1,8930046.363,-0.5196,1.7222,2.3926,0.3892,32016508.27,21365825.82,-0.3327
Produce,Last 04 Wks,13.0,2023/01/01,2023/12/31,Total U.S.,Melons,75366584.75,79892722.8,0.0601,1.6888,1.6442,-0.0264,27653158.02,27933890.01,0.0102,4.6028,4.7025,0.0217,127282004.8,131358438.5,0.032
Produce,Last 04 Wks,13.0,2023/01/01,2023/12/31,Total U.S.,Nectarines,116525.0469,71341.9572,-0.3878,3.7082,4.013,0.0822,103036.8098,62150.2173,-0.3968,4.1936,4.6065,0.0985,432097.4636,286297.4031,-0.3374
Produce,Last 04 Wks,13.0,2023/01/01,2023/12/31,Total U.S.,Oranges,87925108.66,85729375.43,-0.025,1.3416,1.3728,0.0232,33624133.42,33549372.39,-0.0022,3.5083,3.5079,-0.0001,117963944.2,117686771.6,-0.0023
Produce,Last 04 Wks,13.0,2023/01/01,2023/12/31,Total U.S.,Other,3514708.0,4800490.836,0.3658,3.717,3.5898,-0.0342,3851484.719,5008677.992,0.3005,3.392,3.4406,0.0143,13064322.47,17232759.5,0.3191
Produce,Last 04 Wks,13.0,2023/01/01,2023/12/31,Total U.S.,Papaya,5946426.62,5547690.704,-0.0671,1.3971,1.4002,0.0022,2807411.026,2803885.476,-0.0013,2.9593,2.7704,-0.0638,8307975.579,7767980.953,-0.065
Produce,Last 04 Wks,13.0,2023/01/01,2023/12/31,Total U.S.,Peaches,239707.404,239073.5548,-0.0026,3.6177,3.6757,0.016,223095.297,213087.515,-0.0449,3.8871,4.124,0.0609,867199.9769,878762.9441,0.0133
Produce,Last 04 Wks,13.0,2023/01/01,2023/12/31,Total U.S.,Pears,23137662.52,24754263.06,0.0699,1.9757,1.8927,-0.042,13416569.94,14289653.19,0.0651,3.4072,3.2787,-0.0377,45712354.18,46851768.51,0.0249
Produce,Last 04 Wks,13.0,2023/01/01,2023/12/31,Total U.S.,Pineapple,68095442.28,72616464.45,0.0664,1.0474,1.0699,0.0214,24495701.33,25761944.6,0.0517,2.9117,3.0157,0.0357,71324376.49,77689239.64,0.0892
Produce,Last 04 Wks,13.0,2023/01/01,2023/12/31,Total U.S.,Plums,185553.8401,1930287.243,9.4028,3.4956,2.2501,-0.3563,172070.4897,969713.6368,4.6356,3.7695,4.479,0.1882,648623.4485,4343361.34,5.6963
Produce,Last 04 Wks,13.0,2023/01/01,2023/12/31,Total U.S.,Pomegranates,11385388.74,13114623.55,0.1519,3.1983,3.0075,-0.0596,11432546.87,13221011.04,0.1564,3.1851,2.9833,-0.0633,36413686.89,39442491.78,0.0832
Produce,Last 04 Wks,13.0,2023/01/01,2023/12/31,Total U.S.,Rhubarb,20.0,20.0,0.0,0.1915,0.3415,0.7833,1.0,1.0,0.0,3.83,6.83,0.7833,3.83,6.83,0.7833
Produce,Last 04 Wks,13.0,2023/01/01,2023/12/31,Total U.S.,Tangelos,64397.4172,35396.5127,-0.4503,2.273,2.7108,0.1926,42487.3266,24587.7381,-0.4213,3.4451,3.9025,0.1328,146374.7306,95953.8474,-0.3445
Produce,Last 04 Wks,13.0,2023/01/01,2023/12/31,Total U.S.,Tangerines,115194394.7,118872419.3,0.0319,1.4857,1.5192,0.0225,35662493.2,37860275.13,0.0616,4.7991,4.7699,-0.0061,171148040.1,180588134.4,0.0552
Produce,Last 04 Wks,13.0,2023/01/01,2023/12/31,Total U.S.,Variety,16488405.65,16809730.52,0.0195,4.7815,4.758,-0.0049,13210387.44,12915778.02,-0.0223,5.968,6.1925,0.0376,78839803.86,79981027.77,0.0145
Produce,Last 04 Wks,1.0,2023/01/29,2024/01/28,Total U.S.,Total Store with Perimeter,,,,,,,18436676904,18567194737,0.007079249,4.379298909,4.430991653,0.011803886,80739719046,82271084902,0.018966698
Produce,Last 04 Wks,1.0,2023/01/29,2024/01/28,Total U.S.,Produce Department,3154632262,3214547546,0.018992795,1.945161269,1.950394212,0.002690236,2365446738,2381691486,0.006867518,2.59412668,2.6324295,0.014765208,6136268493,6269634929,0.021734127
Produce,Last 04 Wks,1.0,2023/01/29,2024/01/28,Total U.S.,Vegetable Aisle,1538526027,1583210380,0.029043612,2.061467774,1.996062039,-0.03172775,1303493590,1321577362,0.013873312,2.433170251,2.391222966,-0.017239766,3171621825,3160186140,-0.003605627
Produce,Last 04 Wks,1.0,2023/01/29,2024/01/28,Total U.S.,Fruit Aisle,1584939341,1600120715,0.00957852,1.804968892,1.874334189,0.03843019,1002911089,998176352.8,-0.004720993,2.852462436,3.004640367,0.05334967,2860766207,2999160963,0.048376814
Produce,Last 04 Wks,1.0,2023/01/29,2024/01/28,Total U.S.,Blackberries,11686025.73,8542431.226,-0.269004585,6.555837976,8.149530394,0.24309515,25780867.79,19196258.52,-0.255406813,2.971649049,3.62658186,0.220393728,76611691.25,69616802.91,-0.091303145
Produce,Last 04 Wks,1.0,2023/01/29,2024/01/28,Total U.S.,Blueberries,44716423.68,42673725.77,-0.045681156,4.673428873,6.033480993,0.291018042,55938405.52,53868183.26,-0.037008961,3.735877409,4.779650951,0.279391808,208979025.5,257471113.3,0.232042846
Produce,Last 04 Wks,1.0,2023/01/29,2024/01/28,Total U.S.,Raspberries,11750343.33,11256708.03,-0.042010288,8.293753855,9.13734268,0.101713752,26175086.7,25667624.92,-0.019387205,3.723176028,4.007242549,0.076296828,97454455.33,102856398.7,0.05543044
Produce,Last 04 Wks,1.0,2023/01/29,2024/01/28,Total U.S.,Strawberries,76672598.09,77734904.19,0.013855095,3.949788151,4.279743119,0.083537384,69404016.24,70267347.43,0.012439211,4.363443729,4.734566388,0.085052697,302840519.4,332685421.3,0.098549897
Produce,Last 04 Wks,1.0,2023/01/29,2024/01/28,Total U.S.,Apples,203677517.1,214700783.2,0.054121173,1.924212733,1.756039716,-0.08739835,95819929.68,99918171.95,0.042770249,4.090160295,3.773318656,-0.077464357,391918871.9,377023102.3,-0.038007278
Produce,Last 04 Wks,1.0,2023/01/29,2024/01/28,Total U.S.,Apricots,145942.5971,160427.0403,0.099247536,3.564426918,4.209125518,0.180870197,115953.1562,161426.512,0.392170056,4.486309287,4.183064732,-0.067593324,520201.7216,675257.5489,0.298068655
Produce,Last 04 Wks,1.0,2023/01/29,2024/01/28,Total U.S.,Avocados,91302631.66,95129517.57,0.0419143,2.146947476,2.155670152,0.004062827,113502104.7,114823941.5,0.011645924,1.727033655,1.785932958,0.034104317,196021954.6,205067861.6,0.046147417
Produce,Last 04 Wks,1.0,2023/01/29,2024/01/28,Total U.S.,Bananas,464307912.9,449804318.7,-0.031237017,0.589169073,0.608927981,0.033536907,250026983.1,247926232.6,-0.008402095,1.094105362,1.104757786,0.009736196,273555862.7,273898435.8,0.001252297
Produce,Last 04 Wks,1.0,2023/01/29,2024/01/28,Total U.S.,Cherries,12337482.91,8471716.569,-0.313335092,4.388186551,5.003236885,0.14016048,10166041.43,7113395.446,-0.300278728,5.325492422,5.958617814,0.118885793,54139176.6,42386004.82,-0.217091809
Produce,Last 04 Wks,1.0,2023/01/29,2024/01/28,Total U.S.,Coconuts,827645.7465,845668.7265,0.021776201,2.246072615,2.363108189,0.052106763,671489.6368,680704.5917,0.013723153,2.768400797,2.935791409,0.060464732,1858952.446,1998406.693,0.075017651
Produce,Last 04 Wks,1.0,2023/01/29,2024/01/28,Total U.S.,Dates,4061.289513,3601.198214,-0.113286998,8.84502684,8.702967889,-0.016060884,5791.176117,5085.038462,-0.121933376,6.202922173,6.163397318,-0.006371973,35922.21475,31341.11242,-0.127528393
Produce,Last 04 Wks,1.0,2023/01/29,2024/01/28,Total U.S.,Grapefruit,16035859.77,17119283.84,0.06756258,1.39667664,1.385909736,-0.007708946,6307413.656,6548218.632,0.038178085,3.550886618,3.623242209,0.020376767,22396910.75,23725782.14,0.059332799
Produce,Last 04 Wks,1.0,2023/01/29,2024/01/28,Total U.S.,Grapes,132211530.4,142149243.9,0.075165256,2.378017546,2.467052883,0.037440993,72062226.97,77585905.02,0.076651504,4.362914556,4.520018189,0.036008872,314401339,350689701.9,0.11542051
Produce,Last 04 Wks,1.0,2023/01/29,2024/01/28,Total U.S.,Kiwi,7626448.753,7343898.727,-0.037048702,3.020208654,3.256563721,0.07825786,6063542.791,5558145.54,-0.083350158,3.798681285,4.302851372,0.132722397,23033466.52,23915874.16,0.038309806
Produce,Last 04 Wks,1.0,2023/01/29,2024/01/28,Total U.S.,Lemons,34494582.22,35198853.13,0.020416856,1.994159231,2.069436076,0.037748663,37046498.24,38188393.8,0.030823306,1.856793296,1.907432318,0.027272299,68787689.56,72841776.5,0.058936228
Produce,Last 04 Wks,1.0,2023/01/29,2024/01/28,Total U.S.,Limes,28451812.76,30716003.64,0.079579846,1.821472304,1.885402449,0.035098061,36341979.86,37942652.31,0.044044723,1.426014464,1.526304172,0.070328675,51824188.93,57912028.5,0.117471005
Produce,Last 04 Wks,1.0,2023/01/29,2024/01/28,Total U.S.,Mangoes,23183123.38,10404969.61,-0.551183443,1.680563171,2.675513926,0.59203413,22430048.04,10535622.64,-0.530289787,1.736987066,2.642334682,0.521217247,38960703.34,27838641.1,-0.285468723
Produce,Last 04 Wks,1.0,2023/01/29,2024/01/28,Total U.S.,Melons,89514562.44,91657482.04,0.023939341,1.618300336,1.601305135,-0.010501883,32970218.22,32424683.41,-0.016546291,4.393706028,4.526539081,0.030232576,144861446.5,146771596.6,0.013186049
Produce,Last 04 Wks,1.0,2023/01/29,2024/01/28,Total U.S.,Nectarines,2420779.796,1376999.918,-0.431175062,2.641438336,3.06583931,0.160670408,1652138.096,1022278.718,-0.381238941,3.870342661,4.129657012,0.06700036,6394340.556,4221660.477,-0.339781727
Produce,Last 04 Wks,1.0,2023/01/29,2024/01/28,Total U.S.,Oranges,105896024.9,104620543,-0.012044663,1.339991934,1.394659944,0.040797268,37409087.64,38044141.25,0.016975918,3.793191124,3.835283853,0.011096918,141899819.2,145910080.6,0.028261216
Produce,Last 04 Wks,1.0,2023/01/29,2024/01/28,Total U.S.,Other,3025828.275,3451965.29,0.140833179,4.040494392,4.227121476,0.04618917,2960453.887,3696887.912,0.248757134,4.129718835,3.947070336,-0.044227829,12225842.18,14591876.61,0.193527317
Produce,Last 04 Wks,1.0,2023/01/29,2024/01/28,Total U.S.,Papaya,7308021.875,6668662.704,-0.087487309,1.365377772,1.364541609,-0.000612404,3420885.437,3192538.781,-0.066750746,2.916850274,2.850291997,-0.022818544,9978210.623,9099667.738,-0.088046136
Produce,Last 04 Wks,1.0,2023/01/29,2024/01/28,Total U.S.,Peaches,1962278.801,1438749.085,-0.266796805,2.886215432,3.183016448,0.102833979,1437446.175,1075735.097,-0.25163452,3.940014906,4.257146594,0.080489972,5663559.357,4579562.004,-0.191398604
Produce,Last 04 Wks,1.0,2023/01/29,2024/01/28,Total U.S.,Pears,24700661.42,25968488.64,0.051327663,1.965932395,1.858447471,-0.054673764,14313249.22,14749551.61,0.030482414,3.392648987,3.272036554,-0.035551109,48559830.47,48261072.03,-0.006152378
Produce,Last 04 Wks,1.0,2023/01/29,2024/01/28,Total U.S.,Pineapple,55886696.78,61838704.98,0.106501342,1.321591864,1.28317788,-0.02906645,22569111.48,23805542.99,0.054784235,3.272588016,3.333259755,0.018539376,73859403.76,79350058.38,0.074339276
Produce,Last 04 Wks,1.0,2023/01/29,2024/01/28,Total U.S.,Plums,755159.3306,486627.226,-0.355596619,3.502198468,3.401723033,-0.028689246,705958.6367,456126.3353,-0.353890849,3.746278766,3.629194184,-0.031253569,2644717.85,1655371.043,-0.374084066
Produce,Last 04 Wks,1.0,2023/01/29,2024/01/28,Total U.S.,Pomegranates,4907439.113,4725212.959,-0.037132637,4.194723198,4.065927755,-0.030704158,5092870.17,5280359.018,0.036813985,4.041993611,3.638459894,-0.099835318,20585348.69,19212374.52,-0.066696668
Produce,Last 04 Wks,1.0,2023/01/29,2024/01/28,Total U.S.,Rhubarb,0,40,0,0,0.33175,0,0,2,0,0,6.635,0,0,13.27,0
Produce,Last 04 Wks,1.0,2023/01/29,2024/01/28,Total U.S.,Tangelos,614917.4617,202488.8208,-0.670705691,1.949729878,1.951439553,0.000876878,408873.2957,139829.7741,-0.658011967,2.932260336,2.825898106,-0.03627312,1198922.948,395144.6938,-0.67041694
Produce,Last 04 Wks,1.0,2023/01/29,2024/01/28,Total U.S.,Tangerines,110457048.5,127689275.4,0.156008396,1.608801253,1.660936163,0.03240606,35815710.23,42585022.33,0.189003989,4.961605866,4.980242431,0.003756156,177703438,212083735.1,0.193470073
Produce,Last 04 Wks,1.0,2023/01/29,2024/01/28,Total U.S.,Variety,14737797.52,14715799.76,-0.001492609,4.805784381,4.781031602,-0.005150622,12432742.38,11964835.33,-0.037635064,5.696786356,5.880290181,0.032211814,70826677.15,70356703.69,-0.006635543
Produce,Last 04 Wks,2.0,2023/02/26,2024/02/25,Total U.S.,Total Store with Perimeter,,,,,,,18752902553,18600338918,-0.008135468,4.446562461,4.501123114,0.0122703,83385952533,83722415442,0.004035007
Produce,Last 04 Wks,2.0,2023/02/26,2024/02/25,Total U.S.,Produce Department,3173250480,3213551915,0.012700364,1.948251391,1.966270406,0.009248814,2371593943,2393165108,0.00909564,2.60680783,2.64031596,0.012854085,6182289660,6318712028,0.022066641
Produce,Last 04 Wks,2.0,2023/02/26,2024/02/25,Total U.S.,Vegetable Aisle,1498114678,1515068739,0.011316932,2.050222543,2.035536773,-0.007163012,1268764491,1281392346,0.009952876,2.420834211,2.406739936,-0.005822073,3071468485,3083978133,0.004072856
Produce,Last 04 Wks,2.0,2023/02/26,2024/02/25,Total U.S.,Fruit Aisle,1644046590,1665808932,0.013237059,1.826907941,1.872739737,0.025087086,1044148503,1048298966,0.003974974,2.876527393,2.975893979,0.034543939,3003521771,3119626582,0.038656224
Produce,Last 04 Wks,2.0,2023/02/26,2024/02/25,Total U.S.,Blackberries,11639394.57,10541252.57,-0.094347003,6.760774847,7.496230505,0.108782747,24999644.31,23577928.02,-0.056869461,3.147697826,3.351425072,0.064722619,78691326.05,79019659.11,0.004172417
Produce,Last 04 Wks,2.0,2023/02/26,2024/02/25,Total U.S.,Blueberries,43797353.29,46867989.83,0.070110094,4.818839964,5.636543222,0.169688818,54828204.76,58261117.45,0.062612167,3.849340631,4.534301126,0.177942292,211052436.3,264173450.4,0.251695811
Produce,Last 04 Wks,2.0,2023/02/26,2024/02/25,Total U.S.,Raspberries,10688215.76,11429867.45,0.069389663,9.311890695,9.341874566,0.003219955,23833811.03,25565073.67,0.072638934,4.17589519,4.176650904,0.00018097,99527496.85,106776388,0.07283305
Produce,Last 04 Wks,2.0,2023/02/26,2024/02/25,Total U.S.,Strawberries,112316485.9,115462185.8,0.028007464,3.72183367,3.618153333,-0.027857327,101224870.7,104218737.2,0.029576392,4.129649916,4.008491215,-0.029338734,418023278.8,417759892.4,-0.000630076
Produce,Last 04 Wks,2.0,2023/02/26,2024/02/25,Total U.S.,Apples,191936158.2,210270093.9,0.09552101,1.961517363,1.731404271,-0.117313818,90832125.61,96998953.76,0.067892589,4.144856286,3.753262531,-0.094477041,376486106.8,364062538.7,-0.032998743
Produce,Last 04 Wks,2.0,2023/02/26,2024/02/25,Total U.S.,Apricots,39870.32094,35865.16034,-0.100454687,4.36618244,4.556561175,0.043603019,50989.17484,44634.15349,-0.124634717,3.414079473,3.661362082,0.072430244,174081.0952,163421.7972,-0.061231796
Produce,Last 04 Wks,2.0,2023/02/26,2024/02/25,Total U.S.,Avocados,96756746.09,101839313.2,0.05252933,2.077741204,2.121335237,0.020981455,121770307.4,123958571.5,0.017970425,1.650940055,1.742802623,0.055642582,201035478.1,216035323.6,0.074612927
Produce,Last 04 Wks,2.0,2023/02/26,2024/02/25,Total U.S.,Bananas,466134943.3,462431502.6,-0.007944997,0.600875706,0.609126564,0.013731389,251415308.2,253515024.2,0.008351584,1.114049758,1.111095144,-0.002652138,280089163.2,281679312.3,0.005677296
Produce,Last 04 Wks,2.0,2023/02/26,2024/02/25,Total U.S.,Cherries,7658686.699,6154731.849,-0.196372421,4.462349116,5.165231584,0.157514002,6412340.715,5197895.819,-0.189391823,5.329681522,6.116054735,0.147546004,34175733.82,31790615.33,-0.069789825
Produce,Last 04 Wks,2.0,2023/02/26,2024/02/25,Total U.S.,Coconuts,784169.1011,829442.5533,0.057734298,2.387937494,2.355356689,-0.01364391,636893.5363,665988.7169,0.045682958,2.940125298,2.933432679,-0.002276304,1872546.798,1953633.066,0.043302665
Produce,Last 04 Wks,2.0,2023/02/26,2024/02/25,Total U.S.,Dates,4062.099733,3484.492433,-0.142194268,8.710597948,8.914470125,0.023405073,5727.867054,4928.964827,-0.139476391,6.177398544,6.302013666,0.020172751,35383.3176,31062.4037,-0.122117263
Produce,Last 04 Wks,2.0,2023/02/26,2024/02/25,Total U.S.,Grapefruit,14351937.8,15231354.63,0.061275129,1.414743704,1.362270065,-0.037090562,5578190.364,5893599.959,0.056543354,3.639946349,3.520635708,-0.032778132,20304313.65,20749218.46,0.021911837
Produce,Last 04 Wks,2.0,2023/02/26,2024/02/25,Total U.S.,Grapes,141589892.2,131777700.6,-0.069300085,2.248604096,2.583138221,0.148774133,75935709.16,71141805.34,-0.063131086,4.192752199,4.784809909,0.141209803,318379611.5,340400015.1,0.069163988
Produce,Last 04 Wks,2.0,2023/02/26,2024/02/25,Total U.S.,Kiwi,7113706.327,7806719.467,0.097419419,2.920829513,3.191404605,0.092636386,5604474.434,5823873.925,0.039147202,3.707381242,4.277977301,0.153908115,20777923.39,24914400.45,0.199080389
Produce,Last 04 Wks,2.0,2023/02/26,2024/02/25,Total U.S.,Lemons,35114221.51,34971721.95,-0.004058172,1.992782447,2.040477803,0.023934051,37907785.61,37275178.47,-0.016688053,1.845926982,1.914384459,0.037085691,69975004.27,71359022.37,0.01977875
Produce,Last 04 Wks,2.0,2023/02/26,2024/02/25,Total U.S.,Limes,29081127.01,31523700.7,0.083991713,1.978327959,1.910408676,-0.03433166,37311511.8,39558976.5,0.060235155,1.541937163,1.522363737,-0.012694049,57532006.66,60223151.32,0.046776478
Produce,Last 04 Wks,2.0,2023/02/26,2024/02/25,Total U.S.,Mangoes,25576026.61,11098765.43,-0.566048096,1.724798951,2.428246096,0.40784298,23205595.15,9040605.129,-0.610412701,1.900985672,2.981054194,0.568162369,44113503.88,26950533.83,-0.389063859
Produce,Last 04 Wks,2.0,2023/02/26,2024/02/25,Total U.S.,Melons,104786097.3,104802282.7,0.000154461,1.518903037,1.544687759,0.016975884,35845994.97,35614018.97,-0.006471462,4.440103325,4.545592095,0.023758179,159159921.5,161886803.1,0.017132967
Produce,Last 04 Wks,2.0,2023/02/26,2024/02/25,Total U.S.,Nectarines,5638431.741,4261660.995,-0.244176184,2.342153568,2.607682751,0.113369673,3645944.357,2903672.617,-0.203588335,3.622126868,3.827242714,0.056628565,13206073.02,11113059.87,-0.158488685
Produce,Last 04 Wks,2.0,2023/02/26,2024/02/25,Total U.S.,Oranges,95276748.73,99130862.94,0.040451781,1.390939196,1.400324305,0.006747318,35296441.45,35730596.6,0.012300253,3.754604114,3.885055666,0.034744423,132524164.3,138815356.8,0.04747204
Produce,Last 04 Wks,2.0,2023/02/26,2024/02/25,Total U.S.,Other,2984993.834,3451765.489,0.156372737,4.40074364,4.526658055,0.028612077,3088155.994,3570296.678,0.156125754,4.253733509,4.376376381,0.028831818,13136192.63,15624962.06,0.189458962
Produce,Last 04 Wks,2.0,2023/02/26,2024/02/25,Total U.S.,Papaya,7714135.591,7489457.806,-0.029125465,1.354188123,1.31716176,-0.027342111,3682082.454,3696826.605,0.004004297,2.837087688,2.668458243,-0.059437516,10446390.8,9864827.429,-0.055671225
Produce,Last 04 Wks,2.0,2023/02/26,2024/02/25,Total U.S.,Peaches,3339619.886,2898072.205,-0.132214951,2.750550189,2.917283723,0.060618248,2366304.785,2079905.783,-0.121032169,3.881914185,4.064847042,0.047124395,9185792.111,8454498.872,-0.079611342
Produce,Last 04 Wks,2.0,2023/02/26,2024/02/25,Total U.S.,Pears,22262506.71,22823007.72,0.025176905,1.949374171,1.834665206,-0.058843996,12475773.5,12915268.86,0.035227904,3.478578348,3.242098838,-0.067981654,43397955.57,41872578.15,-0.035148601
Produce,Last 04 Wks,2.0,2023/02/26,2024/02/25,Total U.S.,Pineapple,58750342.36,61948455.89,0.054435658,1.316116979,1.352242444,0.027448522,23437898,24938999.79,0.064045922,3.299029764,3.358969169,0.018168798,77322323.1,83769331.41,0.083378358
Produce,Last 04 Wks,2.0,2023/02/26,2024/02/25,Total U.S.,Plums,3035552.475,1897030.074,-0.375062665,2.808282201,3.242773904,0.154717963,2408567.347,1658130.01,-0.311570003,3.539318922,3.709986297,0.0482204,8524687.986,6151639.617,-0.278373633
Produce,Last 04 Wks,2.0,2023/02/26,2024/02/25,Total U.S.,Pomegranates,1130109.392,1214801.025,0.074941093,5.882409337,6.418892298,0.091201229,1629848.016,1835167.569,0.125974662,4.078764383,4.249027215,0.041743728,6647766.039,7797676.945,0.172977042
Produce,Last 04 Wks,2.0,2023/02/26,2024/02/25,Total U.S.,Rhubarb,0,20,0,0,0.403,0,0,1,0,0,8.06,0,0,8.06,0
Produce,Last 04 Wks,2.0,2023/02/26,2024/02/25,Total U.S.,Tangelos,1354982.075,1261693.019,-0.068848922,1.640953188,1.762095596,0.073824414,981285.1183,911672.3335,-0.070940426,2.2658676,2.438621456,0.076241814,2223462.156,2223223.713,-0.000107239
Produce,Last 04 Wks,2.0,2023/02/26,2024/02/25,Total U.S.,Tangerines,123641888.2,137090310.6,0.108769145,1.575858023,1.619432109,0.027651023,40301972.4,44589124.57,0.106375741,4.834553991,4.978982052,0.029874123,194842061.5,222008450.9,0.139427746
Produce,Last 04 Wks,2.0,2023/02/26,2024/02/25,Total U.S.,Variety,15944938.55,15749782.31,-0.012239385,4.807639892,4.856486806,0.010160269,13265185.67,12812519.16,-0.0341244,5.778850338,5.969833804,0.033048696,76657522.67,76488609.99,-0.002203472
Produce,Last 04 Wks,3.0,2023/03/26,2024/03/24,Total U.S.,Total Store with Perimeter, , , , , , ,18518986360,18545916169,0.001454173,4.437748153,4.489138216,0.011580212,82182597518,83255181027,0.013051224
Produce,Last 04 Wks,3.0,2023/03/26,2024/03/24,Total U.S.,Produce Department,3266740721,3339494853,0.022271168,1.879497977,1.912057427,0.017323482,2397861873,2444623542,0.019501402,2.560544728,2.611979238,0.020087331,6139832576,6385305935,0.039980464
Produce,Last 04 Wks,3.0,2023/03/26,2024/03/24,Total U.S.,Vegetable Aisle,1551485603,1593505043,0.027083358,1.982917145,1.985779764,0.00144364,1288081501,1314576226,0.020569138,2.388410517,2.407125586,0.007835784,3076467402,3164350068,0.028566097
Produce,Last 04 Wks,3.0,2023/03/26,2024/03/24,Total U.S.,Fruit Aisle,1685772946,1714253955,0.016894926,1.757723128,1.815316986,0.032766171,1053164018,1067843637,0.013938588,2.813542854,2.914204116,0.035777405,2963122097,3111914323,0.050214679
Produce,Last 04 Wks,3.0,2023/03/26,2024/03/24,Total U.S.,Blackberries,12081397.12,11238851.56,-0.069739083,6.724333023,7.477024324,0.111935459,25903793.46,24756982.38,-0.044271936,3.136194618,3.394321861,0.082305875,81239337.64,84033166.52,0.034390099
Produce,Last 04 Wks,3.0,2023/03/26,2024/03/24,Total U.S.,Blueberries,38198505.48,43262805.5,0.132578486,5.638388073,5.931775578,0.052033933,49065231.79,54356312.79,0.107837685,4.389625603,4.721167422,0.075528496,215377997.7,256625253.1,0.191510999
Produce,Last 04 Wks,3.0,2023/03/26,2024/03/24,Total U.S.,Raspberries,14262215.65,12002412.62,-0.158446842,8.653481316,9.081946646,0.049513637,32063860.36,26721688.64,-0.166610373,3.849125317,4.079280785,0.059794226,123417816.6,109005271,-0.116778485
Produce,Last 04 Wks,3.0,2023/03/26,2024/03/24,Total U.S.,Strawberries,114113496.2,125898609.8,0.103275371,3.006159051,2.953497835,-0.017517774,99513644.27,110963596.6,0.11505912,3.447198842,3.35102036,-0.027900474,343043319.3,371841271.3,0.083948441
Produce,Last 04 Wks,3.0,2023/03/26,2024/03/24,Total U.S.,Apples,191214068.2,207074284.6,0.082944819,1.963814986,1.725545276,-0.12133002,90301810.31,96299717.15,0.066420671,4.158377906,3.710457975,-0.107715061,375509052.8,357316053.5,-0.048448897
Produce,Last 04 Wks,3.0,2023/03/26,2024/03/24,Total U.S.,Apricots,45576.10473,19864.9099,-0.564137611,4.315653458,4.328105277,0.002885269,58580.37499,25064.15846,-0.572140696,3.357620602,3.430293561,0.021644184,196690.674,85977.42136,-0.562880031
Produce,Last 04 Wks,3.0,2023/03/26,2024/03/24,Total U.S.,Avocados,94757485.66,98205281.95,0.036385477,2.059142031,2.216394616,0.076368013,114990921.4,115552013.1,0.004879443,1.696821966,1.883668248,0.110115431,195119121.4,217661658.2,0.115532176
Produce,Last 04 Wks,3.0,2023/03/26,2024/03/24,Total U.S.,Bananas,471526211.4,474235734.9,0.005746284,0.604153981,0.609148058,0.008266232,255636923.2,259644203.3,0.01567567,1.11437125,1.112598599,-0.001590718,284874437.8,288879776.9,0.014060016
Produce,Last 04 Wks,3.0,2023/03/26,2024/03/24,Total U.S.,Cherries,565766.2359,1963652.828,2.470784758,4.682326468,5.63412973,0.203275715,455293.7955,1671997.447,2.672348412,5.818445687,6.616920856,0.137231696,2649102.221,11063474.78,3.176311013
Produce,Last 04 Wks,3.0,2023/03/26,2024/03/24,Total U.S.,Coconuts,861820.8643,889204.0654,0.031773658,2.381882213,2.380913974,-0.000406502,699935.5338,719747.908,0.028305999,2.932778361,2.941472092,0.002964333,2052755.787,2117118.385,0.03135424
Produce,Last 04 Wks,3.0,2023/03/26,2024/03/24,Total U.S.,Dates,4614.675507,4036.335066,-0.125326351,8.978642648,8.969160547,-0.001056073,6848.788114,5699.163758,-0.16785807,6.049759698,6.352254254,0.050001086,41433.52231,36202.53723,-0.12625007
Produce,Last 04 Wks,3.0,2023/03/26,2024/03/24,Total U.S.,Grapefruit,13064840,13039907.94,-0.001908333,1.426658482,1.398689667,-0.019604422,5094436.666,5181861.882,0.017160919,3.658709693,3.519735744,-0.037984415,18639064.81,18238784.49,-0.021475344
Produce,Last 04 Wks,3.0,2023/03/26,2024/03/24,Total U.S.,Grapes,151967547.6,138386694.2,-0.0893668,2.014744405,2.519957652,0.250757985,79993309.11,74133170.01,-0.073257866,3.827517197,4.704083327,0.229016902,306175766.2,348728609,0.138981747
Produce,Last 04 Wks,3.0,2023/03/26,2024/03/24,Total U.S.,Kiwi,6722534.388,7204473.848,0.071690144,2.94682969,3.067442171,0.040929573,5679020.558,5513362.825,-0.029170124,3.48830643,4.008317174,0.149072553,19810163.93,22099306.9,0.115553964
Produce,Last 04 Wks,3.0,2023/03/26,2024/03/24,Total U.S.,Lemons,36826029.52,37019155.16,0.00524427,2.001336059,2.002837865,0.000750402,39225247.68,39069569.55,-0.003968825,1.878924039,1.897726711,0.010007149,73701260.79,74143365.71,0.005998607
Produce,Last 04 Wks,3.0,2023/03/26,2024/03/24,Total U.S.,Limes,28512938.61,31794128.89,0.11507724,2.226889225,1.918415142,-0.138522419,35742416.15,38970441.29,0.090313568,1.776465125,1.565143638,-0.118956169,63495155.76,60994338.27,-0.039385957
Produce,Last 04 Wks,3.0,2023/03/26,2024/03/24,Total U.S.,Mangoes,29147647.85,14749288.65,-0.493980141,1.742532966,2.405988986,0.380742307,26284209.66,14533994.57,-0.447044642,1.932366919,2.441629235,0.26354328,50790737.24,35486626.06,-0.301316973
Produce,Last 04 Wks,3.0,2023/03/26,2024/03/24,Total U.S.,Melons,122583817.5,119364784.9,-0.02625985,1.478769363,1.518303988,0.026734815,40069206.68,40593100.9,0.013074734,4.524002562,4.464601739,-0.013130148,181273193.7,181232028.9,-0.000227087
Produce,Last 04 Wks,3.0,2023/03/26,2024/03/24,Total U.S.,Nectarines,6182703.153,5356905.227,-0.133565838,2.24822645,2.422757918,0.077630733,4099185.419,3708970.36,-0.095193317,3.390946089,3.499214956,0.031928808,13900116.76,12978484.56,-0.066303918
Produce,Last 04 Wks,3.0,2023/03/26,2024/03/24,Total U.S.,Oranges,96470630.05,101878838,0.056060668,1.369511533,1.403027484,0.024472923,35285680.46,36756206.38,0.041674864,3.744228218,3.888834672,0.038621164,132117640.5,142938809.8,0.08190556
Produce,Last 04 Wks,3.0,2023/03/26,2024/03/24,Total U.S.,Other,3847969.614,4607063.889,0.19727138,4.191127875,4.10565333,-0.020394163,3669034.12,4148470.167,0.130670915,4.395525412,4.559513854,0.037308041,16127332.71,18915007.2,0.172854032
Produce,Last 04 Wks,3.0,2023/03/26,2024/03/24,Total U.S.,Papaya,9039337.316,7914157.535,-0.124475915,1.34469914,1.346531799,0.001362877,4430066.791,4069352.235,-0.08142418,2.743793646,2.618761947,-0.045568915,12155189.11,10656664.78,-0.123282683
Produce,Last 04 Wks,3.0,2023/03/26,2024/03/24,Total U.S.,Peaches,3700154.276,3800011.741,0.026987379,2.481085749,2.711466493,0.092854809,2656809.03,2683367.226,0.009996276,3.455423382,3.839804112,0.111239836,9180400.043,10303604.51,0.122348096
Produce,Last 04 Wks,3.0,2023/03/26,2024/03/24,Total U.S.,Pears,21388839.35,20297286.41,-0.051033762,1.932821049,1.832006759,-0.052159143,12049734.59,11339850.34,-0.058912854,3.430847261,3.279123162,-0.044223508,41340798.91,37184765.89,-0.100531028
Produce,Last 04 Wks,3.0,2023/03/26,2024/03/24,Total U.S.,Pineapple,66924231.94,68261513.63,0.019982025,1.244838906,1.291765342,0.037696794,25883996.31,26392742.69,0.019654862,3.218586756,3.340988791,0.038029745,83309887.71,88177857.5,0.058432077
Produce,Last 04 Wks,3.0,2023/03/26,2024/03/24,Total U.S.,Plums,5455505.245,5138910.878,-0.058032089,2.693850773,2.814649068,0.044842237,4051203.481,4281126.831,0.056754333,3.627642277,3.378603645,-0.068650273,14696317.02,14464230.72,-0.015792141
Produce,Last 04 Wks,3.0,2023/03/26,2024/03/24,Total U.S.,Pomegranates,471907.1865,438425.9898,-0.07094869,9.647527452,12.04471157,0.248476527,988387.6376,1065324.726,0.077841006,4.60622671,4.956906063,0.076131588,4552737.536,5280714.593,0.159898753
Produce,Last 04 Wks,3.0,2023/03/26,2024/03/24,Total U.S.,Rhubarb, ,40, , ,0.237, , ,2, , ,4.74, , ,9.48, 
Produce,Last 04 Wks,3.0,2023/03/26,2024/03/24,Total U.S.,Tangelos,1495380.895,1523966.815,0.019116147,1.744004234,1.774633804,0.017562784,1118784.038,1141631.427,0.020421626,2.331058117,2.368963366,0.016260963,2607950.612,2704483.027,0.037014664
Produce,Last 04 Wks,3.0,2023/03/26,2024/03/24,Total U.S.,Tangerines,125029970.3,139013305.9,0.11183987,1.564024882,1.612715785,0.031131796,40753482.06,45809322.23,0.124059097,4.798362609,4.893959176,0.019922748,195549984.5,224188952.9,0.146453442
Produce,Last 04 Wks,3.0,2023/03/26,2024/03/24,Total U.S.,Variety,16034266.94,15967095.02,-0.004189273,4.815648343,4.865592132,0.010371145,13445803.62,13060282.11,-0.028672255,5.742712983,5.948521725,0.035838243,77215391.04,77689371.89,0.006138424
Produce,Last 04 Wks,4.0,2023/04/23,2024/04/21,Total U.S.,Total Store with Perimeter, , , , , , ,18751463664,18711955748,-0.002106924,4.435201821,4.489616735,0.01226887,83166525794,84009509679,0.010136096
Produce,Last 04 Wks,4.0,2023/04/23,2024/04/21,Total U.S.,Produce Department,3362012755,3416052797,0.016073717,1.866012133,1.907036808,0.021985214,2446605401,2501671817,0.022507273,2.564188156,2.604073955,0.015554943,6273556592,6514538423,0.038412315
Produce,Last 04 Wks,4.0,2023/04/23,2024/04/21,Total U.S.,Vegetable Aisle,1563993365,1606318142,0.027061993,1.981017501,1.992918347,0.006007441,1319871897,1347112672,0.020638954,2.34742344,2.376386892,0.012338401,3098298228,3201260897,0.033232007
Produce,Last 04 Wks,4.0,2023/04/23,2024/04/21,Total U.S.,Fruit Aisle,1767544577,1777255736,0.005494152,1.734849813,1.798780337,0.036850754,1067827016,1091145832,0.021837635,2.871648997,2.929849133,0.020267148,3066424379,3196892671,0.04254737
Produce,Last 04 Wks,4.0,2023/04/23,2024/04/21,Total U.S.,Blackberries,12081564.49,13731171.38,0.136539179,7.018800869,6.833424014,-0.026411471,25858472.11,30276059.9,0.170837154,3.279315767,3.099178577,-0.054931334,84798095.31,93830916.22,0.106521507
Produce,Last 04 Wks,4.0,2023/04/23,2024/04/21,Total U.S.,Blueberries,40290092.87,41954895.46,0.041320396,5.813321417,6.285830726,0.081280438,52528812.43,53680029.51,0.021915917,4.458872168,4.91283953,0.10181215,234219259.7,263721371,0.125959374
Produce,Last 04 Wks,4.0,2023/04/23,2024/04/21,Total U.S.,Raspberries,16742906.89,14706167.98,-0.121647867,8.02202196,8.005009603,-0.002120707,37916739.81,32518080.86,-0.142381939,3.542286796,3.620232583,0.022004369,134311966.8,117723015.9,-0.123510595
Produce,Last 04 Wks,4.0,2023/04/23,2024/04/21,Total U.S.,Strawberries,94975329.32,123496184.2,0.30029751,3.590744011,3.013469088,-0.160767496,84218118.17,105695944.6,0.255026197,4.049391062,3.520967006,-0.130494696,341032095,372151933.6,0.091251935
Produce,Last 04 Wks,4.0,2023/04/23,2024/04/21,Total U.S.,Apples,186684094.9,202502069.4,0.084731238,1.961220788,1.722878811,-0.121527356,87796199.68,93544091.18,0.065468568,4.170211569,3.729647913,-0.105645397,366128727.6,348886524.4,-0.047093281
Produce,Last 04 Wks,4.0,2023/04/23,2024/04/21,Total U.S.,Apricots,36654.47044,43757.2857,0.193777599,4.378252821,2.652566288,-0.394149585,47116.60879,54919.13383,0.16560031,3.406071505,2.113454689,-0.379503723,160482.5386,116069.1009,-0.276749347
Produce,Last 04 Wks,4.0,2023/04/23,2024/04/21,Total U.S.,Avocados,93719593.43,96496211.63,0.02962687,2.140846504,2.40670881,0.124185599,114728654.2,114123999.4,-0.005270303,1.748815633,2.034964458,0.163624353,200639264,232238282.7,0.1574917
Produce,Last 04 Wks,4.0,2023/04/23,2024/04/21,Total U.S.,Bananas,474352904.3,477543037.2,0.006725231,0.601371024,0.611068058,0.016124879,256858592.4,261338155.8,0.017439804,1.110580296,1.116604255,0.005424154,285262091.7,291811296.6,0.022958553
Produce,Last 04 Wks,4.0,2023/04/23,2024/04/21,Total U.S.,Cherries,99977.95846,164164.1952,0.642003875,3.349016307,6.201515186,0.851742308,69507.57782,159855.2429,1.299824679,4.817141148,6.368679134,0.322086885,334827.8132,1018066.75,2.040568046
Produce,Last 04 Wks,4.0,2023/04/23,2024/04/21,Total U.S.,Coconuts,899494.6445,961003.4347,0.068381497,2.350973787,2.380253744,0.012454395,727915.9302,774394.5494,0.063851631,2.905127149,2.953832804,0.016765412,2114688.331,2287432.023,0.081687542
Produce,Last 04 Wks,4.0,2023/04/23,2024/04/21,Total U.S.,Dates,3982.503906,3998.958526,0.004131727,8.996637565,8.87572792,-0.013439426,5564.006523,5407.646492,-0.028102057,6.439450439,6.563607272,0.019280657,35829.14424,35493.66784,-0.009363227
Produce,Last 04 Wks,4.0,2023/04/23,2024/04/21,Total U.S.,Grapefruit,11588063.79,11425984.81,-0.013986718,1.429498216,1.418941372,-0.007385,4700156.016,4592224.662,-0.022963356,3.524375884,3.53048985,0.001734766,16565116.51,16212802.56,-0.021268426
Produce,Last 04 Wks,4.0,2023/04/23,2024/04/21,Total U.S.,Grapes,157217182.7,145617218.7,-0.073783055,1.995091868,2.494950811,0.250544323,83281684.31,76474252.42,-0.081739844,3.766286973,4.750720487,0.261380378,313662722.7,363307797.7,0.158275343
Produce,Last 04 Wks,4.0,2023/04/23,2024/04/21,Total U.S.,Kiwi,6671496.006,7013100.082,0.05120352,2.842922333,2.967172143,0.043704961,5477050.352,5328950.47,-0.02704008,3.462912293,3.904910604,0.127637744,18966544.99,20809075.2,0.097146328
Produce,Last 04 Wks,4.0,2023/04/23,2024/04/21,Total U.S.,Lemons,39499706.75,39173432.48,-0.00826017,2.014079699,1.977518695,-0.01815271,41901602.43,41463253.64,-0.010461385,1.898628045,1.868309606,-0.015968604,79555557.49,77466195.06,-0.026262935
Produce,Last 04 Wks,4.0,2023/04/23,2024/04/21,Total U.S.,Limes,30514040.48,33110741.64,0.085098568,2.318473316,1.93645869,-0.164769904,38256524.43,40267246.61,0.052558935,1.849252897,1.592301158,-0.138948945,70745988.62,64117583.4,-0.093693019
Produce,Last 04 Wks,4.0,2023/04/23,2024/04/21,Total U.S.,Mangoes,28930975.32,22288267.72,-0.22960538,1.732631649,2.075629445,0.197963483,26987868.04,21712320.3,-0.195478491,1.857379894,2.130688204,0.147147232,50126723.48,46262184.76,-0.077095378
Produce,Last 04 Wks,4.0,2023/04/23,2024/04/21,Total U.S.,Melons,202445052,155892857.2,-0.229949778,1.215650715,1.393506465,0.146304977,53189199.37,49141251,-0.076104706,4.626925674,4.420679162,-0.044575281,246102472.1,217237704.3,-0.117287598
Produce,Last 04 Wks,4.0,2023/04/23,2024/04/21,Total U.S.,Nectarines,1914180.28,1876432.304,-0.019720178,2.491103269,2.503970298,0.005165193,1475784.701,1426630.865,-0.033306915,3.231108676,3.293445326,0.01929265,4768420.753,4698530.755,-0.014656844
Produce,Last 04 Wks,4.0,2023/04/23,2024/04/21,Total U.S.,Oranges,90418715.89,95690732.66,0.058306698,1.387879092,1.415214528,0.019695834,33658940.15,35772148.37,0.06278297,3.728288673,3.78570819,0.015401038,125490245.3,135422915.1,0.079150931
Produce,Last 04 Wks,4.0,2023/04/23,2024/04/21,Total U.S.,Other,4511851.058,4761369.849,0.055302976,4.098164065,3.942273438,-0.038039138,3792344.093,3828586.346,0.009556689,4.875693085,4.90275527,0.005550428,18490305.87,18770621.88,0.015160161
Produce,Last 04 Wks,4.0,2023/04/23,2024/04/21,Total U.S.,Papaya,10172396.22,9128028.286,-0.102666855,1.326101727,1.349095756,0.017339567,4967558.93,4624588.398,-0.069042066,2.715545479,2.662849785,-0.019405196,13489632.19,12314584.22,-0.087107488
Produce,Last 04 Wks,4.0,2023/04/23,2024/04/21,Total U.S.,Peaches,762661.9559,882100.5454,0.156607509,2.619736099,2.968111456,0.132981088,593286.3362,675478.6348,0.138537319,3.367637067,3.876025975,0.150963093,1997973.057,2618172.734,0.310414435
Produce,Last 04 Wks,4.0,2023/04/23,2024/04/21,Total U.S.,Pears,20509303.18,19830449.34,-0.0330998,1.920899099,1.875826561,-0.023464292,11703438.88,11126648.49,-0.049283838,3.366215897,3.343188528,-0.006840728,39396302,37198483.58,-0.055787429
Produce,Last 04 Wks,4.0,2023/04/23,2024/04/21,Total U.S.,Pineapple,90932927.38,91331295.23,0.004380898,1.056646374,1.083329748,0.02525289,32470334.43,32337295.81,-0.004097236,2.959130224,3.059684077,0.033980881,96083947.99,98941909.08,0.029744418
Produce,Last 04 Wks,4.0,2023/04/23,2024/04/21,Total U.S.,Plums,6259895.34,5247190.498,-0.161776641,2.676285045,2.545655991,-0.048809843,4632549.93,3905020.923,-0.157047203,3.616423899,3.420607006,-0.054146554,16753264.28,13357541.93,-0.202690192
Produce,Last 04 Wks,4.0,2023/04/23,2024/04/21,Total U.S.,Pomegranates,561767.1367,459845.2812,-0.18143079,9.660269446,11.00436118,0.13913605,1170746.335,1054755.119,-0.099074592,4.635352462,4.79760986,0.035004328,5426821.907,5060303.56,-0.067538304
Produce,Last 04 Wks,4.0,2023/04/23,2024/04/21,Total U.S.,Tangelos,1391733.929,1435696.153,0.031588096,1.782177854,1.841907745,0.033515112,1067232.374,1130433.665,0.059219804,2.324064982,2.339296807,0.006553958,2480317.388,2644419.864,0.066161886
Produce,Last 04 Wks,4.0,2023/04/23,2024/04/21,Total U.S.,Tangerines,122062335.4,139135385.9,0.13987157,1.543576013,1.608342116,0.04195848,39364243.8,45673861.05,0.160288034,4.786386699,4.899460999,0.023624146,188412492.9,223777300.9,0.187698849
Produce,Last 04 Wks,4.0,2023/04/23,2024/04/21,Total U.S.,Variety,18352366.64,18056292.61,-0.016132744,4.793829533,4.903824221,0.022945056,14987305.7,14471193.57,-0.034436619,5.870175663,6.118699511,0.042336697,87978117.19,88544885.05,0.006442146
Produce,Last 04 Wks,5.0,2023/05/21,2024/05/19,Total U.S.,Total Store with Perimeter, , , , , , ,18355692359,18450937268,0.00519,4.52022,4.54995,0.00658,82971732020,83950914429,0.0118
Produce,Last 04 Wks,5.0,2023/05/21,2024/05/19,Total U.S.,Produce Department,3449200386,3567322357,0.03425,1.85861,1.86735,0.0047,2465378559,2559909847,0.03834,2.6003,2.60221,0.00073,6410730562,6661427649,0.03911
Produce,Last 04 Wks,5.0,2023/05/21,2024/05/19,Total U.S.,Vegetable Aisle,1488316180,1535634303,0.03179,2.05683,2.04076,-0.00781,1301901603,1342365537,0.03108,2.35134,2.33458,-0.00713,3061215492,3133858407,0.02373
Produce,Last 04 Wks,5.0,2023/05/21,2024/05/19,Total U.S.,Fruit Aisle,1929238544,1999154117,0.03624,1.68019,1.70703,0.01597,1105276272,1155880075,0.04578,2.93274,2.9524,0.0067,3241493260,3412622431,0.05279
Produce,Last 04 Wks,5.0,2023/05/21,2024/05/19,Total U.S.,Blackberries,13181556.38,14463037.19,0.09722,6.72205,6.53703,-0.02752,28228227.71,31934335.5,0.13129,3.13895,2.96062,-0.05681,88607079.4,94545336.45,0.06702
Produce,Last 04 Wks,5.0,2023/05/21,2024/05/19,Total U.S.,Blueberries,54344059.12,55146770.03,0.01477,4.76244,4.91155,0.03131,67194297.24,67679981.52,0.00723,3.85167,4.00202,0.03903,258810531.5,270856330.6,0.04654
Produce,Last 04 Wks,5.0,2023/05/21,2024/05/19,Total U.S.,Raspberries,13897634.43,15361028.5,0.1053,8.59539,7.48752,-0.12889,30577404.87,31577965.89,0.03272,3.90666,3.64229,-0.06767,119455608,115016036.6,-0.03717
Produce,Last 04 Wks,5.0,2023/05/21,2024/05/19,Total U.S.,Strawberries,126963297.6,151850903.8,0.19602,3.32798,2.76354,-0.1696,107955185.8,128908484,0.19409,3.91395,3.25538,-0.16826,422531037,419646097.4,-0.00683
Produce,Last 04 Wks,5.0,2023/05/21,2024/05/19,Total U.S.,Apples,177920468.9,195284278.2,0.09759,2.00069,1.73347,-0.13356,83799305.72,90518461.4,0.08018,4.2478,3.73977,-0.1196,355962991.9,338518650.8,-0.04901
Produce,Last 04 Wks,5.0,2023/05/21,2024/05/19,Total U.S.,Apricots,352447.3887,353890.7117,0.0041,3.70204,3.82009,0.03189,349032.6114,343215.3723,-0.01667,3.73826,3.93891,0.05368,1304774.489,1351895.604,0.03611
Produce,Last 04 Wks,5.0,2023/05/21,2024/05/19,Total U.S.,Avocados,98739417.82,98980625.89,0.00244,2.15164,2.55039,0.18533,123010800.6,118791468.5,-0.0343,1.7271,2.12507,0.23043,212451737.9,252439623,0.18822
Produce,Last 04 Wks,5.0,2023/05/21,2024/05/19,Total U.S.,Bananas,479353249.9,480591156.8,0.00258,0.59856,0.61058,0.02009,258863484.1,262129366.7,0.01262,1.10838,1.11944,0.00998,286920381.8,293439071.8,0.02272
Produce,Last 04 Wks,5.0,2023/05/21,2024/05/19,Total U.S.,Cherries,2615483.207,8812389.874,2.36932,5.74904,5.12539,-0.10848,2058534.386,6752822.921,2.2804,7.30448,6.6886,-0.08432,15036529.61,45166951.23,2.00381
Produce,Last 04 Wks,5.0,2023/05/21,2024/05/19,Total U.S.,Coconuts,879209.8276,926277.1434,0.05353,2.36631,2.4066,0.01703,709321.4514,747677.4508,0.05407,2.93306,2.98147,0.0165,2080482.18,2229175.097,0.07147
Produce,Last 04 Wks,5.0,2023/05/21,2024/05/19,Total U.S.,Dates,3284.36484,3378.21062,0.02857,8.86037,8.9304,0.0079,4655.13121,4679.63973,0.00526,6.25131,6.44681,0.03127,29100.68142,30168.7682,0.0367
Produce,Last 04 Wks,5.0,2023/05/21,2024/05/19,Total U.S.,Grapefruit,9256553.994,9274468.982,0.00194,1.4681,1.45044,-0.01203,4131721.015,4061776.262,-0.01693,3.28908,3.31186,0.00692,13589575.96,13452015.07,-0.01012
Produce,Last 04 Wks,5.0,2023/05/21,2024/05/19,Total U.S.,Grapes,126309596.4,136425609.9,0.08009,2.41356,2.70833,0.12213,64708664.25,72442366.85,0.11952,4.7112,5.10041,0.08261,304855354.4,369485941.9,0.212
Produce,Last 04 Wks,5.0,2023/05/21,2024/05/19,Total U.S.,Kiwi,6479373.852,7185586.057,0.10899,2.83622,3.06403,0.08032,5307133.35,5826878.401,0.09793,3.46268,3.77849,0.0912,18376921.87,22016830.51,0.19807
Produce,Last 04 Wks,5.0,2023/05/21,2024/05/19,Total U.S.,Lemons,38326430.04,39803201.72,0.03853,1.99979,1.93087,-0.03447,41006715.72,41919878.46,0.02227,1.86908,1.83337,-0.01911,76644860.69,76854655.35,0.00274
Produce,Last 04 Wks,5.0,2023/05/21,2024/05/19,Total U.S.,Limes,32930550.98,36926297.07,0.12134,2.31584,1.82316,-0.21274,42016734.63,45720197.13,0.08814,1.81503,1.47249,-0.18873,76261746.18,67322506.86,-0.11722
Produce,Last 04 Wks,5.0,2023/05/21,2024/05/19,Total U.S.,Mangoes,36297769.34,32860762.08,-0.09469,1.5669,1.71382,0.09377,33817030.68,31102493.55,-0.08027,1.68184,1.81071,0.07662,56874950.89,56317477.68,-0.0098
Produce,Last 04 Wks,5.0,2023/05/21,2024/05/19,Total U.S.,Melons,375832215.9,356757705.1,-0.05075,0.90638,0.91472,0.0092,71053393.58,66030306.33,-0.07069,4.79424,4.94219,0.03086,340647119.8,326334292.6,-0.04202
Produce,Last 04 Wks,5.0,2023/05/21,2024/05/19,Total U.S.,Nectarines,345247.0085,1139346.88,2.30009,3.70179,3.91501,0.0576,313502.8113,986479.7734,2.14664,4.07662,4.52169,0.10918,1278031.712,4460552.713,2.49017
Produce,Last 04 Wks,5.0,2023/05/21,2024/05/19,Total U.S.,Oranges,84498602.51,90579680.6,0.07197,1.40287,1.38603,-0.012,31920376.65,32845273.04,0.02898,3.71364,3.82236,0.02927,118540882.5,125546434.7,0.0591
Produce,Last 04 Wks,5.0,2023/05/21,2024/05/19,Total U.S.,Other,4040107.488,3317060.782,-0.17897,4.12865,4.5034,0.09077,3575554.188,3113260.172,-0.12929,4.66507,4.7982,0.02854,16680194.3,14938056.37,-0.10444
Produce,Last 04 Wks,5.0,2023/05/21,2024/05/19,Total U.S.,Papaya,10518363.86,9851360.956,-0.06341,1.29203,1.3345,0.03287,5155791.39,4958264.67,-0.03831,2.63589,2.65146,0.00591,13590091.67,13146634.75,-0.03263
Produce,Last 04 Wks,5.0,2023/05/21,2024/05/19,Total U.S.,Peaches,2110148.54,3827347.235,0.81378,3.37291,3.67268,0.08888,1668641.59,2952358.048,0.76932,4.26535,4.76115,0.11624,7117339.126,14056626.66,0.97498
Produce,Last 04 Wks,5.0,2023/05/21,2024/05/19,Total U.S.,Pears,20531904.25,18916657.42,-0.07867,1.88059,1.85256,-0.01491,11497449.78,10476057.56,-0.08884,3.35833,3.34517,-0.00392,38612175.62,35044232.8,-0.0924
Produce,Last 04 Wks,5.0,2023/05/21,2024/05/19,Total U.S.,Pineapple,76132068.85,73322113.44,-0.03691,1.22605,1.29913,0.05961,28689529.2,28808198.89,0.00414,3.25352,3.30653,0.01629,93341983.92,95255142.27,0.0205
Produce,Last 04 Wks,5.0,2023/05/21,2024/05/19,Total U.S.,Plums,4227963.285,6463226.642,0.52869,2.58952,2.76309,0.06703,2779519.903,4641098.286,0.66975,3.93895,3.84789,-0.02312,10948386.85,17858448.55,0.63115
Produce,Last 04 Wks,5.0,2023/05/21,2024/05/19,Total U.S.,Pomegranates,607002.0839,557065.9788,-0.08227,8.52602,8.84484,0.03739,1187492.553,1080334.242,-0.09024,4.35819,4.56077,0.04648,5175314.416,4927160.438,-0.04795
Produce,Last 04 Wks,5.0,2023/05/21,2024/05/19,Total U.S.,Tangelos,1124765.525,288913.1827,-0.74313,1.80409,2.14217,0.18739,832580.6425,249330.4228,-0.70053,2.43722,2.48226,0.01848,2029183.485,618901.9405,-0.695
Produce,Last 04 Wks,5.0,2023/05/21,2024/05/19,Total U.S.,Tangerines,109293235.8,127475951.1,0.16637,1.58066,1.62036,0.02512,34336338.32,40737537.34,0.18643,5.03126,5.07045,0.00779,172755191.6,206557554.3,0.19567
Produce,Last 04 Wks,5.0,2023/05/21,2024/05/19,Total U.S.,Variety,18404824.8,18392840.6,-0.00065,4.84952,4.9686,0.02455,14932846.47,14747149.85,-0.01244,5.97707,6.1969,0.03678,89254654.55,91386650.07,0.02389
Produce,Last 04 Wks,5.0,2023/05/21,2024/05/19,Total U.S.,Rhubarb,595620,739660,0.24183,0.23703,0.23692,-0.00047,29781,36983,0.24183,4.74054,4.7383,-0.00047,141178.15,175236.61,0.24124
Produce,Last 04 Wks,6.0,2023/06/18,2024/06/16,Total U.S.,Total Store with Perimeter, , , , , , ,18746479441,18902767479,0.008336927,4.48835756,4.524798054,0.008118893,84140902723,85531205509,0.016523507
Produce,Last 04 Wks,6.0,2023/06/18,2024/06/16,Total U.S.,Produce Department,3841993929,4027417525,0.048262334,1.770864265,1.741978686,-0.016311572,2595093521,2682994487,0.033871984,2.621735865,2.61486765,-0.00261972,6803649758,7015675489,0.031163528
Produce,Last 04 Wks,6.0,2023/06/18,2024/06/16,Total U.S.,Vegetable Aisle,1557643347,1593000320,0.022699017,2.010804651,1.994263143,-0.008226313,1368833308,1396029471,0.019868133,2.288165013,2.275640944,-0.005473411,3132116485,3176861825,0.014285976
Produce,Last 04 Wks,6.0,2023/06/18,2024/06/16,Total U.S.,Fruit Aisle,2252483183,2400656947,0.065782406,1.581059926,1.550619715,-0.019253041,1168186234,1225094414,0.048714989,3.048581459,3.038546211,-0.003291776,3561310894,3722505991,0.045262854
Produce,Last 04 Wks,6.0,2023/06/18,2024/06/16,Total U.S.,Blackberries,11357490.4,12792199.54,0.126322726,6.986737398,6.411332259,-0.082356772,24538379.75,27795269.35,0.132726351,3.23378331,2.950683462,-0.087544471,79351802.9,82015041.58,0.033562422
Produce,Last 04 Wks,6.0,2023/06/18,2024/06/16,Total U.S.,Blueberries,49857711.01,56488118.93,0.132986609,4.751766144,4.429840144,-0.067748704,61366814.52,67617519.09,0.101858058,3.860591185,3.700717511,-0.041411708,236912183.2,250233336.9,0.056228234
Produce,Last 04 Wks,6.0,2023/06/18,2024/06/16,Total U.S.,Raspberries,12469360.87,15525557.78,0.245096516,8.744188181,6.961838442,-0.2038325,26652015.62,31369408.26,0.17699947,4.091039099,3.445599741,-0.157769051,109034438,108086425,-0.00869462
Produce,Last 04 Wks,6.0,2023/06/18,2024/06/16,Total U.S.,Strawberries,152478613.2,155633366.1,0.020689806,2.746091511,2.457086245,-0.105242402,125293900.4,127704340.4,0.019238287,3.341904306,2.99445267,-0.103968158,418720225.2,382404603,-0.086730041
Produce,Last 04 Wks,6.0,2023/06/18,2024/06/16,Total U.S.,Apples,162338529.4,174465994.6,0.074704787,2.030446035,1.772704564,-0.126938351,76175551.05,80718278.19,0.059634976,4.327105203,3.831556765,-0.11452193,329619623.3,309276664.9,-0.061716466
Produce,Last 04 Wks,6.0,2023/06/18,2024/06/16,Total U.S.,Apricots,2583398.204,2564704.859,-0.007235952,3.761883267,3.794297693,0.008616542,2474642.626,2422869.97,-0.020921266,3.927210489,4.016416007,0.022714728,9718442.476,9731253.73,0.001318242
Produce,Last 04 Wks,6.0,2023/06/18,2024/06/16,Total U.S.,Avocados,93186984.36,90397636.51,-0.029932805,2.22233214,2.710819166,0.219808289,115331275,106232605.2,-0.078891608,1.795631153,2.306746079,0.284643606,207092430.4,245051645.6,0.183296005
Produce,Last 04 Wks,6.0,2023/06/18,2024/06/16,Total U.S.,Bananas,480199370.7,476481868.7,-0.00774158,0.59880498,0.609538838,0.017925465,260726392.9,259709593.8,-0.00389987,1.102864085,1.118303719,0.01399958,287545774.8,290434204.7,0.010045113
Produce,Last 04 Wks,6.0,2023/06/18,2024/06/16,Total U.S.,Cherries,60793296.15,71204858.48,0.171261685,4.462725508,3.975127662,-0.109260103,45765216.01,53118625.95,0.160676833,5.928165912,5.328609269,-0.101136954,271303793.5,283048402.6,0.043289513
Produce,Last 04 Wks,6.0,2023/06/18,2024/06/16,Total U.S.,Coconuts,911922.9453,950610.0675,0.042423675,2.308554321,2.410359456,0.044099086,735104.9897,770235.1986,0.047789376,2.863840792,2.974821158,0.038752282,2105223.656,2291311.965,0.088393605
Produce,Last 04 Wks,6.0,2023/06/18,2024/06/16,Total U.S.,Dates,3040.61151,2765.998874,-0.090314937,8.605108311,8.789548915,0.02143385,4129.526163,3698.941997,-0.10426963,6.336027512,6.572658459,0.037346894,26164.79138,24311.8824,-0.070816883
Produce,Last 04 Wks,6.0,2023/06/18,2024/06/16,Total U.S.,Grapefruit,8334471.484,8099029.798,-0.028249144,1.483418006,1.456813719,-0.017934451,3867683.074,3679176.966,-0.048738768,3.196617933,3.206906824,0.00321868,12363505.07,11798777.72,-0.045676962
Produce,Last 04 Wks,6.0,2023/06/18,2024/06/16,Total U.S.,Grapes,111373917.1,138669576.5,0.245081255,2.569350994,2.523304256,-0.017921544,57329428.88,75399866.21,0.315203512,4.991479771,4.640665164,-0.070282686,286158684.6,349905532.5,0.222767476
Produce,Last 04 Wks,6.0,2023/06/18,2024/06/16,Total U.S.,Kiwi,8016103.686,7342452.363,-0.084037252,3.27866983,3.513675489,0.071677135,6233200.399,5833191.936,-0.064173849,4.216478796,4.422792046,0.048930224,26282157.31,25798994.9,-0.018383666
Produce,Last 04 Wks,6.0,2023/06/18,2024/06/16,Total U.S.,Lemons,39604634.7,39875004.62,0.006826724,1.972594809,1.962548192,-0.005093097,42102405.23,41269588.74,-0.019780734,1.855568497,1.89622966,0.021913049,78123896.81,78256618.24,0.001698858
Produce,Last 04 Wks,6.0,2023/06/18,2024/06/16,Total U.S.,Limes,35270603.73,39102761.96,0.108650202,2.019429339,1.78637071,-0.115408162,44957217.06,47042397.96,0.04638145,1.584317194,1.484873894,-0.062767292,71226491.98,69852028.64,-0.01929708
Produce,Last 04 Wks,6.0,2023/06/18,2024/06/16,Total U.S.,Mangoes,33691700.91,33688302.08,-0.00010088,1.640713941,1.693858575,0.032391164,30982324.57,31406619.38,0.013694738,1.784192895,1.816916958,0.018341102,55278443.37,57063219.35,0.032287016
Produce,Last 04 Wks,6.0,2023/06/18,2024/06/16,Total U.S.,Melons,668641137.9,728543922.7,0.089588841,0.703888052,0.671183068,-0.046463331,98822999.7,104990706.3,0.062411652,4.762540191,4.657425049,-0.022071235,470648507.9,488986345.6,0.038962915
Produce,Last 04 Wks,6.0,2023/06/18,2024/06/16,Total U.S.,Nectarines,10858196.5,14449501.49,0.330745994,2.683210721,2.911797748,0.085191605,7978968.874,10372958.52,0.300037472,3.651452927,4.056125918,0.110825197,29134829.25,42074025.91,0.444114381
Produce,Last 04 Wks,6.0,2023/06/18,2024/06/16,Total U.S.,Oranges,67969909.91,71159308.18,0.046923679,1.439826441,1.424719995,-0.010491852,26101532.34,26528387.24,0.016353634,3.749391884,3.821645406,0.019270731,97864873.51,101382089.2,0.035939511
Produce,Last 04 Wks,6.0,2023/06/18,2024/06/16,Total U.S.,Other,3279808.628,3546429.485,0.08129159,4.298679264,4.232729481,-0.015341871,3356291.248,3316245.205,-0.011931635,4.200721659,4.526527957,0.077559601,14098845.34,15011076.63,0.064702553
Produce,Last 04 Wks,6.0,2023/06/18,2024/06/16,Total U.S.,Papaya,9633372.703,9502409.158,-0.013594776,1.30104103,1.296263105,-0.003672386,4854199.622,4824184.595,-0.006183311,2.581973162,2.553306608,-0.011102577,12533413.15,12317622.4,-0.017217237
Produce,Last 04 Wks,6.0,2023/06/18,2024/06/16,Total U.S.,Peaches,21834624.67,30699466.36,0.40599927,2.730042713,2.453927974,-0.101139348,15051392.68,20631261.14,0.370721073,3.960394843,3.651462641,-0.078005405,59609457.97,75334279.27,0.263797421
Produce,Last 04 Wks,6.0,2023/06/18,2024/06/16,Total U.S.,Pears,16947187.58,14519686.21,-0.143239187,1.897632463,1.920078311,0.011828343,9348267.508,8109299.512,-0.132534504,3.440159717,3.437896766,-0.000657804,32159533.31,27878934.57,-0.133105126
Produce,Last 04 Wks,6.0,2023/06/18,2024/06/16,Total U.S.,Pineapple,81220263.91,78202473.36,-0.037155636,1.237595535,1.290244974,0.042541716,30588395.53,30294725.45,-0.009600702,3.286142808,3.330624281,0.013536074,100517836,100900348.2,0.003805416
Produce,Last 04 Wks,6.0,2023/06/18,2024/06/16,Total U.S.,Plums,1965995.512,5589458.148,1.843067604,2.804510804,2.894160582,0.03196628,1486959.267,4170164.106,1.804491151,3.70800719,3.879173346,0.046161225,5513655.654,16176789.45,1.933949899
Produce,Last 04 Wks,6.0,2023/06/18,2024/06/16,Total U.S.,Pomegranates,616517.8989,441525.479,-0.283839967,7.372564936,8.656817336,0.174193433,1112919.737,827954.199,-0.256052192,4.084138409,4.616445481,0.130335218,4545318.244,3822205.421,-0.159089592
Produce,Last 04 Wks,6.0,2023/06/18,2024/06/16,Total U.S.,Tangelos,235508.2804,24752.02142,-0.89489957,1.909013929,3.757653741,0.968374187,159698.4884,21391.98797,-0.866047649,2.815233833,4.347867341,0.544407179,449588.5876,93009.52588,-0.793123027
Produce,Last 04 Wks,6.0,2023/06/18,2024/06/16,Total U.S.,Tangerines,83865447.33,97868980.09,0.166976189,1.67017737,1.721700014,0.030848606,26410137.06,30670984.47,0.161333786,5.30365185,5.493825104,0.03585704,140070172.3,168501024.4,0.202975778
Produce,Last 04 Wks,6.0,2023/06/18,2024/06/16,Total U.S.,Variety,18935606.5,18871573.21,-0.003381634,4.882781457,4.94307719,0.012348645,15026811.94,14808140.25,-0.014552101,6.152897145,6.299484031,0.023824043,92458428.29,93283643.07,0.008925252
Produce,Last 04 Wks,6.0,2023/06/18,2024/06/16,Total U.S.,Rhubarb,1080900,1020380,-0.055990378,0.236882653,0.236950019,0.000284382,54045,51019,-0.055990378,4.737653067,4.739000372,0.000284382,256046.46,241779.06,-0.055721919
Produce,Last 04 Wks,7.0,2023/07/16,2024/07/14,Total U.S.,Total Store with Perimeter, , , , , , ,18841283779,19079530691,0.01264494,4.464838075,4.502765295,0.008494646,84123281193,85910648630,0.021247001
Produce,Last 04 Wks,7.0,2023/07/16,2024/07/14,Total U.S.,Produce Department,3997500705,4209903466,0.05313389,1.718988448,1.678995996,-0.023265108,2633124712,2721003391,0.033374294,2.609696951,2.597722254,-0.004588539,6871657533,7068411062,0.028632616
Produce,Last 04 Wks,7.0,2023/07/16,2024/07/14,Total U.S.,Vegetable Aisle,1558452430,1595851476,0.023997554,2.008218908,1.981576774,-0.013266549,1366246776,1404493732,0.027994179,2.290738168,2.251560222,-0.01710276,3129713637,3162302220,0.010412641
Produce,Last 04 Wks,7.0,2023/07/16,2024/07/14,Total U.S.,Fruit Aisle,2406735403,2579970921,0.071979461,1.508846179,1.468868452,-0.026495562,1207458689,1253370727,0.038023693,3.007468124,3.023557046,0.005349657,3631393517,3789637892,0.043576763
Produce,Last 04 Wks,7.0,2023/07/16,2024/07/14,Total U.S.,Blackberries,9840097.667,11298812.07,0.148241862,7.052506261,6.459193035,-0.084127997,21438054.6,24862605.26,0.15974167,3.237110442,2.935380563,-0.093209634,69397350.4,72981208.21,0.051642574
Produce,Last 04 Wks,7.0,2023/07/16,2024/07/14,Total U.S.,Blueberries,50763348.14,53933858.2,0.062456677,4.514611697,4.272309017,-0.053670769,60692094.77,63128908.31,0.040150427,3.776056934,3.65002524,-0.033376534,229176805.3,230422108.7,0.005433811
Produce,Last 04 Wks,7.0,2023/07/16,2024/07/14,Total U.S.,Raspberries,11865877.33,12353273.11,0.04107541,8.257983287,8.025570074,-0.028144064,24091968.13,24996411.35,0.037541276,4.067256612,3.966251698,-0.024833671,97988216.64,99142058.95,0.011775317
Produce,Last 04 Wks,7.0,2023/07/16,2024/07/14,Total U.S.,Strawberries,137415442.2,139950397.8,0.018447386,2.625160409,2.507154928,-0.044951722,111584664.1,114044058.2,0.02204061,3.232859831,3.076682251,-0.048309419,360737578.4,350877329.6,-0.027333578
Produce,Last 04 Wks,7.0,2023/07/16,2024/07/14,Total U.S.,Apples,147042534.1,161298981.4,0.096954581,2.049553088,1.792274391,-0.12552917,69136719.97,74769740.61,0.081476539,4.359065341,3.866430875,-0.113013783,301371479.8,289092033.6,-0.040745216
Produce,Last 04 Wks,7.0,2023/07/16,2024/07/14,Total U.S.,Apricots,2128453.781,2234060.012,0.049616408,3.842154442,3.734469232,-0.028027299,2209413.119,2123677.159,-0.038804857,3.701366701,3.928576593,0.061385404,8177848.147,8343028.377,0.020198496
Produce,Last 04 Wks,7.0,2023/07/16,2024/07/14,Total U.S.,Avocados,87698272.13,88834775.23,0.012959242,2.385721202,2.733141917,0.145625027,109633755.3,107304883,-0.021242293,1.908386943,2.262693374,0.185657543,209223627.2,242798047.9,0.160471459
Produce,Last 04 Wks,7.0,2023/07/16,2024/07/14,Total U.S.,Bananas,462265832.8,460145954.3,-0.004585843,0.59806296,0.604597271,0.010925791,252283585.4,250965498,-0.005224626,1.095846454,1.108530815,0.011574945,276464072.3,278202988.2,0.006289844
Produce,Last 04 Wks,7.0,2023/07/16,2024/07/14,Total U.S.,Cherries,89189153.82,104737619.8,0.174331355,3.355155041,3.297990289,-0.017037887,64484715.5,76353665.2,0.18405834,4.640532826,4.523995701,-0.025112876,299243439.1,345423653.1,0.15432323
Produce,Last 04 Wks,7.0,2023/07/16,2024/07/14,Total U.S.,Coconuts,909024.6331,927169.5233,0.019960834,2.357746654,2.402405797,0.018941451,731866.4325,758112.3289,0.035861593,2.928471223,2.938136412,0.003300421,2143249.787,2227437.438,0.039280373
Produce,Last 04 Wks,7.0,2023/07/16,2024/07/14,Total U.S.,Dates,2337.636834,2512.022442,0.074599102,8.69440254,8.427852607,-0.030657648,3298.819005,3429.745231,0.039688818,6.161100561,6.172748546,0.001890569,20324.35563,21170.95489,0.041654421
Produce,Last 04 Wks,7.0,2023/07/16,2024/07/14,Total U.S.,Grapefruit,8465888.761,7966526.19,-0.058985251,1.474384233,1.506037724,0.021468957,3915236.6,3674963,-0.061368858,3.188050731,3.264764563,0.024062927,12481972.91,11997888.97,-0.038782646
Produce,Last 04 Wks,7.0,2023/07/16,2024/07/14,Total U.S.,Grapes,130450363,155619854.7,0.192943056,2.326588102,2.091851711,-0.100892973,72618311,82247466.27,0.132599549,4.179445351,3.957977966,-0.052989659,303504262.3,325533659.2,0.072583485
Produce,Last 04 Wks,7.0,2023/07/16,2024/07/14,Total U.S.,Kiwi,8003251.918,7383895.233,-0.077388128,3.285636514,3.704563648,0.127502581,6067924.294,5990283.743,-0.012795241,4.333570338,4.566413051,0.053729995,26295776.73,27354109.86,0.040247266
Produce,Last 04 Wks,7.0,2023/07/16,2024/07/14,Total U.S.,Lemons,38203953.57,38137922.52,-0.001728382,2.022889893,2.037182534,0.007065456,41117892.47,39818972.73,-0.031590134,1.879531924,1.951178152,0.038119187,77282391.56,77693909.64,0.005324862
Produce,Last 04 Wks,7.0,2023/07/16,2024/07/14,Total U.S.,Limes,37590919.17,42254004.35,0.124048182,1.892568014,1.761767288,-0.069112827,47582081.59,49057480.68,0.031007452,1.495171478,1.51743876,0.014892795,71143371.25,74441722.65,0.046362034
Produce,Last 04 Wks,7.0,2023/07/16,2024/07/14,Total U.S.,Mangoes,35732958.13,34283706.34,-0.040557845,1.559857634,1.629873964,0.04488636,33529801.4,32065876.74,-0.043660404,1.662351854,1.742603853,0.048276181,55738327.52,55878120.37,0.00250802
Produce,Last 04 Wks,7.0,2023/07/16,2024/07/14,Total U.S.,Melons,809738213.2,908665482.3,0.122171916,0.667422104,0.630350894,-0.055543874,115744501.1,125462768.9,0.083963105,4.669225551,4.565323281,-0.02225257,540437181.9,572778099.5,0.05984214
Produce,Last 04 Wks,7.0,2023/07/16,2024/07/14,Total U.S.,Nectarines,29655834.84,26638937.47,-0.101730313,2.4779138,2.608475515,0.052690176,20200853.01,18467460.25,-0.085807899,3.637697992,3.762673111,0.034355551,73484602.41,69487016.13,-0.054400325
Produce,Last 04 Wks,7.0,2023/07/16,2024/07/14,Total U.S.,Oranges,53187386.12,54411415.59,0.023013529,1.462158591,1.475417611,0.009068113,21055022.42,20902078.55,-0.007264009,3.693579232,3.840745339,0.039843766,77768393.53,80279560.78,0.032290332
Produce,Last 04 Wks,7.0,2023/07/16,2024/07/14,Total U.S.,Other,3554135.734,4046748.129,0.138602584,4.557208418,4.004375596,-0.121309532,3822192.841,4216343.204,0.103121527,4.237603375,3.843306551,-0.093047128,16196937.28,16204699.45,0.000479237
Produce,Last 04 Wks,7.0,2023/07/16,2024/07/14,Total U.S.,Papaya,8802535.924,8410160.558,-0.044575264,1.297440324,1.384772495,0.067311128,4365196.311,4331238.026,-0.007779326,2.616323355,2.688875316,0.027730503,11420765.06,11646159.02,0.019735452
Produce,Last 04 Wks,7.0,2023/07/16,2024/07/14,Total U.S.,Peaches,46581308.6,51699561.75,0.109877831,2.510351259,2.267949098,-0.096561053,30441598.85,33202339.11,0.090689726,3.84130437,3.531437169,-0.080667182,116935446.7,117251974.4,0.002706859
Produce,Last 04 Wks,7.0,2023/07/16,2024/07/14,Total U.S.,Pears,13127029.5,11203914.69,-0.14650038,1.956959303,2.011555297,0.02789838,7182558.575,6292547.402,-0.123912832,3.57658935,3.58158509,0.001396789,25689062.51,22537293.95,-0.122689123
Produce,Last 04 Wks,7.0,2023/07/16,2024/07/14,Total U.S.,Pineapple,80858577.77,77650523.7,-0.039674876,1.239908785,1.317494324,0.062573586,30895841.28,30728186.48,-0.005426452,3.245008286,3.329325155,0.025983561,100257261,102304124.2,0.02041611
Produce,Last 04 Wks,7.0,2023/07/16,2024/07/14,Total U.S.,Plums,15568251.95,17872573.39,0.148014141,2.903736491,2.973362213,0.023977975,12696921.38,14380603.95,0.132605576,3.560398614,3.695368745,0.037908714,45206101.28,53141634.37,0.175541196
Produce,Last 04 Wks,7.0,2023/07/16,2024/07/14,Total U.S.,Pomegranates,488512.6113,252512.7579,-0.483098794,7.761183079,11.41800721,0.47116839,923794.3858,639018.9895,-0.308267078,4.104198803,4.511904245,0.099338619,3791435.812,2883192.491,-0.239551285
Produce,Last 04 Wks,7.0,2023/07/16,2024/07/14,Total U.S.,Tangelos,25270.8724,20785.8345,-0.177478554,3.15231849,4.047055319,0.283834527,18955.40247,16277.72437,-0.141262002,4.202592819,5.167885889,0.229689887,79661.83833,84121.42206,0.055981431
Produce,Last 04 Wks,7.0,2023/07/16,2024/07/14,Total U.S.,Tangerines,64888978.44,74755148.88,0.152046937,1.670724144,1.762310191,0.054818174,20833777.33,24012652.43,0.152582753,5.203645082,5.486347714,0.054327808,108411583,131741760.7,0.215200047
Produce,Last 04 Wks,7.0,2023/07/16,2024/07/14,Total U.S.,Variety,18813988.05,19553207.84,0.039290967,4.854856603,4.896597792,0.008597821,14957422.05,15220864.52,0.017612826,6.106614749,6.290325638,0.030083917,91339214.09,95744194.33,0.048226605
Produce,Last 04 Wks,7.0,2023/07/16,2024/07/14,Total U.S.,Rhubarb,1045480,516820,-0.505662471,0.23695449,0.236949499,-2.11E-05,52274,25841,-0.505662471,4.739089796,4.738989977,-2.11E-05,247731.18,122460.24,-0.505672883
Produce,Last 04 Wks,8.0,2023/08/13,2024/08/11,Total U.S.,Total Store with Perimeter, , , , , , ,18536571096,18598779556,0.003355985,4.464228902,4.502504306,0.0085738,82751496430,83741085041,0.011958558
Produce,Last 04 Wks,8.0,2023/08/13,2024/08/11,Total U.S.,Produce Department,3724633057,3830225917,0.028349869,1.760097994,1.74388807,-0.009209671,2512951886,2554873783,0.016682332,2.608772261,2.614409106,0.002160727,6555719173,6679485283,0.018879105
Produce,Last 04 Wks,8.0,2023/08/13,2024/08/11,Total U.S.,Vegetable Aisle,1456892449,1496740175,0.02735118,2.050502155,2.016569003,-0.016548703,1283680523,1306784414,0.017998163,2.327184258,2.309699909,-0.007513092,2987361105,3018279844,0.01034985
Produce,Last 04 Wks,8.0,2023/08/13,2024/08/11,Total U.S.,Fruit Aisle,2235713945,2300121913,0.02880868,1.549086747,1.544119375,-0.003206645,1171374036,1185698575,0.012228835,2.956625925,2.995417963,0.013120374,3463314842,3551662810,0.025509656
Produce,Last 04 Wks,8.0,2023/08/13,2024/08/11,Total U.S.,Blackberries,8685130.59,7731105.522,-0.109845794,6.943955383,7.838135183,0.12877096,18183629.65,16412333.49,-0.097411583,3.31667332,3.692189793,0.11322082,60309159.31,60597450.2,0.004780217
Produce,Last 04 Wks,8.0,2023/08/13,2024/08/11,Total U.S.,Blueberries,54909964.38,55793341.44,0.016087737,4.138511211,4.095997066,-0.010272811,64884866.2,64948020.96,0.000973336,3.502288229,3.518650137,0.004671776,227245503.2,228529362.8,0.005649659
Produce,Last 04 Wks,8.0,2023/08/13,2024/08/11,Total U.S.,Raspberries,11004810.79,11767950.73,0.06934603,8.458756266,8.10890802,-0.041359301,21679473.17,23418641.92,0.08022191,4.293785716,4.074755078,-0.051011078,93087012.24,95425230.09,0.025118626
Produce,Last 04 Wks,8.0,2023/08/13,2024/08/11,Total U.S.,Strawberries,104810046.1,114378758.9,0.091295759,2.927826749,2.792913417,-0.046079684,87093741.04,94813599.48,0.088638499,3.523395056,3.369242092,-0.043751257,306865656.6,319449970.2,0.041009195
Produce,Last 04 Wks,8.0,2023/08/13,2024/08/11,Total U.S.,Apples,148836880.9,162528102.6,0.091988099,2.052099223,1.791344833,-0.127067145,70092100.94,75706558.56,0.080101146,4.357524507,3.845688965,-0.117460164,305428047.6,291143876.9,-0.046767711
Produce,Last 04 Wks,8.0,2023/08/13,2024/08/11,Total U.S.,Apricots,1652458.787,778365.9654,-0.528964975,3.453502733,3.717531791,0.076452541,1675084.576,665386.0494,-0.602774654,3.406855403,4.348753966,0.276471541,5706770.936,2893600.221,-0.492953151
Produce,Last 04 Wks,8.0,2023/08/13,2024/08/11,Total U.S.,Avocados,81172563.21,87413376.64,0.076883286,2.553401363,2.62747599,0.029010178,99142985.95,104008737.5,0.049078122,2.090577882,2.208242826,0.056283454,207266133.5,229676548.4,0.108123862
Produce,Last 04 Wks,8.0,2023/08/13,2024/08/11,Total U.S.,Bananas,452100129,456407797.5,0.009528129,0.597247201,0.590240655,-0.011731401,247803888.4,249874788.4,0.008357012,1.089633978,1.078101713,-0.010583614,270015536.8,269390437.4,-0.00231505
Produce,Last 04 Wks,8.0,2023/08/13,2024/08/11,Total U.S.,Cherries,93172064.99,78119838.29,-0.161553001,2.787334412,3.411726399,0.224010432,66706388.62,57369833.14,-0.139964937,3.893205859,4.64570838,0.193286086,259701703,266523514.6,0.026267874
Produce,Last 04 Wks,8.0,2023/08/13,2024/08/11,Total U.S.,Coconuts,892895.9766,880710.6725,-0.013646947,2.354806523,2.439690262,0.036047012,719876.7039,719533.2438,-0.00047711,2.920774153,2.986187601,0.022395928,2102597.27,2148661.251,0.021908133
Produce,Last 04 Wks,8.0,2023/08/13,2024/08/11,Total U.S.,Dates,2290.736327,2740.078963,0.19615642,8.45391156,8.407208094,-0.00552448,3227.545311,3719.748274,0.152500714,6.00012717,6.193003488,0.032145372,19365.68231,23036.41404,0.189548278
Produce,Last 04 Wks,8.0,2023/08/13,2024/08/11,Total U.S.,Grapefruit,9093381.221,8200331.713,-0.09820874,1.453009271,1.507892027,0.037771787,4192458.829,3762791.761,-0.102485698,3.151555627,3.286181004,0.042717119,13212767.22,12365214.81,-0.064146472
Produce,Last 04 Wks,8.0,2023/08/13,2024/08/11,Total U.S.,Grapes,139870567.2,163213072.7,0.166886472,2.052812135,2.112328322,0.028992515,77336940.13,86676894.98,0.120769646,3.712688881,3.977525915,0.071332945,287127997.7,344759596,0.200717446
Produce,Last 04 Wks,8.0,2023/08/13,2024/08/11,Total U.S.,Kiwi,8045302.599,8247035.488,0.025074618,3.352483399,3.612595897,0.077588005,6267982.704,6670202.297,0.064170501,4.303097931,4.466612142,0.037999184,26971743.4,29793206.57,0.104608112
Produce,Last 04 Wks,8.0,2023/08/13,2024/08/11,Total U.S.,Lemons,35551191.59,35638645.39,0.00245994,2.048012868,2.079474122,0.015361844,38254027.82,36947295.73,-0.034159333,1.903310632,2.005820436,0.053858683,72809297.87,74109640.83,0.017859573
Produce,Last 04 Wks,8.0,2023/08/13,2024/08/11,Total U.S.,Limes,35609438.72,37942051.1,0.065505452,1.904163097,1.788222838,-0.060887777,45195828.78,42416448.49,-0.06149639,1.500275157,1.599588007,0.066196424,67806179.12,67848842.3,0.000629193
Produce,Last 04 Wks,8.0,2023/08/13,2024/08/11,Total U.S.,Mangoes,34949701.82,34623247.3,-0.009340696,1.579953397,1.618699375,0.024523494,31945469.48,32873248.87,0.029042597,1.72853619,1.704870394,-0.013691236,55218900.11,56044628.75,0.014953732
Produce,Last 04 Wks,8.0,2023/08/13,2024/08/11,Total U.S.,Melons,668218169.4,691398468.7,0.034689717,0.723543075,0.702229006,-0.029457913,103992331.3,106842218.2,0.027404779,4.649233484,4.544271615,-0.022576166,483484628.7,485520059.3,0.004209918
Produce,Last 04 Wks,8.0,2023/08/13,2024/08/11,Total U.S.,Nectarines,36564224.68,29461007.35,-0.194266866,2.335842124,2.483067019,0.063028615,25051579.21,20127602.74,-0.196553536,3.409296298,3.634494213,0.066054076,85408256.25,73153655.68,-0.143482622
Produce,Last 04 Wks,8.0,2023/08/13,2024/08/11,Total U.S.,Oranges,45695119.78,43450440.45,-0.049122955,1.567664499,1.533473797,-0.021809961,19691273.4,17503807.1,-0.111088107,3.63788647,3.806606844,0.04637868,71634617.07,66630111.91,-0.069861547
Produce,Last 04 Wks,8.0,2023/08/13,2024/08/11,Total U.S.,Other,4016686.742,4136715.7,0.029882579,4.038738197,4.026127411,-0.003122457,5032461.776,5141156.145,0.021598648,3.223540863,3.239532899,0.004961016,16222346.17,16654944.47,0.026666815
Produce,Last 04 Wks,8.0,2023/08/13,2024/08/11,Total U.S.,Papaya,8380151.809,8666676.647,0.034190889,1.290604853,1.314345275,0.018394803,4126296.549,4344994.046,0.053000916,2.621106957,2.621638921,0.000202954,10815464.59,11391005.5,0.053214627
Produce,Last 04 Wks,8.0,2023/08/13,2024/08/11,Total U.S.,Peaches,63276792.07,63808985.83,0.008410568,2.330239329,2.186564277,-0.061656779,41131430.49,40847318.61,-0.006907416,3.58485148,3.415706433,-0.047183279,147450069.5,139522448.9,-0.05376478
Produce,Last 04 Wks,8.0,2023/08/13,2024/08/11,Total U.S.,Pears,10576660.98,10685189.13,0.010261097,1.993254093,2.000643462,0.003707189,5772958.189,6083623.711,0.053813922,3.651849209,3.513901383,-0.037774787,21081972.79,21377253.77,0.014006326
Produce,Last 04 Wks,8.0,2023/08/13,2024/08/11,Total U.S.,Pineapple,70858813.66,68798810.38,-0.029071941,1.273310922,1.36934723,0.075422512,27342452.26,28004391.15,0.0242092,3.299824774,3.364096006,0.019477165,90225301.33,94209460.42,0.044157892
Produce,Last 04 Wks,8.0,2023/08/13,2024/08/11,Total U.S.,Plums,24536554.21,23196372.49,-0.054619802,2.716497641,2.818650963,0.037604789,19577933.85,18690966.99,-0.045304416,3.40452124,3.498078922,0.027480422,66653491.65,65382477.66,-0.019068978
Produce,Last 04 Wks,8.0,2023/08/13,2024/08/11,Total U.S.,Pomegranates,377104.6941,171232.9363,-0.545927328,8.603462159,12.92389988,0.502174315,771843.6735,465360.5282,-0.3970793,4.203449581,4.755446992,0.131320098,3244405.966,2212997.324,-0.317903694
Produce,Last 04 Wks,8.0,2023/08/13,2024/08/11,Total U.S.,Tangelos,240511.5098,215846.3716,-0.102552839,1.976642434,2.154257602,0.089857004,158254.7284,150739.3104,-0.047489374,3.004050881,3.084720804,0.026853714,475405.2562,464988.6869,-0.021910926
Produce,Last 04 Wks,8.0,2023/08/13,2024/08/11,Total U.S.,Tangerines,61415122.99,71791760.98,0.168959004,1.647370724,1.671199879,0.014464962,20069672.79,23352620.62,0.163577546,5.041112364,5.137683868,0.019156785,101173475.6,119978382.2,0.185867951
Produce,Last 04 Wks,8.0,2023/08/13,2024/08/11,Total U.S.,Variety,17849192.89,17423732.39,-0.0238364,4.808797827,4.881055917,0.015026227,14481838.24,13768968.14,-0.049225111,5.92695199,6.176658352,0.042130654,85833159.97,85046212.07,-0.009168344
Produce,Last 04 Wks,8.0,2023/08/13,2024/08/11,Total U.S.,Rhubarb,666560,533200,-0.200072012,0.236799088,0.236866092,0.000282956,33328,26660,-0.200072012,4.735981757,4.73732183,0.000282956,157840.8,126297,-0.199845667
Produce,Last 04 Wks,9.0,2023/09/10,2024/09/08,Total U.S.,Total Store with Perimeter, , , , , , ,18710782064,18803521641,0.004956478,4.470634072,4.524399927,0.01202645,83649059818,85074651950,0.017042536
Produce,Last 04 Wks,9.0,2023/09/10,2024/09/08,Total U.S.,Produce Department,3627339346,3712814052,0.023564023,1.759758936,1.758395892,-0.000774563,2468411776,2520223459,0.020989886,2.585971631,2.590483377,0.001744701,6383242827,6528596977,0.022771208
Produce,Last 04 Wks,9.0,2023/09/10,2024/09/08,Total U.S.,Vegetable Aisle,1491313114,1544383870,0.035586595,2.003393439,1.976676719,-0.013335733,1292430132,1330555276,0.029498805,2.311681564,2.294341089,-0.007501239,2987686908,3052747641,0.021776289
Produce,Last 04 Wks,9.0,2023/09/10,2024/09/08,Total U.S.,Fruit Aisle,2103366887,2134005123,0.014566282,1.563503479,1.57634667,0.008214367,1117092417,1125604301,0.007619677,2.943911709,2.988556341,0.015165072,3288621446,3363931871,0.022900302
Produce,Last 04 Wks,9.0,2023/09/10,2024/09/08,Total U.S.,Blackberries,10122141.47,7952029.114,-0.214392613,6.575620128,8.278457093,0.258962186,21818697.04,16946701.73,-0.223294512,3.050565168,3.884563077,0.273391278,66559357.19,65830531.82,-0.010950006
Produce,Last 04 Wks,9.0,2023/09/10,2024/09/08,Total U.S.,Blueberries,45537051.38,44646440.88,-0.019557931,4.666970008,4.978855479,0.066828257,55528865.38,53937088.67,-0.028665752,3.82719963,4.121249075,0.076831489,212520053,222288176.8,0.045963304
Produce,Last 04 Wks,9.0,2023/09/10,2024/09/08,Total U.S.,Raspberries,12326395.69,12103616.41,-0.018073352,8.106982049,8.180461359,0.009063707,25680668.43,25140162.13,-0.021047205,3.891248737,3.938445816,0.012129032,99929868.61,99013166.34,-0.009173456
Produce,Last 04 Wks,9.0,2023/09/10,2024/09/08,Total U.S.,Strawberries,90063512.9,103721922.2,0.151653082,3.374043135,3.102041194,-0.080616024,76823821.49,87133687.98,0.134201427,3.955520196,3.692597926,-0.066469707,303878177.5,321749675.5,0.05881139
Produce,Last 04 Wks,9.0,2023/09/10,2024/09/08,Total U.S.,Apples,158445980.1,172759644,0.090337816,2.055448156,1.784934103,-0.131608308,75250182.55,81158681.57,0.078518069,4.327929669,3.799526731,-0.122091387,325677497.6,308364580.1,-0.053159698
Produce,Last 04 Wks,9.0,2023/09/10,2024/09/08,Total U.S.,Apricots,519639.8099,500743.1102,-0.036364996,3.251528342,3.011776104,-0.073735245,427958.0263,305158.5388,-0.286942831,3.948105809,4.942106944,0.25176659,1689623.57,1508126.134,-0.107418859
Produce,Last 04 Wks,9.0,2023/09/10,2024/09/08,Total U.S.,Avocados,83954050.82,85174265.93,0.014534321,2.397788799,2.770195949,0.15531274,100847893.1,102755401.1,0.018914703,1.996115899,2.296223887,0.150345974,201304082.7,235949406.4,0.172104427
Produce,Last 04 Wks,9.0,2023/09/10,2024/09/08,Total U.S.,Bananas,448889549.6,457893466.9,0.020058202,0.598648771,0.588813702,-0.01642878,246622309.3,250623783.1,0.016225109,1.089630447,1.075771597,-0.012718853,268727177.1,269613947.4,0.003299891
Produce,Last 04 Wks,9.0,2023/09/10,2024/09/08,Total U.S.,Cherries,22002403.85,19216055.8,-0.126638347,3.910112074,3.969132373,0.015094273,15514276.03,13892576.36,-0.10452951,5.545335455,5.490059381,-0.009968031,86031864.95,76271069.18,-0.113455587
Produce,Last 04 Wks,9.0,2023/09/10,2024/09/08,Total U.S.,Coconuts,942726.7486,965756.3061,0.024428667,2.331122006,2.443714444,0.048299676,758264.0868,788015.3979,0.039236081,2.898213311,2.994906751,0.033363121,2197611.069,2360032.635,0.07390824
Produce,Last 04 Wks,9.0,2023/09/10,2024/09/08,Total U.S.,Dates,2467.236405,2323.225184,-0.058369446,8.482055145,8.480728531,-0.000156402,3476.305513,3248.996963,-0.065387967,6.019964345,6.064222996,0.007351979,20927.23524,19702.6421,-0.058516719
Produce,Last 04 Wks,9.0,2023/09/10,2024/09/08,Total U.S.,Grapefruit,8585391.828,7496167.064,-0.126869546,1.44733296,1.555203967,0.074530885,3951802.882,3630098.322,-0.081407036,3.144367504,3.211502202,0.02135078,12425920.57,11658068.76,-0.06179436
Produce,Last 04 Wks,9.0,2023/09/10,2024/09/08,Total U.S.,Grapes,184589856.4,194268848.6,0.052435125,1.959368966,2.091163326,0.067263676,101738834,104775737.5,0.029849994,3.554981142,3.877308823,0.090669308,361679636.2,406247891.5,0.12322578
Produce,Last 04 Wks,9.0,2023/09/10,2024/09/08,Total U.S.,Kiwi,8597788.457,8384677.111,-0.024786763,3.287171421,3.560932897,0.083281777,6525948.219,6718646.626,0.029528032,4.330773636,4.443941499,0.026131096,28262404.5,29857272.56,0.056430728
Produce,Last 04 Wks,9.0,2023/09/10,2024/09/08,Total U.S.,Lemons,34635079.63,34596877.51,-0.001102989,2.041826987,2.080226312,0.018806356,37207273.29,36378544.8,-0.022273293,1.900672477,1.978345624,0.04086614,70718840.27,71969334.91,0.017682624
Produce,Last 04 Wks,9.0,2023/09/10,2024/09/08,Total U.S.,Limes,34590901.56,41494541.74,0.199579655,1.927326748,1.616840785,-0.161096691,43383160.13,43426167.48,0.000991338,1.536724609,1.544922597,0.005334715,66667969.79,67090067.46,0.006331341
Produce,Last 04 Wks,9.0,2023/09/10,2024/09/08,Total U.S.,Mangoes,30248128.58,27448795.33,-0.092545668,1.655886282,1.847494426,0.115713347,26976481.34,25856636.37,-0.041511899,1.856708463,1.961256509,0.056308273,50087461.19,50711496.38,0.01245891
Produce,Last 04 Wks,9.0,2023/09/10,2024/09/08,Total U.S.,Melons,582319744,568851744.8,-0.023128186,0.741298261,0.728338651,-0.017482315,94958287.63,91094887.02,-0.040685239,4.54591826,4.548188447,0.00049939,431672613.7,414316712.7,-0.040206167
Produce,Last 04 Wks,9.0,2023/09/10,2024/09/08,Total U.S.,Nectarines,31712453.88,29042936.08,-0.084178847,2.346496893,2.463145112,0.049711644,21433020.81,19526998.91,-0.088929224,3.471893913,3.663490041,0.055184903,74413174.51,71536966.04,-0.038651872
Produce,Last 04 Wks,9.0,2023/09/10,2024/09/08,Total U.S.,Oranges,45568032.03,41594472.12,-0.087200604,1.579691985,1.570342818,-0.005918348,19650095.57,17304435.2,-0.119371448,3.663262335,3.774614994,0.030397129,71983454.97,65317580.58,-0.092602868
Produce,Last 04 Wks,9.0,2023/09/10,2024/09/08,Total U.S.,Other,4268597.143,4639199.806,0.086820717,4.291102532,4.361832967,0.016483045,5442277.222,5666248.662,0.041153993,3.365684486,3.57121896,0.06106766,18316988.01,20235414.65,0.104734831
Produce,Last 04 Wks,9.0,2023/09/10,2024/09/08,Total U.S.,Papaya,8201988.335,8225769.996,0.002899499,1.287370341,1.37912299,0.071271371,4160137.382,4177677.125,0.004216145,2.538136496,2.715467991,0.069866808,10558996.52,11344348.51,0.074377522
Produce,Last 04 Wks,9.0,2023/09/10,2024/09/08,Total U.S.,Peaches,59587947.92,60397679.47,0.013588848,2.301435023,2.229179893,-0.031395686,38748586.72,39405625.82,0.016956466,3.53916883,3.416702307,-0.034603187,137137790.3,134637292.6,-0.018233469
Produce,Last 04 Wks,9.0,2023/09/10,2024/09/08,Total U.S.,Pears,13410189.11,12521464.55,-0.066272336,1.988055568,1.973056163,-0.007544761,8000023.782,7349169.197,-0.081356581,3.332515233,3.361679685,0.008751484,26660201.12,24705552.79,-0.073317088
Produce,Last 04 Wks,9.0,2023/09/10,2024/09/08,Total U.S.,Pineapple,63345487.48,63084482.22,-0.004120345,1.334049428,1.4026839,0.051448222,25136642.33,25892031.22,0.030051305,3.36186553,3.417560669,0.016566736,84506011.37,88487587.56,0.047115893
Produce,Last 04 Wks,9.0,2023/09/10,2024/09/08,Total U.S.,Plums,22132131.11,19824054.35,-0.104286241,2.343029907,2.525690821,0.077959275,17157617.88,15655932.07,-0.087522978,3.022345262,3.198112504,0.058155911,51856245.09,50069432.1,-0.034457045
Produce,Last 04 Wks,9.0,2023/09/10,2024/09/08,Total U.S.,Pomegranates,431142.008,352224.271,-0.183043488,7.748266996,8.755744505,0.130026174,772128.9828,677206.8361,-0.122935609,4.326483613,4.553979023,0.052582057,3340603.391,3083985.725,-0.076817759
Produce,Last 04 Wks,9.0,2023/09/10,2024/09/08,Total U.S.,Tangelos,729950.6316,603708.1263,-0.172946635,1.959871526,1.966120529,0.003188476,518887.4877,424433.0074,-0.182032681,2.757070641,2.796584903,0.014331973,1430609.458,1186962.941,-0.170309595
Produce,Last 04 Wks,9.0,2023/09/10,2024/09/08,Total U.S.,Tangerines,77873803.34,85569809.43,0.098826637,1.537096124,1.568814528,0.020635277,25800990.46,27858236.51,0.079735158,4.639338225,4.818796054,0.038681773,119699521.3,134243160.2,0.121501229
Produce,Last 04 Wks,9.0,2023/09/10,2024/09/08,Total U.S.,Variety,16847478.7,17430508.16,0.034606333,4.86040491,4.860934124,0.000108883,13643413.62,13928323.96,0.020882629,6.001838725,6.083183602,0.013553326,81885568.19,84728551.91,0.034718984
Produce,Last 04 Wks,9.0,2023/09/10,2024/09/08,Total U.S.,Rhubarb,480220,483500,0.006830203,0.236951751,0.236934271,-7.38E-05,24011,24175,0.006830203,4.739035026,4.738685419,-7.38E-05,113788.97,114557.72,0.006755927
Produce,Last 04 Wks,10.0,2023/10/08,2024/10/06,Total U.S.,Total Store with Perimeter, , , , , , ,18270126199,18558316727,0.015773866,4.474014282,4.554237138,0.017930845,81740805556,84518975265,0.03398755
Produce,Last 04 Wks,10.0,2023/10/08,2024/10/06,Total U.S.,Produce Department,3339578677,3425395356,0.025696858,1.812381625,1.838861614,0.014610603,2322205068,2386954240,0.027882625,2.606398165,2.638855796,0.012453059,6052591030,6298828033,0.040682908
Produce,Last 04 Wks,10.0,2023/10/08,2024/10/06,Total U.S.,Vegetable Aisle,1613310649,1630754300,0.010812333,1.858625533,1.870704174,0.006498695,1255128820,1284087526,0.023072297,2.389029968,2.375740606,-0.00556266,2998540365,3050658876,0.017381294
Produce,Last 04 Wks,10.0,2023/10/08,2024/10/06,Total U.S.,Fruit Aisle,1693911403,1761548315,0.039929428,1.741800588,1.783921016,0.024182118,1008466899,1041565759,0.032820967,2.925684402,3.017056805,0.031231121,2950455877,3142463060,0.065077124
Produce,Last 04 Wks,10.0,2023/10/08,2024/10/06,Total U.S.,Blackberries,9177768.274,7162214.936,-0.219612577,7.315311855,9.046524552,0.236656035,19824560.27,15402545.58,-0.223057391,3.386619231,4.206652266,0.24213913,67138237.05,64793153.26,-0.034929183
Produce,Last 04 Wks,10.0,2023/10/08,2024/10/06,Total U.S.,Blueberries,29016382.33,31011770.95,0.068767657,6.539476401,7.367058003,0.126551661,37373884.69,39559641.45,0.058483532,5.077126691,5.775217039,0.13749713,189751947.5,228465515.4,0.204021979
Produce,Last 04 Wks,10.0,2023/10/08,2024/10/06,Total U.S.,Raspberries,12491029.05,11983412.1,-0.040638522,7.891983897,8.358694796,0.059137335,26565394.35,26070186.86,-0.018641074,3.710805075,3.842154446,0.035396462,98579000.15,100165684.3,0.01609556
Produce,Last 04 Wks,10.0,2023/10/08,2024/10/06,Total U.S.,Strawberries,84736379.24,92759551.1,0.094683912,3.341224708,3.37633766,0.010509006,73310265.39,79445536.67,0.083689116,3.861986892,3.942166908,0.020761338,283123284,313187565.7,0.106187952
Produce,Last 04 Wks,10.0,2023/10/08,2024/10/06,Total U.S.,Apples,198798427.3,206909300.6,0.040799484,1.842425591,1.728956762,-0.061586655,94214358.39,97033693.46,0.029924686,3.887637896,3.686732119,-0.05167811,366271310,357737234.3,-0.023299875
Produce,Last 04 Wks,10.0,2023/10/08,2024/10/06,Total U.S.,Apricots,59291.35582,46010.91084,-0.223986191,3.630596332,4.271403,0.176501767,61867.64969,51791.22085,-0.162870723,3.479410969,3.794680631,0.090610067,215262.979,196531.1426,-0.087018383
Produce,Last 04 Wks,10.0,2023/10/08,2024/10/06,Total U.S.,Avocados,81272565.4,88551266.34,0.089559139,2.292053466,2.674813314,0.166994293,97717061.12,105645672.3,0.081138453,1.906331024,2.242004817,0.176083686,186281065.2,236858106.2,0.271509297
Produce,Last 04 Wks,10.0,2023/10/08,2024/10/06,Total U.S.,Bananas,442369515.6,458655480.4,0.036815296,0.601798762,0.587412397,-0.023905608,243223272.4,250412613.4,0.029558606,1.094539285,1.07590393,-0.017025752,266217426.7,269419914.9,0.012029597
Produce,Last 04 Wks,10.0,2023/10/08,2024/10/06,Total U.S.,Cherries,376535.7218,241754.7582,-0.357950005,4.595371363,3.923729002,-0.146156275,282731.0403,193483.6286,-0.31566188,6.120026548,4.902637824,-0.198918863,1730321.473,948580.1559,-0.451789641
Produce,Last 04 Wks,10.0,2023/10/08,2024/10/06,Total U.S.,Coconuts,904712.4007,830196.9379,-0.082363702,2.325816634,2.471553317,0.062660436,728755.7774,673744.8689,-0.075486068,2.887380403,3.045479217,0.054755104,2104195.15,2051875.996,-0.024864212
Produce,Last 04 Wks,10.0,2023/10/08,2024/10/06,Total U.S.,Dates,3122.932604,2122.361258,-0.320394793,8.783962835,8.823280095,0.004476028,4358.276332,2994.583421,-0.312897303,6.294168116,6.25335321,-0.006484559,27431.72393,18726.18785,-0.317352861
Produce,Last 04 Wks,10.0,2023/10/08,2024/10/06,Total U.S.,Grapefruit,7770982.466,7186812.748,-0.075173213,1.493370301,1.574489792,0.054319743,3651608.226,3636838.203,-0.004044799,3.178039294,3.111373858,-0.020976907,11604954.43,11315563.31,-0.024936859
Produce,Last 04 Wks,10.0,2023/10/08,2024/10/06,Total U.S.,Grapes,177189584.3,206479098.1,0.165300426,2.317005997,2.15241226,-0.071037251,99758272.62,113110799.3,0.133848816,4.115441443,3.929139789,-0.045268936,410549329.4,444428142.3,0.082520687
Produce,Last 04 Wks,10.0,2023/10/08,2024/10/06,Total U.S.,Kiwi,7279339.481,8819752.291,0.211614366,3.475638562,3.61954147,0.041403301,5756393.251,7065857.753,0.227480029,4.39517453,4.517987807,0.027942753,25300353,31923459.17,0.2617792
Produce,Last 04 Wks,10.0,2023/10/08,2024/10/06,Total U.S.,Lemons,32043455.54,32781095.02,0.023019973,2.047514523,2.086371794,0.018977776,34690737.49,34713266.63,0.000649428,1.891266814,1.970242465,0.04175807,65609440.58,68393552.03,0.042434617
Produce,Last 04 Wks,10.0,2023/10/08,2024/10/06,Total U.S.,Limes,31604996.49,37376795.93,0.182623006,1.945153058,1.817337929,-0.065709548,39234999.83,38248606.75,-0.025140642,1.566880485,1.775914855,0.133407986,61476555.55,67926268.91,0.104913382
Produce,Last 04 Wks,10.0,2023/10/08,2024/10/06,Total U.S.,Mangoes,19906243.69,17999786.09,-0.095771841,1.934960578,2.173378197,0.12321575,19311049.56,17482318.38,-0.094698695,1.994598827,2.237709084,0.121884288,38517796.8,39120342.64,0.01564331
Produce,Last 04 Wks,10.0,2023/10/08,2024/10/06,Total U.S.,Melons,247300501.5,242853427.4,-0.017982471,1.084086007,1.093780839,0.008942862,57361512.62,57431556.22,0.00122109,4.673778653,4.625130208,-0.010408804,268095013.2,265628425.6,-0.009200423
Produce,Last 04 Wks,10.0,2023/10/08,2024/10/06,Total U.S.,Nectarines,8051265.207,14140247.88,0.7562765,2.715084719,2.662454478,-0.019384383,5771919.566,9275680.693,0.607035681,3.787278545,4.058760487,0.071682592,21859867.14,37647766.29,0.722232164
Produce,Last 04 Wks,10.0,2023/10/08,2024/10/06,Total U.S.,Oranges,44847626.93,39453026.96,-0.1202873,1.587092568,1.606630614,0.01231059,19218894.59,16599436.41,-0.136295986,3.703508288,3.818589944,0.031073687,71177335.4,63386440.94,-0.109457518
Produce,Last 04 Wks,10.0,2023/10/08,2024/10/06,Total U.S.,Other,3995427.531,4157990.095,0.040687151,4.310903544,4.390998088,0.018579526,5299525.933,5177064.007,-0.023108091,3.250083672,3.526656525,0.085097148,17223902.7,18257726.56,0.060022625
Produce,Last 04 Wks,10.0,2023/10/08,2024/10/06,Total U.S.,Papaya,7998496.601,7672774.782,-0.04072288,1.265447867,1.374342568,0.086052301,4003079.077,3867212.651,-0.03394048,2.528473774,2.726775574,0.07842747,10121680.46,10545021,0.041825123
Produce,Last 04 Wks,10.0,2023/10/08,2024/10/06,Total U.S.,Peaches,32481056.18,35386731.72,0.089457545,2.496122799,2.473443568,-0.009085783,21180377.96,23065055.67,0.088982251,3.827915867,3.794791793,-0.008653292,81076704.84,87527083.96,0.07955897
Produce,Last 04 Wks,10.0,2023/10/08,2024/10/06,Total U.S.,Pears,23340176.62,18479035.35,-0.208273542,1.84820431,2.026755011,0.096607664,13474382.41,10898523.77,-0.191167102,3.201439124,3.436472524,0.073414921,43137415.02,37452477.51,-0.131786699
Produce,Last 04 Wks,10.0,2023/10/08,2024/10/06,Total U.S.,Pineapple,58302258.48,58673595.47,0.00636917,1.358531476,1.421340475,0.04623301,24127254.42,25256811.79,0.046816656,3.282820826,3.301887695,0.005808075,79205453.28,83395156.06,0.052896645
Produce,Last 04 Wks,10.0,2023/10/08,2024/10/06,Total U.S.,Plums,15224628.36,14677598.8,-0.035930569,2.348527073,2.536074858,0.079857621,11563064.1,11450609.49,-0.00972533,3.092212546,3.250786721,0.051281784,35755451.89,37223489.28,0.041057722
Produce,Last 04 Wks,10.0,2023/10/08,2024/10/06,Total U.S.,Pomegranates,3052072.634,2214008.338,-0.274588582,3.182162613,3.730880379,0.172435489,3316766.077,2467275.661,-0.256120087,2.928211155,3.347903274,0.143327136,9712191.427,8260200.265,-0.149501909
Produce,Last 04 Wks,10.0,2023/10/08,2024/10/06,Total U.S.,Tangelos,696679.0856,588534.107,-0.15522926,2.061071014,2.057893948,-0.001541464,506395.5863,415937.3832,-0.1786315,2.835540254,2.911834391,0.026906385,1435905.07,1211140.777,-0.156531443
Produce,Last 04 Wks,10.0,2023/10/08,2024/10/06,Total U.S.,Tangerines,95259308.32,95694525.97,0.004568768,1.525615958,1.645670558,0.078692544,31363903.42,30989122.41,-0.011949437,4.633642661,5.08183684,0.096726099,145329120.9,157481663.9,0.083620839
Produce,Last 04 Wks,10.0,2023/10/08,2024/10/06,Total U.S.,Variety,15721095.89,15696179.82,-0.001584881,4.770928914,4.940842886,0.035614442,12825598.84,12596188.17,-0.017886936,5.848010051,6.156811679,0.052804565,75004230.92,77552358.4,0.033973117
Produce,Last 04 Wks,10.0,2023/10/08,2024/10/06,Total U.S.,Rhubarb,172980,235700,0.36258527,0.236753787,0.236610861,-0.000603687,8649,11785,0.36258527,4.735075731,4.732217225,-0.000603687,40953.67,55769.18,0.361762694
Produce,Last 04 Wks,11.0,2023/11/05,2024/11/03,Total U.S.,Total Store with Perimeter, , , , , , ,18376921633,18380280078,0.000182753,4.488984989,4.548785829,0.013321684,82493725349,83607957548,0.013506872
Produce,Last 04 Wks,11.0,2023/11/05,2024/11/03,Total U.S.,Produce Department,3326355581,3428738980,0.030779451,1.784174719,1.790071206,0.003304882,2266381047,2323592899,0.025243704,2.618623882,2.641463968,0.008722171,5934799535,6137686920,0.034186055
Produce,Last 04 Wks,11.0,2023/11/05,2024/11/03,Total U.S.,Vegetable Aisle,1757442541,1801269023,0.024937647,1.728161384,1.711994186,-0.009355143,1256256110,1273827911,0.013987435,2.417615572,2.420862402,0.001342988,3037144334,3083762095,0.015349208
Produce,Last 04 Wks,11.0,2023/11/05,2024/11/03,Total U.S.,Fruit Aisle,1537519986,1596196029,0.038162784,1.81652521,1.846328751,0.016406897,951879005.8,989802606,0.039840778,2.934137425,2.977465006,0.014766718,2792943815,2947102622,0.055195814
Produce,Last 04 Wks,11.0,2023/11/05,2024/11/03,Total U.S.,Blackberries,6770476.006,7257905.136,0.071993333,8.233244491,8.723072207,0.059493887,14773256.42,15989111.69,0.082301101,3.773236088,3.959646527,0.049403333,55742984.28,63311230.58,0.135770383
Produce,Last 04 Wks,11.0,2023/11/05,2024/11/03,Total U.S.,Blueberries,25753061.97,31380580.21,0.218518413,7.780696456,7.707702727,-0.009381388,33930490.11,40850003.65,0.203932025,5.90550733,5.92098316,0.002620576,200376758,241872183.7,0.20708702
Produce,Last 04 Wks,11.0,2023/11/05,2024/11/03,Total U.S.,Raspberries,15326309.06,14157893.19,-0.076235959,6.850214984,7.31597326,0.067991775,34466928.12,32186058.84,-0.066175589,3.046065249,3.218125229,0.05648598,104988512,103578768,-0.013427603
Produce,Last 04 Wks,11.0,2023/11/05,2024/11/03,Total U.S.,Strawberries,77701124.14,87377650.28,0.124535214,3.317786407,3.310383322,-0.002231333,67630766.26,75181296.65,0.111643425,3.811811514,3.847413241,0.009339845,257795733.5,289253516.2,0.122026002
Produce,Last 04 Wks,11.0,2023/11/05,2024/11/03,Total U.S.,Apples,216959522.7,221679720.3,0.021756121,1.725877033,1.684577171,-0.023929783,102293727.1,102855527,0.005492026,3.660492857,3.630690611,-0.008141594,374445457.4,373436596.1,-0.002694281
Produce,Last 04 Wks,11.0,2023/11/05,2024/11/03,Total U.S.,Apricots,20627.04702,22949.28064,0.112581971,4.617429094,4.62264847,0.001130364,25703.47607,28070.62278,0.092094419,3.705488192,3.779269804,0.019911442,95243.92706,106086.457,0.113839594
Produce,Last 04 Wks,11.0,2023/11/05,2024/11/03,Total U.S.,Avocados,80229247.82,86819060.98,0.082137292,2.285185576,2.579522841,0.128802347,96402341.81,104163010.8,0.08050291,1.90180774,2.150012265,0.130509788,183338719.9,223951750.8,0.221519115
Produce,Last 04 Wks,11.0,2023/11/05,2024/11/03,Total U.S.,Bananas,432593595.9,450434984.4,0.04124284,0.610690803,0.588459227,-0.036403981,238245113,245535396.4,0.030599928,1.108861908,1.07952917,-0.026453012,264180930.5,265062622.7,0.003337456
Produce,Last 04 Wks,11.0,2023/11/05,2024/11/03,Total U.S.,Cherries,45410.01927,49050.49007,0.080168889,5.951110143,6.177515035,0.038044144,53268.4092,56377.21172,0.058361092,5.073176209,5.374691841,0.059433306,270240.0263,303010.1399,0.12126299
Produce,Last 04 Wks,11.0,2023/11/05,2024/11/03,Total U.S.,Coconuts,871749.6776,792205.3427,-0.091246762,2.330636426,2.450543093,0.051448036,704709.3388,632875.4982,-0.101933999,2.883077379,3.067480629,0.063960562,2031731.553,1941333.331,-0.044493192
Produce,Last 04 Wks,11.0,2023/11/05,2024/11/03,Total U.S.,Dates,2638.375111,2403.88658,-0.088876115,8.98217834,9.42637029,0.049452586,3772.660784,3473.302565,-0.07934936,6.281602595,6.524028533,0.038593008,23698.35577,22659.92504,-0.043818683
Produce,Last 04 Wks,11.0,2023/11/05,2024/11/03,Total U.S.,Grapefruit,8135295.531,6337937.224,-0.220933376,1.549952356,1.682335734,0.085411257,3753693.887,3103542.207,-0.17320317,3.359176548,3.435602793,0.022751482,12609320.47,10662538.27,-0.154392317
Produce,Last 04 Wks,11.0,2023/11/05,2024/11/03,Total U.S.,Grapes,160317637.4,194347423.2,0.212264766,2.549734453,2.121149356,-0.168090091,88227846.94,104560410.9,0.185118016,4.633088279,3.942600341,-0.149034056,408767403.5,412239911.6,0.008495071
Produce,Last 04 Wks,11.0,2023/11/05,2024/11/03,Total U.S.,Kiwi,5416610.329,8794389.474,0.623596482,3.457100522,3.652252538,0.056449622,4418774.918,6873920.844,0.555616878,4.237773306,4.672636187,0.10261589,18725766.4,32119331.28,0.715247889
Produce,Last 04 Wks,11.0,2023/11/05,2024/11/03,Total U.S.,Lemons,31379949.18,31152879.34,-0.007236144,2.034921449,2.101559039,0.032747008,33304677.42,32711171.43,-0.0178205,1.917320226,2.001445143,0.043876299,63855731.65,65469615.16,0.025273902
Produce,Last 04 Wks,11.0,2023/11/05,2024/11/03,Total U.S.,Limes,29919697.34,32997929.5,0.102883131,2.004642465,1.969045074,-0.017757476,36607896.02,35550559.59,-0.028882743,1.638397787,1.827662104,0.115517927,59978295.84,64974410.53,0.08329871
Produce,Last 04 Wks,11.0,2023/11/05,2024/11/03,Total U.S.,Mangoes,10139496.13,10898816.46,0.074887383,2.451404866,2.602099591,0.061472802,10536610.28,11465774.5,0.088184359,2.359013904,2.473431327,0.048502225,24856010.14,28359805.84,0.140963722
Produce,Last 04 Wks,11.0,2023/11/05,2024/11/03,Total U.S.,Melons,139932545.2,138776136.4,-0.008264045,1.40194697,1.437649238,0.025466204,41393701.36,42436146.59,0.025183668,4.739320267,4.701449656,-0.007990726,196178007.8,199511406.8,0.016991706
Produce,Last 04 Wks,11.0,2023/11/05,2024/11/03,Total U.S.,Nectarines,576879.6413,1859611.827,2.223569864,2.874412386,2.645977155,-0.079471976,439798.5375,1183123.583,1.690148971,3.770339928,4.158898091,0.103056534,1658189.986,4920490.411,1.967386399
Produce,Last 04 Wks,11.0,2023/11/05,2024/11/03,Total U.S.,Oranges,44083522.25,34875183.2,-0.208883923,1.635093412,1.703329517,0.041732236,19768039.34,15633132.73,-0.209171306,3.646324028,3.799873638,0.042110797,72080676.82,59403928.95,-0.17586888
Produce,Last 04 Wks,11.0,2023/11/05,2024/11/03,Total U.S.,Other,4422989.138,4431349.234,0.001890146,4.045998733,3.857384309,-0.046617519,5410682.387,5189135.281,-0.040946241,3.307421721,3.294078122,-0.004034441,17895408.45,17093417,-0.044815487
Produce,Last 04 Wks,11.0,2023/11/05,2024/11/03,Total U.S.,Papaya,7336416.245,6689468.453,-0.088183082,1.305640131,1.450438185,0.110901963,3685880.467,3293357.384,-0.106493709,2.598760203,2.946130453,0.133667681,9578719.468,9702660.482,0.012939205
Produce,Last 04 Wks,11.0,2023/11/05,2024/11/03,Total U.S.,Peaches,13641776.18,20607334.95,0.510604974,2.581577459,2.540000029,-0.016105436,8929492.869,13290325.37,0.48836284,3.943930791,3.938401048,-0.001402089,35217301.87,52342631.36,0.486276023
Produce,Last 04 Wks,11.0,2023/11/05,2024/11/03,Total U.S.,Pears,29123300.09,21501142.99,-0.26172024,1.811727839,2.059397483,0.136703559,16726511.88,12692560.5,-0.241171107,3.15448277,3.488610495,0.105921557,52763493.53,44279399.76,-0.160794769
Produce,Last 04 Wks,11.0,2023/11/05,2024/11/03,Total U.S.,Pineapple,57818662.7,58284694.96,0.008060239,1.322959506,1.398841037,0.05735741,23420036.68,23563471.16,0.006124435,3.26608154,3.460059964,0.059391788,76491749.45,81531023.16,0.065879964
Produce,Last 04 Wks,11.0,2023/11/05,2024/11/03,Total U.S.,Plums,10484390.97,10932328.51,0.042724231,2.291153738,2.554380575,0.114888334,7780204.61,8203749.708,0.054438812,3.087496121,3.403971181,0.102502172,24021351.56,27925327.58,0.162521081
Produce,Last 04 Wks,11.0,2023/11/05,2024/11/03,Total U.S.,Pomegranates,8144291.234,6462158.332,-0.206541349,2.628297505,2.988652061,0.137105695,8303078.132,6746183.734,-0.187508099,2.578034313,2.862824907,0.110468116,21405620.33,19313142.82,-0.09775365
Produce,Last 04 Wks,11.0,2023/11/05,2024/11/03,Total U.S.,Tangelos,220498.8029,276587.7824,0.25437317,2.121382463,2.119404445,-0.000932419,168129.3398,219963.7868,0.30830102,2.78215744,2.664990378,-0.042113742,467762.2937,586201.3754,0.253203568
Produce,Last 04 Wks,11.0,2023/11/05,2024/11/03,Total U.S.,Tangerines,100735571.5,86715202.24,-0.139179924,1.583907903,1.757622304,0.109674559,32992210.89,27554149.49,-0.164828644,4.836167793,5.531383706,0.143753472,159555867.7,152412573.5,-0.044769862
Produce,Last 04 Wks,11.0,2023/11/05,2024/11/03,Total U.S.,Variety,15050138.3,15796113.52,0.049566004,4.750161836,4.883774999,0.028128129,12280751.99,12726638.53,0.036307755,5.82135301,6.061668532,0.04128173,71490592.59,77144664.28,0.079088332
Produce,Last 04 Wks,11.0,2023/11/05,2024/11/03,Total U.S.,Rhubarb,800,10040,11.55,0.23015,0.234816733,0.02027692,40,502,11.55,4.603,4.696334661,0.02027692,184.12,2357.56,11.80447534
Produce,Last 04 Wks,12.0,2023/12/03,2024/12/01,Total U.S.,Total Store with Perimeter, , , , , , ,19267524319,19431848712,0.008528568,4.460840829,4.509617452,0.010934401,85949359161,87630204079,0.019556224
Produce,Last 04 Wks,12.0,2023/12/03,2024/12/01,Total U.S.,Produce Department,3240939416,3390576410,0.046170871,1.846410923,1.8475117,0.000596171,2331933531,2430736371,0.042369493,2.566156307,2.577050174,0.004245208,5984105938,6264129588,0.046794568
Produce,Last 04 Wks,12.0,2023/12/03,2024/12/01,Total U.S.,Vegetable Aisle,1714865799,1793998189,0.046144946,1.796098768,1.794594785,-0.000837361,1322832163,1363672829,0.030873657,2.328389373,2.360903382,0.013964163,3080068349,3219499795,0.045268945
Produce,Last 04 Wks,12.0,2023/12/03,2024/12/01,Total U.S.,Fruit Aisle,1494635160,1563734128,0.046231327,1.850647436,1.855426482,0.002582365,937716306.2,992235778,0.058140689,2.949764986,2.924097051,-0.008701688,2766042727,2901393713,0.048933078
Produce,Last 04 Wks,12.0,2023/12/03,2024/12/01,Total U.S.,Blackberries,6603328.94,7766954.477,0.176218018,8.315233267,8.426358796,0.01336409,14666277.01,17346569.13,0.182752045,3.743841769,3.772915824,0.007765834,54908220.47,65447145.18,0.191937102
Produce,Last 04 Wks,12.0,2023/12/03,2024/12/01,Total U.S.,Blueberries,28964727.85,45544662.28,0.572418098,7.796219086,5.63237992,-0.277549815,37879153.68,57018454.54,0.505272663,5.961468041,4.498979206,-0.245323606,225815364.1,256524841.3,0.135993746
Produce,Last 04 Wks,12.0,2023/12/03,2024/12/01,Total U.S.,Raspberries,15452146.14,11994986.89,-0.223733274,6.940396153,8.098166754,0.166816213,35271384.8,27016787.87,-0.234030985,3.040538846,3.595446081,0.182502926,107244015.6,97137404.06,-0.094239399
Produce,Last 04 Wks,12.0,2023/12/03,2024/12/01,Total U.S.,Strawberries,61259365.07,69429683.75,0.133372566,4.113867586,4.167996749,0.013157731,55202245.7,59999650.8,0.086905977,4.565265654,4.823073007,0.05647149,252012916.3,289382696.2,0.148285177
Produce,Last 04 Wks,12.0,2023/12/03,2024/12/01,Total U.S.,Apples,220991376.5,220076335.3,-0.004140619,1.743619983,1.749228246,0.003216448,104353569.8,103028907.8,-0.012693979,3.692494476,3.73646339,0.011907645,385324980,384963742,-0.000937489
Produce,Last 04 Wks,12.0,2023/12/03,2024/12/01,Total U.S.,Apricots,16684.76204,13780.86718,-0.174044728,4.968221545,4.884221666,-0.016907434,21228.55572,17506.82692,-0.175317099,3.904815539,3.844717856,-0.015390659,82893.59425,67308.81004,-0.188009512
Produce,Last 04 Wks,12.0,2023/12/03,2024/12/01,Total U.S.,Avocados,75853655.02,82078976.85,0.082070163,2.275305998,2.535311609,0.11427281,90794009.66,97836889.37,0.077569872,1.900899375,2.126966466,0.118926385,172590276.2,208095782.8,0.205721361
Produce,Last 04 Wks,12.0,2023/12/03,2024/12/01,Total U.S.,Bananas,421210706,445825888,0.058439118,0.614413223,0.58709804,-0.044457348,231986791.7,242735334.8,0.046332565,1.115569664,1.078308213,-0.033401277,258797427.3,261743505.1,0.011383721
Produce,Last 04 Wks,12.0,2023/12/03,2024/12/01,Total U.S.,Cherries,632987.6589,856328.9673,0.35283675,6.521652573,6.773118523,0.038558624,548966.946,727389.9232,0.325015884,7.519807203,7.973739263,0.060364853,4128125.595,5800017.59,0.405000274
Produce,Last 04 Wks,12.0,2023/12/03,2024/12/01,Total U.S.,Coconuts,890118.5152,769763.2524,-0.135212627,2.291867645,2.466338677,0.076126138,717520.5397,624861.2511,-0.129138169,2.843171327,3.038269501,0.068619915,2040033.825,1898496.882,-0.069379704
Produce,Last 04 Wks,12.0,2023/12/03,2024/12/01,Total U.S.,Dates,4060.191939,4217.166314,0.038661811,8.682905525,9.00370437,0.036946025,5941.090188,6075.133172,0.022562018,5.933972033,6.250088303,0.053272289,35254.26302,37970.11877,0.077036237
Produce,Last 04 Wks,12.0,2023/12/03,2024/12/01,Total U.S.,Grapefruit,12173752.56,9855391.923,-0.190439277,1.458419457,1.520689208,0.042696737,4809629.955,3962665.593,-0.176097615,3.691435258,3.782047157,0.024546523,17754437.59,14986988.14,-0.155873676
Produce,Last 04 Wks,12.0,2023/12/03,2024/12/01,Total U.S.,Grapes,141255688,165460247.1,0.17135281,2.616887779,2.198989738,-0.159692763,77884612.24,88580069.91,0.1373244,4.746127291,4.107531026,-0.134551019,369650283.7,363845385.5,-0.015703757
Produce,Last 04 Wks,12.0,2023/12/03,2024/12/01,Total U.S.,Kiwi,5178383.471,8118328.504,0.56773413,2.94588393,3.577581321,0.214433904,3985433.318,6156821.894,0.54483124,3.827668269,4.717365698,0.232438489,15254916.65,29043980.41,0.903909479
Produce,Last 04 Wks,12.0,2023/12/03,2024/12/01,Total U.S.,Lemons,36147630.85,36512796,0.010102049,2.07262837,2.013518225,-0.028519413,40118717.62,40721255.06,0.015018861,1.867472583,1.805425203,-0.033225323,74920605.2,73519180.18,-0.018705468
Produce,Last 04 Wks,12.0,2023/12/03,2024/12/01,Total U.S.,Limes,30185082.9,31957065.78,0.058703926,1.94653423,1.828486442,-0.060645113,36758495.99,34283266.83,-0.067337607,1.598441272,1.704419295,0.066300855,58756297.1,58433061.49,-0.005501293
Produce,Last 04 Wks,12.0,2023/12/03,2024/12/01,Total U.S.,Mangoes,8100995.961,18745167.43,1.313933684,2.668887043,2.061454646,-0.227597642,8510773.341,19400708.58,1.279547088,2.540385261,1.991799027,-0.215946078,21620643.15,38642312.48,0.787287835
Produce,Last 04 Wks,12.0,2023/12/03,2024/12/01,Total U.S.,Melons,100070399.8,88865503.61,-0.111970135,1.523463533,1.654745243,0.086173188,32381360.54,30814208.23,-0.048396741,4.708066688,4.772141744,0.013609632,152453604.9,147049769.4,-0.03544577
Produce,Last 04 Wks,12.0,2023/12/03,2024/12/01,Total U.S.,Nectarines,46216.21581,62461.4008,0.351504006,3.193099491,3.050052055,-0.044798928,37463.92335,46588.52577,0.243557044,3.939068894,4.089215547,0.038117295,147572.9751,190510.5239,0.290958075
Produce,Last 04 Wks,12.0,2023/12/03,2024/12/01,Total U.S.,Oranges,63696716.4,63914537.36,0.003419657,1.48832083,1.455281265,-0.022199222,27408479.08,28503261.72,0.03994321,3.458825626,3.263262629,-0.056540288,94801149.81,93013628.76,-0.018855479
Produce,Last 04 Wks,12.0,2023/12/03,2024/12/01,Total U.S.,Other,5127049.417,5097402.364,-0.005782479,3.613504604,3.353972308,-0.071822877,5285478.917,5144798.757,-0.026616351,3.50519167,3.32307388,-0.051956585,18526616.67,17096546.37,-0.077190041
Produce,Last 04 Wks,12.0,2023/12/03,2024/12/01,Total U.S.,Papaya,6112637.305,6406876.722,0.048136247,1.343652485,1.443870917,0.074586571,3015166.375,3146203.629,0.043459378,2.723982456,2.940274711,0.079402955,8213260.305,9250702.966,0.126313135
Produce,Last 04 Wks,12.0,2023/12/03,2024/12/01,Total U.S.,Peaches,1826138.816,3562582.947,0.950882876,2.625438063,2.493666329,-0.05019038,1343726.083,2278619.465,0.695746994,3.567999772,3.898805077,0.092714497,4794414.357,8883893.14,0.852967324
Produce,Last 04 Wks,12.0,2023/12/03,2024/12/01,Total U.S.,Pears,28831846.3,21878220.51,-0.241178651,1.813231822,2.124513981,0.171672565,16319057.31,12900730.6,-0.209468393,3.203544189,3.602942098,0.124673763,52278821.21,46480585.36,-0.110909843
Produce,Last 04 Wks,12.0,2023/12/03,2024/12/01,Total U.S.,Pineapple,66171532.73,67050106.14,0.013277211,1.144072101,1.255549263,0.097438931,24771937.35,25561753.57,0.031883506,3.05607928,3.29338561,0.07765058,75705004.46,84184711.37,0.112009859
Produce,Last 04 Wks,12.0,2023/12/03,2024/12/01,Total U.S.,Plums,5428857.478,6138239.547,0.130668759,2.405624327,2.583256775,0.073840477,3603371.755,4150282.133,0.151777395,3.624325355,3.820619512,0.054160192,13059791.62,15856648.9,0.21415788
Produce,Last 04 Wks,12.0,2023/12/03,2024/12/01,Total U.S.,Pomegranates,15726687.75,16592686.34,0.055065542,2.761364837,2.793643672,0.01168945,15702088.68,17192111.67,0.094893299,2.765690822,2.696239652,-0.02511169,43427122.55,46354053.19,0.067398678
Produce,Last 04 Wks,12.0,2023/12/03,2024/12/01,Total U.S.,Tangelos,25106.48496,30109.27103,0.199262703,2.855192209,3.056272483,0.070426178,18059.4851,25517.1176,0.412948235,3.969318054,3.606290412,-0.091458441,71683.84028,92022.13654,0.283722192
Produce,Last 04 Wks,12.0,2023/12/03,2024/12/01,Total U.S.,Tangerines,106651852.7,97572878.94,-0.085127202,1.504866897,1.571184036,0.044068441,34021711.53,31003546.51,-0.08871291,4.71748291,4.944755261,0.048176613,160496842.7,153304949.7,-0.044810184
Produce,Last 04 Wks,12.0,2023/12/03,2024/12/01,Total U.S.,Variety,15041326.04,15655985.36,0.040864703,4.791015549,4.922802817,0.027507168,12053133.44,12572316.74,0.04307455,5.978796079,6.130240786,0.025330301,72063226.95,77071328.85,0.069495943
Produce,Last 04 Wks,12.0,2023/12/03,2024/12/01,Total U.S.,Rhubarb,80, ,-1,0.285, , ,4, ,-1,5.7, , ,22.8, ,-1
Produce,Last 04 Wks,13.0,2023/12/31,2024/12/29,Total U.S.,Total Store with Perimeter, , , , , , ,19835755934,19690327634,-0.007331624,4.567113661,4.643014055,0.016618898,90592151901,91422467951,0.00916543
Produce,Last 04 Wks,13.0,2023/12/31,2024/12/29,Total U.S.,Produce Department,3094942811,3100923757,0.00193249,1.904808776,1.936555564,0.016666654,2268435815,2290112283,0.009555689,2.598827874,2.62219071,0.008989759,5895274226,6005111153,0.018631352
Produce,Last 04 Wks,13.0,2023/12/31,2024/12/29,Total U.S.,Vegetable Aisle,1578890867,1562059282,-0.010660385,1.897388278,1.936935185,0.020842812,1268299918,1261055882,-0.005711611,2.362035178,2.399265273,0.015761872,2995769022,3025607585,0.009960235
Produce,Last 04 Wks,13.0,2023/12/31,2024/12/29,Total U.S.,Fruit Aisle,1482247840,1505464134,0.015662896,1.855856316,1.882726795,0.01447875,929740446.1,958289533.4,0.030706513,2.958717162,2.957746657,-0.000328016,2750839014,2834377664,0.030368425
Produce,Last 04 Wks,13.0,2023/12/31,2024/12/29,Total U.S.,Blackberries,7877637.269,8772677.796,0.11361789,7.906409139,7.836143102,-0.008887225,17856596.68,19599460.98,0.097603386,3.488000788,3.507441285,0.005573535,62283823.3,68743958.6,0.103720918
Produce,Last 04 Wks,13.0,2023/12/31,2024/12/29,Total U.S.,Blueberries,34251636.27,48993898.64,0.430410455,6.670520926,4.934197041,-0.260298094,44373352.89,60487699.78,0.363153691,5.148951829,3.996606757,-0.223801875,228476256.5,241745549.7,0.05807734
Produce,Last 04 Wks,13.0,2023/12/31,2024/12/29,Total U.S.,Raspberries,11436787.59,11519367.87,0.007220584,8.399028575,8.444675691,0.005434809,26324569.47,26203349.64,-0.004604817,3.648982971,3.712400407,0.017379482,96057905.73,97277325.86,0.012694636
Produce,Last 04 Wks,13.0,2023/12/31,2024/12/29,Total U.S.,Strawberries,64245817.6,65246542.07,0.015576492,4.446457539,4.800049152,0.079522094,58686979.66,57140912.08,-0.026344303,4.867626545,5.48095222,0.126000972,285666300,313186608.9,0.096337261
Produce,Last 04 Wks,13.0,2023/12/31,2024/12/29,Total U.S.,Apples,197325616,194682369.7,-0.013395353,1.753126395,1.776688147,0.013439847,92214946.65,90702910.33,-0.016396868,3.751417297,3.813437267,0.01653241,345936745.9,345889858.5,-0.000135537
Produce,Last 04 Wks,13.0,2023/12/31,2024/12/29,Total U.S.,Apricots,51764.09474,72011.18396,0.391141569,4.990088501,4.954074919,-0.007217023,67731.72003,94035.91598,0.3883586,3.813684546,3.793750469,-0.005226986,258307.4139,356748.8004,0.381101669
Produce,Last 04 Wks,13.0,2023/12/31,2024/12/29,Total U.S.,Avocados,82184635.86,83375804.48,0.014493811,2.14619836,2.486192115,0.158416743,100274572.9,100763374,0.004874626,1.759015527,2.057178709,0.169505714,176384530.7,207288267.7,0.175206617
Produce,Last 04 Wks,13.0,2023/12/31,2024/12/29,Total U.S.,Bananas,413184900.1,428310211.4,0.036606641,0.608477067,0.588421767,-0.032959827,228229850.1,232839115.9,0.020195718,1.101580428,1.082408557,-0.017403968,251413536,252027051.6,0.002440265
Produce,Last 04 Wks,13.0,2023/12/31,2024/12/29,Total U.S.,Cherries,3304198.151,4493318.62,0.359881706,5.876830139,5.480411508,-0.067454499,2766228.986,3739553.701,0.351859777,7.019741092,6.585073258,-0.061920779,19418211.28,24625235.07,0.268151567
Produce,Last 04 Wks,13.0,2023/12/31,2024/12/29,Total U.S.,Coconuts,947321.1949,860969.0061,-0.091154077,2.322791787,2.437085201,0.049205191,768023.0214,704779.6622,-0.082345656,2.865057206,2.977178451,0.039134034,2200429.892,2098254.823,-0.04643414
Produce,Last 04 Wks,13.0,2023/12/31,2024/12/29,Total U.S.,Dates,4379.723154,4355.590088,-0.005510181,8.708814399,8.936078588,0.026095882,6324.693513,6252.70077,-0.011382803,6.030678956,6.224813366,0.032191137,38142.19607,38921.89532,0.020441908
Produce,Last 04 Wks,13.0,2023/12/31,2024/12/29,Total U.S.,Grapefruit,13538237.39,12314660.94,-0.090379302,1.43448269,1.425672664,-0.006141605,5203241.814,4641711.189,-0.107919379,3.732359148,3.782371361,0.013399625,19420367.19,17556675.47,-0.095965833
Produce,Last 04 Wks,13.0,2023/12/31,2024/12/29,Total U.S.,Grapes,136836353.4,137755383.5,0.006716272,2.534387295,2.37120722,-0.0643864,74918094.16,75592082.59,0.008996337,4.62900611,4.32117424,-0.06650064,346796315.6,326646560,-0.058102565
Produce,Last 04 Wks,13.0,2023/12/31,2024/12/29,Total U.S.,Kiwi,5852864.789,8329466.571,0.423143516,3.191460168,3.479181734,0.090153582,4356252.525,6260680.845,0.43717124,4.287902212,4.628846074,0.079512975,18679184.84,28979727.95,0.551445001
Produce,Last 04 Wks,13.0,2023/12/31,2024/12/29,Total U.S.,Lemons,37022617.49,35086745.18,-0.05228891,2.051400563,2.014766511,-0.017858069,40988266.85,39971175.47,-0.024814208,1.85292583,1.76856443,-0.045528752,75948218.37,70691599.15,-0.0692132
Produce,Last 04 Wks,13.0,2023/12/31,2024/12/29,Total U.S.,Limes,32721679.3,32044740.63,-0.020687773,1.869550396,1.802624938,-0.035797622,39956102.86,34323979.89,-0.140957765,1.531050932,1.682923973,0.09919529,61174828.5,57764648.6,-0.055744822
Produce,Last 04 Wks,13.0,2023/12/31,2024/12/29,Total U.S.,Mangoes,8415540.372,21857557.25,1.597285057,2.566404742,1.885551489,-0.265294574,9020220.806,22695017.3,1.516015715,2.394362974,1.815973484,-0.241562995,21597682.72,41213549.62,0.908239424
Produce,Last 04 Wks,13.0,2023/12/31,2024/12/29,Total U.S.,Melons,80308129.88,65426114.26,-0.185311445,1.645792531,1.869006249,0.135626887,28148806.65,26103710.88,-0.072653018,4.695421798,4.684461031,-0.002334352,132170520.3,122281816.4,-0.074817773
Produce,Last 04 Wks,13.0,2023/12/31,2024/12/29,Total U.S.,Nectarines,71633.50301,75231.56608,0.050228775,4.008848912,3.591627211,-0.104075187,62382.83812,61549.39407,-0.01336015,4.603315579,4.390030868,-0.046332846,287167.8906,270203.7399,-0.059073982
Produce,Last 04 Wks,13.0,2023/12/31,2024/12/29,Total U.S.,Oranges,86075277.61,89583790.03,0.040760977,1.373613652,1.332988089,-0.029575684,33750050.95,34994605.41,0.036875632,3.503229569,3.412358097,-0.025939343,118234176.4,119414125.1,0.00997976
Produce,Last 04 Wks,13.0,2023/12/31,2024/12/29,Total U.S.,Other,4822102.921,4673668.659,-0.03078206,3.621432634,3.593143086,-0.007811701,5043182.732,4784719.631,-0.051249997,3.462678593,3.509748016,0.013593356,17462920.88,16793160.23,-0.038353301
Produce,Last 04 Wks,13.0,2023/12/31,2024/12/29,Total U.S.,Papaya,5552200.325,6129662.774,0.104006054,1.401131214,1.452844212,0.036908034,2805746.253,3059518.02,0.090447155,2.772653149,2.910734641,0.049801214,7779361.184,8905445.085,0.144752747
Produce,Last 04 Wks,13.0,2023/12/31,2024/12/29,Total U.S.,Peaches,214946.6138,119104.9626,-0.445885839,3.664483577,3.62934535,-0.009588862,156303.7038,90737.66745,-0.419478456,5.039345307,4.763986715,-0.054641739,787668.3362,432273.0423,-0.451199163
Produce,Last 04 Wks,13.0,2023/12/31,2024/12/29,Total U.S.,Pears,25706330.92,20522199.99,-0.201667478,1.876772917,2.181843052,0.162550371,14585407.68,12143205.42,-0.167441481,3.307754347,3.687347607,0.114758601,48244945.67,44776219.46,-0.07189823
Produce,Last 04 Wks,13.0,2023/12/31,2024/12/29,Total U.S.,Pineapple,72775652.08,70037277.78,-0.037627616,1.072065825,1.174030964,0.095110894,25865535.81,25615251.06,-0.00967638,3.016380177,3.210038134,0.064202105,78020289.48,82225932.72,0.053904481
Produce,Last 04 Wks,13.0,2023/12/31,2024/12/29,Total U.S.,Plums,1930988.131,1321632.139,-0.315566928,2.250317757,2.367080203,0.051887093,970453.4479,739679.4232,-0.237800201,4.477635573,4.229412329,-0.055436232,4345336.88,3128409.272,-0.280053686
Produce,Last 04 Wks,13.0,2023/12/31,2024/12/29,Total U.S.,Pomegranates,13168570.12,13677218.97,0.038625974,3.003350441,3.171902118,0.056121215,13274982.02,14419980.81,0.086252379,2.979275664,3.008519941,0.009815902,39549830.89,43382799.81,0.096914926
Produce,Last 04 Wks,13.0,2023/12/31,2024/12/29,Total U.S.,Tangelos,35396.27381,36599.93577,0.03400533,2.711441096,2.932779028,0.081631105,24586.95377,25495.44135,0.036949985,3.903489321,4.210145751,0.078559567,95974.91146,107339.5241,0.118412327
Produce,Last 04 Wks,13.0,2023/12/31,2024/12/29,Total U.S.,Tangerines,118933276.3,114600085.8,-0.036433794,1.520202086,1.531629172,0.007516821,37878538.99,36841308.75,-0.027383058,4.773220391,4.764348513,-0.001858678,180802614.7,175524834.5,-0.02919084
Produce,Last 04 Wks,13.0,2023/12/31,2024/12/29,Total U.S.,Variety,16914494.43,17009185.68,0.005598231,4.770351591,4.980410291,0.044034217,13033886.74,13086946.64,0.004070919,6.190638831,6.473070132,0.045622319,80688085.4,84712723.4,0.049878963
Produce,Last 04 Wks,13.0,2023/12/31,2024/12/29,Total U.S.,Rhubarb,20, ,-1,0.3415, , ,1, ,-1,6.83, , ,6.83, ,-1
Produce,Last 04 Wks,1.0,2024/01/28,2025/01/26,Total U.S.,Total Store with Perimeter, , , , , , ,18635819566.0,18892596733,0.013778689,4.432139254,4.521810328,0.020232007,82596547422.0,85428739022,0.034289467
Produce,Last 04 Wks,1.0,2024/01/28,2025/01/26,Total U.S.,Produce Department,3232273625,3309677341,0.023947142,1.953034171,1.972284786,0.009856773,2397085295.0,2469128268,0.030054405,2.633506974,2.643696705,0.003869263,6312740842.0,6527626265,0.034039956
Produce,Last 04 Wks,1.0,2024/01/28,2025/01/26,Total U.S.,Vegetable Aisle,1593028348,1625492136,0.020378663,1.99881729,1.997558891,-0.000629572,1330759823.0,1357967394,0.02044514,2.392747775,2.39108559,-0.000694676,3184172606.0,3247016269,0.019736262
Produce,Last 04 Wks,1.0,2024/01/28,2025/01/26,Total U.S.,Fruit Aisle,1607829982,1651718600,0.027296803,1.876300549,1.91733334,0.021868986,1003521764.0,1045356006,0.041687428,3.006185202,3.029489592,0.007752147,3016772278.0,3166895141,0.049762743
Produce,Last 04 Wks,1.0,2024/01/28,2025/01/26,Total U.S.,Blackberries,8603403.816,10700531.96,0.243755633,8.136381192,7.589904129,-0.067164634,19358875.28,23462485.39,0.211975647,3.615942144,3.461526362,-0.042704163,70000573.0,81216011.71,0.160219242
Produce,Last 04 Wks,1.0,2024/01/28,2025/01/26,Total U.S.,Blueberries,42758108.64,53924539.5,0.261153526,6.030184559,4.910486716,-0.185682185,53999396.4,65514089.11,0.213237434,4.774854974,4.041813577,-0.153521186,257839286.5,264795734.9,0.026979784
Produce,Last 04 Wks,1.0,2024/01/28,2025/01/26,Total U.S.,Raspberries,11350151.97,12310965.05,0.084652002,9.124200781,8.837409325,-0.031431954,25842718.57,27208049.58,0.052832329,4.007359565,3.998707701,-0.002158994,103561065.5,108797037.4,0.05055927
Produce,Last 04 Wks,1.0,2024/01/28,2025/01/26,Total U.S.,Strawberries,78023105.73,86006715.34,0.102323658,4.28234279,4.28983019,0.001748435,70748004.71,75257874.48,0.06374554,4.722701165,4.902532879,0.038078148,334121684.3,368954204.1,0.104251
Produce,Last 04 Wks,1.0,2024/01/28,2025/01/26,Total U.S.,Apples,215796063.4,216446718.5,0.003015139,1.759738418,1.807800015,0.027311785,100741556.2,100516043.6,-0.002238526,3.769493321,3.892835082,0.032721045,379744623.1,391292380.9,0.030409273
Produce,Last 04 Wks,1.0,2024/01/28,2025/01/26,Total U.S.,Apricots,160644.3517,109603.3005,-0.31772702,4.21021788,4.186994075,-0.005516058,161705.486,139602.4239,-0.136687151,4.182589833,3.287252163,-0.214062986,676347.7218,458908.3698,-0.321490477
Produce,Last 04 Wks,1.0,2024/01/28,2025/01/26,Total U.S.,Avocados,95891624.54,98695090.27,0.029235773,2.149498413,2.44210193,0.136126417,115270477.2,118323409.2,0.026484943,1.788132571,2.036988895,0.13917107,206118894.7,241023470.5,0.169341951
Produce,Last 04 Wks,1.0,2024/01/28,2025/01/26,Total U.S.,Bananas,450788028.5,464330366,0.030041475,0.609385718,0.589738216,-0.032241488,248303366.0,252171632.7,0.015578793,1.106323248,1.085900737,-0.018459805,274703786.5,273833361.7,-0.003168594
Produce,Last 04 Wks,1.0,2024/01/28,2025/01/26,Total U.S.,Cherries,8589149.441,9156018.272,0.06599825,4.992470247,4.652731558,-0.068050218,7199979.905,7620746.377,0.058439951,5.95572121,5.590068616,-0.061395183,42881073.03,42600495.15,-0.006543164
Produce,Last 04 Wks,1.0,2024/01/28,2025/01/26,Total U.S.,Coconuts,847853.425,889741.9366,0.049405369,2.362229336,2.415724666,0.02264612,682370.3711,718157.5594,0.052445402,2.935098472,2.992896913,0.019692164,2002824.233,2149371.543,0.07317033
Produce,Last 04 Wks,1.0,2024/01/28,2025/01/26,Total U.S.,Dates,3599.601016,3462.909389,-0.037974105,8.70682953,8.83604596,0.014840813,5082.261843,4911.804048,-0.033539751,6.1667646,6.229569873,0.010184477,31341.11242,30598.42652,-0.023696858
Produce,Last 04 Wks,1.0,2024/01/28,2025/01/26,Total U.S.,Grapefruit,17271465.8,16188012.17,-0.062730844,1.397041384,1.394440167,-0.001861947,6651263.61,6244119.491,-0.061213048,3.62772458,3.615115699,-0.0034757,24128952.49,22573214.4,-0.06447599
Produce,Last 04 Wks,1.0,2024/01/28,2025/01/26,Total U.S.,Grapes,143172377.2,137104780.2,-0.042379662,2.469606894,2.567972237,0.039830365,78243241.91,75070876.33,-0.040544915,4.51897801,4.6899848,0.037841917,353579489.6,352081269,-0.004237295
Produce,Last 04 Wks,1.0,2024/01/28,2025/01/26,Total U.S.,Kiwi,7472589.743,10087847.35,0.349980087,3.255384049,3.366905762,0.034257621,5647696.635,7457083.981,0.320376157,4.307269144,4.554706833,0.057446535,24326149.45,33964831.37,0.396227193
Produce,Last 04 Wks,1.0,2024/01/28,2025/01/26,Total U.S.,Lemons,35583644.88,38495053.53,0.081818731,2.076030997,2.002282247,-0.035523915,38757680.43,42402187.75,0.094033164,1.90601576,1.817782675,-0.046291897,73872749.73,77077962.27,0.043388293
Produce,Last 04 Wks,1.0,2024/01/28,2025/01/26,Total U.S.,Limes,30955299.13,32327483.24,0.044327923,1.883533046,1.843428285,-0.021292306,38122985.59,34445693.11,-0.09645867,1.52940091,1.730068163,0.131206442,58305328.87,59593396.99,0.022091774
Produce,Last 04 Wks,1.0,2024/01/28,2025/01/26,Total U.S.,Mangoes,10587787.29,26085990.86,1.46378116,2.659381396,1.828706253,-0.312356529,10645093.98,25523004.09,1.397630695,2.645064909,1.869043881,-0.293384494,28156964.55,47703614.61,0.694203028
Produce,Last 04 Wks,1.0,2024/01/28,2025/01/26,Total U.S.,Melons,92168292.69,72074823.9,-0.218008473,1.60241065,1.89104274,0.180123672,32671545.55,28423144.12,-0.130033684,4.520491801,4.795267262,0.060784418,147691453.8,136296572.5,-0.077153288
Produce,Last 04 Wks,1.0,2024/01/28,2025/01/26,Total U.S.,Nectarines,1398333.984,1479098.492,0.057757666,3.068197977,2.804804798,-0.085846214,1041298.224,1159879.865,0.113878655,4.120208221,3.57673469,-0.131904385,4290365.502,4148582.547,-0.033046824
Produce,Last 04 Wks,1.0,2024/01/28,2025/01/26,Total U.S.,Oranges,105288259.3,118248715.4,0.12309498,1.394410469,1.358339298,-0.025868402,38277202.24,42893088.14,0.120590995,3.835574241,3.744703028,-0.023691684,146815050.9,160621877.1,0.094042307
Produce,Last 04 Wks,1.0,2024/01/28,2025/01/26,Total U.S.,Other,3369024.729,3771748.587,0.119537222,4.286350656,4.174584221,-0.026074963,3680284.115,3874578.529,0.052793319,3.923833298,4.063792234,0.03566893,14440821.36,15745482.14,0.09034533
Produce,Last 04 Wks,1.0,2024/01/28,2025/01/26,Total U.S.,Papaya,6701331.24,8542237.668,0.274707571,1.362445663,1.378008289,0.011422566,3204388.757,4249785.19,0.326238953,2.849279654,2.769851602,-0.027876538,9130199.686,11771274.32,0.289268003
Produce,Last 04 Wks,1.0,2024/01/28,2025/01/26,Total U.S.,Peaches,1421805.51,1234005.979,-0.132085247,3.165610873,3.315939003,0.047487874,1017697.096,890448.8033,-0.125035527,4.42261553,4.595310297,0.039048108,4500882.982,4091888.555,-0.09086982
Produce,Last 04 Wks,1.0,2024/01/28,2025/01/26,Total U.S.,Pears,26571215.86,20454203.83,-0.230211973,1.844542897,2.203355133,0.194526371,14933491.83,12011602.3,-0.195660169,3.282001828,3.752028571,0.143213431,49011747.48,45067875,-0.080467902
Produce,Last 04 Wks,1.0,2024/01/28,2025/01/26,Total U.S.,Pineapple,61993893.12,60235437.78,-0.028364977,1.28647313,1.382813545,0.074887235,23926415.87,23574376.47,-0.01471342,3.33328143,3.533259061,0.059994224,79753477.71,83294379.26,0.044398083
Produce,Last 04 Wks,1.0,2024/01/28,2025/01/26,Total U.S.,Plums,490225.9253,351487.5185,-0.283009118,3.396949077,3.842220837,0.131079904,459541.8143,330560.3864,-0.280673975,3.623767093,4.085464329,0.127408088,1665272.505,1350492.667,-0.189026022
Produce,Last 04 Wks,1.0,2024/01/28,2025/01/26,Total U.S.,Pomegranates,4749107.027,6634334.82,0.396964689,4.056233644,4.134926292,0.019400423,5304273.94,7072387.402,0.333337509,3.631691711,3.878815444,0.068046451,19263487.7,27432485.48,0.424066395
Produce,Last 04 Wks,1.0,2024/01/28,2025/01/26,Total U.S.,Tangelos,203025.9414,264103.2034,0.300834768,1.956420681,1.973450509,0.008704584,140148.6272,185801.0624,0.325743007,2.834163692,2.805121748,-0.010247095,397204.1506,521194.601,0.312157993
Produce,Last 04 Wks,1.0,2024/01/28,2025/01/26,Total U.S.,Tangerines,127796713.7,127086184.6,-0.005559838,1.662748098,1.644304976,-0.011091952,42624796.2,42236858.68,-0.009101217,4.985214277,4.947537583,-0.007557688,212493742.5,208968445.7,-0.016590121
Produce,Last 04 Wks,1.0,2024/01/28,2025/01/26,Total U.S.,Variety,14771318.55,15069994.41,0.020219987,4.807723184,5.020134922,0.044181358,12078346.69,12225348.38,0.01217068,5.879646646,6.188241257,0.052485231,71016410.64,75653405.23,0.065294691
Produce,Last 04 Wks,1.0,2024/01/28,2025/01/26,Total U.S.,Rhubarb,40, ,-1,0.33175, , ,2.0, ,-1.0,6.635, , ,13.27, ,-1.0
Produce,Last 04 Wks,2.0,2024/02/25,2025/02/23,Total U.S.,Total Store with Perimeter, , , , , , ,18709621009.0,18741551524,0.001706636,4.505216937,4.581602376,0.016954886,84290901452.0,85866336995,0.018690458
Produce,Last 04 Wks,2.0,2024/02/25,2025/02/23,Total U.S.,Produce Department,3243604510,3316852526,0.022582289,1.970754867,1.963139192,-0.003864344,2416337520.0,2459276237,0.017770165,2.645470396,2.647707114,0.00084549,6392349376.0,6511443188,0.018630679
Produce,Last 04 Wks,2.0,2024/02/25,2025/02/23,Total U.S.,Vegetable Aisle,1527892934,1550358111,0.014703371,2.0382664,1.990138463,-0.023612192,1292566607.0,1299816075,0.005608584,2.409355784,2.37374146,-0.014781679,3114252829.0,3085427308,-0.009255999
Produce,Last 04 Wks,2.0,2024/02/25,2025/02/23,Total U.S.,Fruit Aisle,1682897235,1733900751,0.03030697,1.87859748,1.909758423,0.016587344,1059575032.0,1095371665,0.033783953,2.983730657,3.023021016,0.013168199,3161486506.0,3311331564,0.047397026
Produce,Last 04 Wks,2.0,2024/02/25,2025/02/23,Total U.S.,Blackberries,10617323.69,11589322.35,0.091548369,7.489970834,7.343353403,-0.019575167,23756028.5,25213010.75,0.061331054,3.347505866,3.375419562,0.008338655,79523444.74,85104489.71,0.070181127
Produce,Last 04 Wks,2.0,2024/02/25,2025/02/23,Total U.S.,Blueberries,47084801.72,50293116.19,0.068139067,5.634814204,5.088540245,-0.096946224,58540237.1,61555704.92,0.051511029,4.532166637,4.157511413,-0.082665809,265314109.5,255918545.8,-0.035412982
Produce,Last 04 Wks,2.0,2024/02/25,2025/02/23,Total U.S.,Raspberries,11643949.74,10645949.15,-0.085709799,9.32307318,10.00818217,0.073485317,25997215.38,23454898.11,-0.097791907,4.175731668,4.542616128,0.08786112,108557395.5,106546598.4,-0.018522894
Produce,Last 04 Wks,2.0,2024/02/25,2025/02/23,Total U.S.,Strawberries,116136449.6,120344056.2,0.036229854,3.628043715,3.722678015,0.026084112,105145288.2,106259740,0.010599161,4.00729432,4.216104539,0.052107532,421348116.0,448002172.2,0.06325899
Produce,Last 04 Wks,2.0,2024/02/25,2025/02/23,Total U.S.,Apples,211734038.5,209517720.2,-0.010467463,1.735776389,1.822399175,0.049904346,97962197.71,97089387.68,-0.008909662,3.751681295,3.932715299,0.0482541,367522944.8,381824920.3,0.038914511
Produce,Last 04 Wks,2.0,2024/02/25,2025/02/23,Total U.S.,Apricots,35465.31559,42828.72525,0.207622843,4.561432965,4.102250454,-0.100666285,44111.82424,55867.15896,0.266489426,3.667330981,3.144855777,-0.142467426,161772.6596,175694.1576,0.086055938
Produce,Last 04 Wks,2.0,2024/02/25,2025/02/23,Total U.S.,Avocados,102796025.1,102599237.1,-0.001914355,2.116614375,2.518317663,0.18978577,124678111.3,123421915.7,-0.01007551,1.745130258,2.093448878,0.199594626,217579544.4,258377471,0.187508098
Produce,Last 04 Wks,2.0,2024/02/25,2025/02/23,Total U.S.,Bananas,463709280.9,479150210.4,0.033298729,0.609786459,0.589111437,-0.033905349,254158184.9,258967022.5,0.018920648,1.11254981,1.089995422,-0.0202727,282763640.4,282272868.9,-0.001735625
Produce,Last 04 Wks,2.0,2024/02/25,2025/02/23,Total U.S.,Cherries,6496539.114,7392504.291,0.137914228,5.155039815,4.67087126,-0.0939214,5479994.157,6211903.012,0.133560152,6.111305383,5.558592232,-0.090441095,33489917.79,34529435.83,0.031039731
Produce,Last 04 Wks,2.0,2024/02/25,2025/02/23,Total U.S.,Coconuts,833518.6431,894408.6509,0.073051765,2.354005898,2.453639356,0.042325067,669098.6235,716585.8509,0.07097194,2.932464263,3.062516882,0.04434926,1962107.802,2194556.266,0.118468753
Produce,Last 04 Wks,2.0,2024/02/25,2025/02/23,Total U.S.,Dates,3484.492433,3822.062211,0.096877747,8.914470125,8.764220411,-0.016854587,4928.964827,5306.2542,0.076545357,6.302013666,6.312813971,0.001713786,31062.4037,33497.39565,0.078390326
Produce,Last 04 Wks,2.0,2024/02/25,2025/02/23,Total U.S.,Grapefruit,15394032.2,15444378.16,0.003270485,1.369155692,1.372694572,0.002584717,5983309.041,5850296.123,-0.022230661,3.522603742,3.623818971,0.028733073,21076826.82,21200414.07,0.005863656
Produce,Last 04 Wks,2.0,2024/02/25,2025/02/23,Total U.S.,Grapes,137250939,151517497.1,0.103945068,2.586521693,2.465289926,-0.046870578,74274755.02,82985756.06,0.117280778,4.779585352,4.501188843,-0.058247,355002531.1,373534559.3,0.052202524
Produce,Last 04 Wks,2.0,2024/02/25,2025/02/23,Total U.S.,Kiwi,7930031.594,9871383.31,0.244810086,3.191630983,3.366908964,0.054917997,5914184.523,7324797.721,0.238513559,4.279496934,4.537469869,0.060281136,25309734.53,33236048.95,0.313172562
Produce,Last 04 Wks,2.0,2024/02/25,2025/02/23,Total U.S.,Lemons,35715257.37,38004442.7,0.064095445,2.044400011,1.998251036,-0.022573359,38025904.13,41641344.53,0.095078355,1.920171899,1.823726344,-0.050227563,73016272.55,75942417,0.040075237
Produce,Last 04 Wks,2.0,2024/02/25,2025/02/23,Total U.S.,Limes,31808844.51,32141053.2,0.010443909,1.909457514,1.892851367,-0.008696788,39843229.31,35452640.47,-0.110196611,1.524415521,1.716042463,0.12570519,60737637.16,60838236.48,0.001656293
Produce,Last 04 Wks,2.0,2024/02/25,2025/02/23,Total U.S.,Mangoes,11321148.79,30152217.11,1.663353134,2.40849711,1.745242577,-0.275381079,9168982.691,26463100.36,1.886154468,2.973825457,1.988539982,-0.331319201,27266954.14,52622933.1,0.929916074
Produce,Last 04 Wks,2.0,2024/02/25,2025/02/23,Total U.S.,Melons,105618542.8,86765363.82,-0.178502548,1.546980444,1.734318291,0.12109904,35993717.25,32060132.63,-0.109285312,4.53939834,4.693641143,0.033978689,163389820.4,150478757.5,-0.079019995
Produce,Last 04 Wks,2.0,2024/02/25,2025/02/23,Total U.S.,Nectarines,4496676.771,6836908.335,0.520435798,2.577444659,2.007987918,-0.220938494,3015025.299,5374343.908,0.782520336,3.844059129,2.554438192,-0.335484157,11589935.53,13728429.34,0.184513003
Produce,Last 04 Wks,2.0,2024/02/25,2025/02/23,Total U.S.,Oranges,100432579,112247368.7,0.117639016,1.401214987,1.400413377,-0.000572082,36195464.34,40982098.16,0.132244023,3.887990868,3.835643457,-0.013463872,140727634.8,157192716.7,0.116999635
Produce,Last 04 Wks,2.0,2024/02/25,2025/02/23,Total U.S.,Other,3373146.514,4097002.666,0.214593748,4.668424636,4.352174282,-0.067742414,3590019.831,3992078.273,0.111993376,4.38640482,4.466563134,0.018274263,15747280.29,17830869.64,0.132314235
Produce,Last 04 Wks,2.0,2024/02/25,2025/02/23,Total U.S.,Papaya,7518718.458,9704243.516,0.290677869,1.316605728,1.388440146,0.054560311,3708263.857,4880831.93,0.316204056,2.669493912,2.760546045,0.034108388,9899187.788,13473761.28,0.361097655
Produce,Last 04 Wks,2.0,2024/02/25,2025/02/23,Total U.S.,Peaches,2913327.993,2836622.51,-0.026329162,2.902456848,2.890075767,-0.004265725,2040782.968,1995806.478,-0.02203884,4.143414032,4.107639725,-0.008634017,8455808.786,8198053.974,-0.030482573
Produce,Last 04 Wks,2.0,2024/02/25,2025/02/23,Total U.S.,Pears,23485154.68,17181432.59,-0.268413054,1.815567909,2.210165311,0.217341031,13120029.59,9893957.223,-0.245889107,3.249908309,3.838080704,0.180981228,42638893.17,37973806.31,-0.109409192
Produce,Last 04 Wks,2.0,2024/02/25,2025/02/23,Total U.S.,Pineapple,62729506.1,57913354.77,-0.07677649,1.356052069,1.464183018,0.079739526,25450887.5,23559852.88,-0.074301323,3.342299027,3.599162992,0.076852479,85064476.52,84795750.59,-0.003159085
Produce,Last 04 Wks,2.0,2024/02/25,2025/02/23,Total U.S.,Plums,2153116.574,1792566.053,-0.167455179,3.178163188,3.421982929,0.076717188,1846775.199,1594813.034,-0.136433587,3.70535398,3.846300664,0.038038656,6842955.834,6134130.432,-0.103584682
Produce,Last 04 Wks,2.0,2024/02/25,2025/02/23,Total U.S.,Pomegranates,1223132.587,1574911.313,0.287604737,6.38582203,8.376653576,0.311758069,1843349.974,2611020.478,0.416454019,4.237234996,5.052617009,0.192432569,7810707.019,13192486.48,0.689025904
Produce,Last 04 Wks,2.0,2024/02/25,2025/02/23,Total U.S.,Tangelos,1308986.984,1139444.073,-0.129522229,1.768189383,1.80923971,0.023216024,997394.2015,860168.0594,-0.13758466,2.320583861,2.396656608,0.032781727,2314536.888,2061527.463,-0.109313196
Produce,Last 04 Wks,2.0,2024/02/25,2025/02/23,Total U.S.,Tangerines,137601999.1,143223249.9,0.04085152,1.621749219,1.608431723,-0.008211809,44798621.06,48126710.73,0.074290002,4.981312575,4.786631273,-0.03908233,223155934.5,230364818.7,0.032304246
Produce,Last 04 Wks,2.0,2024/02/25,2025/02/23,Total U.S.,Variety,16002396.08,15720806.63,-0.017596706,4.847685372,5.054165449,0.042593539,13015438.42,12820105.63,-0.015007776,5.960197338,6.197730344,0.039853212,77574581.39,79455557.69,0.024247328
Produce,Last 04 Wks,2.0,2024/02/25,2025/02/23,Total U.S.,Rhubarb,20, ,-1,0.403, , ,1.0, ,-1.0,8.06, , ,8.06, ,-1.0
