Report,Timeframe,Period,Prior Year Week Ending,Current Year Week Ending,Geography,Variety,Volume Prior Year,Volume Current Year,Volume Variance,Price per Volume Prior Year,Price per Volume Current Year,Price per Volume Variance,Units Prior Year,Units Current Year,Unit Variance,Price per Unit Prior Year,Price per Unit Current Year,Price per Unit Variance,Dollars Prior Year,Dollars Current Year,Dollar Variance
Produce,Last 04 Wks,1,2020/02/02,2021/01/31,Total U.S.,Total Store with Perimeter,0,0,0,0,0,0,18797724287,19920878365,0.0597,3.4055,3.5718,0.0489,64014972475,71153824858,0.1115
Produce,Last 04 Wks,1,2020/02/02,2021/01/31,Total U.S.,Produce Department,3038689944,3313058947,0.0903,1.6507,1.6978,0.0285,2259357207,2463539825,0.0904,2.2201,2.2833,0.0285,5015952270,5624924320,0.1214
Produce,Last 04 Wks,1,2020/02/02,2021/01/31,Total U.S.,Vegetable Aisle,1452029124,1638973842,0.1287,1.7998,1.8203,0.0113,1251433780,1399323738,0.1182,2.0884,2.132,0.0209,2613433100,2983380208,0.1416
Produce,Last 04 Wks,1,2020/02/02,2021/01/31,Total U.S.,Fruit Aisle,1557148901,1644392615,0.056,1.4882,1.5524,0.0431,957640975.4,1008258678,0.0529,2.4199,2.5318,0.0463,2317388003,2552725898,0.1016
Produce,Last 04 Wks,1,2020/02/02,2021/01/31,Total U.S.,Blackberries,8830568.424,9613482.315,0.0887,6.0593,6.5588,0.0824,20231631.88,21511594.64,0.0633,2.6447,2.9311,0.1083,53506867.12,63052551.38,0.1784
Produce,Last 04 Wks,1,2020/02/02,2021/01/31,Total U.S.,Blueberries,42340173.86,42620129.93,0.0066,3.82,4.2229,0.1055,54426722.45,55780887.28,0.0249,2.9717,3.2266,0.0858,161739955.9,179981941.7,0.1128
Produce,Last 04 Wks,1,2020/02/02,2021/01/31,Total U.S.,Raspberries,11444435,13024134.32,0.138,7.3603,7.3833,0.0031,26510941.77,29685725.77,0.1198,3.1773,3.2393,0.0195,84234322.25,96161125.03,0.1416
Produce,Last 04 Wks,1,2020/02/02,2021/01/31,Total U.S.,Strawberries,72222983.81,77409048.31,0.0718,3.1239,3.293,0.0541,65814778.45,70335752.99,0.0687,3.4281,3.6241,0.0572,225619289,254904609.2,0.1298
Produce,Last 04 Wks,1,2020/02/02,2021/01/31,Total U.S.,Apples,214807712.6,221042629.5,0.029,1.5817,1.6446,0.0397,103840617.8,103935417.6,0.0009,3.2719,3.4975,0.0689,339760412.2,363517451.6,0.0699
Produce,Last 04 Wks,1,2020/02/02,2021/01/31,Total U.S.,Apricots,71329.3012,187780.4466,1.6326,3.5508,3.3362,-0.0604,74842.9061,167121.3188,1.233,3.3841,3.7486,0.1077,253274.2414,626473.6832,1.4735
Produce,Last 04 Wks,1,2020/02/02,2021/01/31,Total U.S.,Avocados,94003195.17,98966412.91,0.0528,2.0464,1.9907,-0.0272,127876338.3,124320632.8,-0.0278,1.5044,1.5847,0.0534,192371169.5,197016931.6,0.0241
Produce,Last 04 Wks,1,2020/02/02,2021/01/31,Total U.S.,Bananas,478204152.3,487614943.7,0.0197,0.5344,0.5526,0.0341,243028888.8,249000167.8,0.0246,1.0516,1.0822,0.0291,255561345.4,269467742.3,0.0544
Produce,Last 04 Wks,1,2020/02/02,2021/01/31,Total U.S.,Cherries,2866717.676,4434858.932,0.547,4.9726,4.5956,-0.0758,2440796.507,3693124.339,0.5131,5.8403,5.5186,-0.0551,14255064.91,20380841.58,0.4297
Produce,Last 04 Wks,1,2020/02/02,2021/01/31,Total U.S.,Coconuts,581846.614,674172.1725,0.1587,2.0296,2.0707,0.0203,471822.8792,555462.1404,0.1773,2.5029,2.5133,0.0041,1180918.645,1396026.407,0.1822
Produce,Last 04 Wks,1,2020/02/02,2021/01/31,Total U.S.,Dates,31564.2843,5010.8708,-0.8412,6.8083,8.0556,0.1832,46385.0572,7756.4402,-0.8328,4.6329,5.2041,0.1233,214898.5779,40365.385,-0.8122
Produce,Last 04 Wks,1,2020/02/02,2021/01/31,Total U.S.,Grapefruit,20711362.36,22858803.65,0.1037,1.0992,1.1649,0.0598,9018656.378,8950925.973,-0.0075,2.5244,2.975,0.1785,22766279.15,26628685.88,0.1697
Produce,Last 04 Wks,1,2020/02/02,2021/01/31,Total U.S.,Grapes,115242461.5,131285951.2,0.1392,2.1689,2.0446,-0.0573,60768546.48,70202304.85,0.1552,4.1131,3.8237,-0.0704,249944087.4,268430636.4,0.074
Produce,Last 04 Wks,1,2020/02/02,2021/01/31,Total U.S.,Kiwi,6834547.749,8347735.706,0.2214,2.3204,2.313,-0.0032,5908166.515,7121915.144,0.2054,2.6843,2.7112,0.01,15859031.94,19308662.8,0.2175
Produce,Last 04 Wks,1,2020/02/02,2021/01/31,Total U.S.,Lemons,28988125.64,35582973.43,0.2275,1.8408,1.8903,0.0269,32561659.24,38962404.54,0.1966,1.6388,1.7263,0.0534,53361542.74,67262310.62,0.2605
Produce,Last 04 Wks,1,2020/02/02,2021/01/31,Total U.S.,Limes,23756888.65,29180045.52,0.2283,1.5698,1.5635,-0.004,26498102.14,33529008.45,0.2653,1.4074,1.3607,-0.0332,37293999.6,45622690.2,0.2233
Produce,Last 04 Wks,1,2020/02/02,2021/01/31,Total U.S.,Mangoes,17321439.04,16113698.82,-0.0697,1.5796,1.7502,0.108,16723062.07,15751163.54,-0.0581,1.6361,1.7905,0.0943,27360797,28201880.48,0.0307
Produce,Last 04 Wks,1,2020/02/02,2021/01/31,Total U.S.,Melons,85180497.27,76077758.43,-0.1069,1.1192,1.3406,0.1978,26787605.18,25546242.08,-0.0463,3.5588,3.9922,0.1218,95332402.65,101986805.6,0.0698
Produce,Last 04 Wks,1,2020/02/02,2021/01/31,Total U.S.,Nectarines,2274371.307,1930878.696,-0.151,2.488,2.5927,0.0421,1638510.825,1376183.462,-0.1601,3.4536,3.6377,0.0533,5658711.358,5006182.585,-0.1153
Produce,Last 04 Wks,1,2020/02/02,2021/01/31,Total U.S.,Oranges,103215484.5,117560933.3,0.139,1.0799,1.1683,0.0819,35939142.14,41824699.26,0.1638,3.1013,3.2838,0.0588,111459274.3,137342131.9,0.2322
Produce,Last 04 Wks,1,2020/02/02,2021/01/31,Total U.S.,Other,2244908.573,2505039.394,0.1159,3.275,3.8326,0.1702,2424199.492,2669932.199,0.1014,3.0328,3.5959,0.1857,7352124.731,9600709.144,0.3058
Produce,Last 04 Wks,1,2020/02/02,2021/01/31,Total U.S.,Papaya,5229971.143,6027446.782,0.1525,1.3122,1.3945,0.0627,2174959.794,2645345.761,0.2163,3.1553,3.1774,0.007,6862746.248,8405329.864,0.2248
Produce,Last 04 Wks,1,2020/02/02,2021/01/31,Total U.S.,Peaches,2878633.445,2679236.571,-0.0693,2.6547,2.6595,0.0018,2100231.306,1941327.168,-0.0757,3.6387,3.6703,0.0087,7642046.056,7125345.372,-0.0676
Produce,Last 04 Wks,1,2020/02/02,2021/01/31,Total U.S.,Pears,23879394.33,28100361.14,0.1768,1.6141,1.6564,0.0262,14172604.95,15708013.83,0.1083,2.7196,2.9632,0.0895,38544245.44,46545454.29,0.2076
Produce,Last 04 Wks,1,2020/02/02,2021/01/31,Total U.S.,Pineapple,46776370.85,55193343.52,0.1799,1.1469,1.1093,-0.0328,17650035.35,20391402.36,0.1553,3.0395,3.0025,-0.0122,53648153.52,61224999.91,0.1412
Produce,Last 04 Wks,1,2020/02/02,2021/01/31,Total U.S.,Plums,974749.6477,814902.5058,-0.164,2.8524,2.9307,0.0274,818015.3824,718901.7373,-0.1212,3.399,3.3221,-0.0226,2780405.008,2388237.16,-0.141
Produce,Last 04 Wks,1,2020/02/02,2021/01/31,Total U.S.,Pomegranates,984598.6402,3619379.794,2.676,5.9777,3.6359,-0.3918,1486642.502,4072387.428,1.7393,3.959,3.2314,-0.1838,5885602.741,13159607.22,1.2359
Produce,Last 04 Wks,1,2020/02/02,2021/01/31,Total U.S.,Tangelos,2047996.032,1620751.507,-0.2086,1.4579,1.3903,-0.0464,1468892.797,1035297.082,-0.2952,2.0327,2.1765,0.0707,2985810.772,2253297.124,-0.2453
Produce,Last 04 Wks,1,2020/02/02,2021/01/31,Total U.S.,Tangerines,127081347.7,133517697.5,0.0506,1.3863,1.4005,0.0102,40963145.77,43047521.55,0.0509,4.3008,4.3437,0.01,176176246.6,186985684.2,0.0614
Produce,Last 04 Wks,1,2020/02/02,2021/01/31,Total U.S.,Variety,14017191.68,13389684.77,-0.0448,4.0325,4.1914,0.0394,11543933.3,11205839.16,-0.0293,4.8964,5.0083,0.0228,56523857.92,56121981.99,-0.0071
Produce,Last 04 Wks,2,2020/03/01,2021/02/28,Total U.S.,Total Store with Perimeter,0,0,0,0,0,0,19081786242,19886664181,0.0422,3.4626,3.6121,0.0432,66072427351,71833574036,0.0872
Produce,Last 04 Wks,2,2020/03/01,2021/02/28,Total U.S.,Produce Department,3040355132,3300455891,0.0855,1.657,1.707,0.0302,2235747487,2438750160,0.0908,2.2533,2.3101,0.0252,5037823866,5633769140,0.1183
Produce,Last 04 Wks,2,2020/03/01,2021/02/28,Total U.S.,Vegetable Aisle,1419788646,1601746114,0.1282,1.7986,1.8149,0.0091,1215827203,1367262903,0.1246,2.1003,2.1262,0.0123,2553597815,2907058521,0.1384
Produce,Last 04 Wks,2,2020/03/01,2021/02/28,Total U.S.,Fruit Aisle,1592773714,1669103681,0.0479,1.5078,1.5781,0.0466,971840089.3,1015659070,0.0451,2.4712,2.5934,0.0495,2401593178,2634011978,0.0968
Produce,Last 04 Wks,2,2020/03/01,2021/02/28,Total U.S.,Blackberries,8556055.343,7721100.41,-0.0976,6.1125,7.213,0.18,19422574.58,16835812.43,-0.1332,2.6927,3.308,0.2285,52299026.52,55692616.33,0.0649
Produce,Last 04 Wks,2,2020/03/01,2021/02/28,Total U.S.,Blueberries,42727440.18,37552582.59,-0.1211,3.7752,4.93,0.3059,51956253.83,48898181.39,-0.0589,3.1047,3.7861,0.2195,161306397.2,185132489.9,0.1477
Produce,Last 04 Wks,2,2020/03/01,2021/02/28,Total U.S.,Raspberries,10737637.39,10504627.37,-0.0217,7.9367,8.4782,0.0682,24448225.2,23363291.32,-0.0444,3.4858,3.812,0.0936,85221315.71,89060450.73,0.045
Produce,Last 04 Wks,2,2020/03/01,2021/02/28,Total U.S.,Strawberries,106857346,98236291.18,-0.0807,2.8218,3.3178,0.1758,97699237.87,89903143.91,-0.0798,3.0863,3.6253,0.1747,301527391.7,325929881.4,0.0809
Produce,Last 04 Wks,2,2020/03/01,2021/02/28,Total U.S.,Apples,203239536.3,207509636.4,0.021,1.6102,1.7012,0.0565,98372833.02,97867882.86,-0.0051,3.3267,3.6071,0.0843,327259943.9,353016639,0.0787
Produce,Last 04 Wks,2,2020/03/01,2021/02/28,Total U.S.,Apricots,19721.6446,33776.8466,0.7127,4.2258,4.0581,-0.0397,26158.4755,42966.8997,0.6426,3.186,3.1902,0.0013,83339.8368,137071.3949,0.6447
Produce,Last 04 Wks,2,2020/03/01,2021/02/28,Total U.S.,Avocados,81426953.93,101638112.1,0.2482,2.2723,1.929,-0.1511,107321011.9,129837461.9,0.2098,1.724,1.51,-0.1241,185023292.3,196057121.2,0.0596
Produce,Last 04 Wks,2,2020/03/01,2021/02/28,Total U.S.,Bananas,483210051.7,487558659.9,0.009,0.5361,0.5489,0.0239,246208235.9,248786987,0.0105,1.0521,1.0757,0.0224,259040107.1,267621327.6,0.0331
Produce,Last 04 Wks,2,2020/03/01,2021/02/28,Total U.S.,Cherries,1093470.903,2256183.378,1.0633,5.8477,5.4426,-0.0693,930511.6121,1908403.864,1.0509,6.8718,6.4345,-0.0636,6394249.769,12279575.15,0.9204
Produce,Last 04 Wks,2,2020/03/01,2021/02/28,Total U.S.,Coconuts,583387.7756,720282.0047,0.2347,2.053,2.0905,0.0183,474625.5001,596543.1158,0.2569,2.5235,2.5241,0.0003,1197708.855,1505748.551,0.2572
Produce,Last 04 Wks,2,2020/03/01,2021/02/28,Total U.S.,Dates,32162.6529,4965.5008,-0.8456,6.8198,8.0117,0.1748,47939.9771,7711.2635,-0.8391,4.5754,5.1589,0.1276,219342.5732,39782.0059,-0.8186
Produce,Last 04 Wks,2,2020/03/01,2021/02/28,Total U.S.,Grapefruit,18958094.7,20758238.67,0.095,1.1031,1.1584,0.0502,8455502.54,7926227.14,-0.0626,2.4732,3.0338,0.2267,20912373.53,24046968.44,0.1499
Produce,Last 04 Wks,2,2020/03/01,2021/02/28,Total U.S.,Grapes,124307072.8,140197029,0.1278,2.0844,1.9591,-0.0601,65846843.57,73498518.39,0.1162,3.935,3.737,-0.0503,259108367.2,274660597.2,0.06
Produce,Last 04 Wks,2,2020/03/01,2021/02/28,Total U.S.,Kiwi,6418942.693,6986261.937,0.0884,2.2456,2.3664,0.0538,5670384.233,6069933.621,0.0705,2.542,2.7237,0.0715,14414269.73,16532527.5,0.147
Produce,Last 04 Wks,2,2020/03/01,2021/02/28,Total U.S.,Lemons,28245479.32,35049014.27,0.2409,1.9074,1.9069,-0.0002,31653483.81,38505835.72,0.2165,1.702,1.7357,0.0198,53874140.11,66834464.09,0.2406
Produce,Last 04 Wks,2,2020/03/01,2021/02/28,Total U.S.,Limes,22834072.45,29185541.76,0.2782,1.5703,1.6447,0.0474,25598812.4,33345963.86,0.3026,1.4007,1.4395,0.0277,35855370.91,48000657.12,0.3387
Produce,Last 04 Wks,2,2020/03/01,2021/02/28,Total U.S.,Mangoes,19519805.03,17525774.78,-0.1022,1.6332,1.8058,0.1057,19068912.36,16403795.49,-0.1398,1.6718,1.9293,0.154,31880127.41,31647506.33,-0.0073
Produce,Last 04 Wks,2,2020/03/01,2021/02/28,Total U.S.,Melons,94909827.72,86311011.55,-0.0906,1.0457,1.2897,0.2333,27925316.94,27315889.21,-0.0218,3.554,4.075,0.1466,99245731.88,111311235,0.1216
Produce,Last 04 Wks,2,2020/03/01,2021/02/28,Total U.S.,Nectarines,5315114.036,4639852.419,-0.127,2.1727,2.2597,0.0401,3546302.873,3018326.577,-0.1489,3.2563,3.4736,0.0667,11547965.31,10484593.75,-0.0921
Produce,Last 04 Wks,2,2020/03/01,2021/02/28,Total U.S.,Oranges,98435593.46,108113770.6,0.0983,1.1046,1.2037,0.0897,35803392.75,39000239.42,0.0893,3.0369,3.3369,0.0988,108732231.7,130140007.2,0.1969
Produce,Last 04 Wks,2,2020/03/01,2021/02/28,Total U.S.,Other,2455351.995,2382764.897,-0.0296,3.4558,4.0271,0.1653,2511623.376,2590888.483,0.0316,3.3784,3.7036,0.0963,8485150.184,9595648.232,0.1309
Produce,Last 04 Wks,2,2020/03/01,2021/02/28,Total U.S.,Papaya,5486099.014,6807319.639,0.2408,1.3079,1.3197,0.009,2288232.152,2986368.713,0.3051,3.1358,3.0082,-0.0407,7175399.146,8983470.807,0.252
Produce,Last 04 Wks,2,2020/03/01,2021/02/28,Total U.S.,Peaches,4588656.75,4502777.979,-0.0187,2.5323,2.6127,0.0317,3293194.881,3246004.632,-0.0143,3.5285,3.6243,0.0271,11620068.11,11764358.16,0.0124
Produce,Last 04 Wks,2,2020/03/01,2021/02/28,Total U.S.,Pears,20702299.62,25710457.15,0.2419,1.6605,1.6639,0.0021,12272368.27,14189429.07,0.1562,2.8011,3.0149,0.0763,34375779.74,42779277.3,0.2445
Produce,Last 04 Wks,2,2020/03/01,2021/02/28,Total U.S.,Pineapple,46252292.6,55558471.46,0.2012,1.2601,1.1601,-0.0794,18517412.83,21738993.83,0.174,3.1474,2.9648,-0.058,58282014.73,64451256.16,0.1059
Produce,Last 04 Wks,2,2020/03/01,2021/02/28,Total U.S.,Plums,3730696.039,3790755.223,0.0161,2.385,2.4387,0.0225,3011370.562,3054354.55,0.0143,2.9547,3.0267,0.0244,8897631.483,9244533.552,0.039
Produce,Last 04 Wks,2,2020/03/01,2021/02/28,Total U.S.,Pomegranates,372896.3822,1075344.29,1.8838,9.2442,5.4873,-0.4064,756758.9758,1538770.017,1.0334,4.5551,3.8347,-0.1582,3447141.187,5900716.846,0.7118
Produce,Last 04 Wks,2,2020/03/01,2021/02/28,Total U.S.,Tangelos,2491617.15,2414245.671,-0.0311,1.49,1.4995,0.0063,1864702.035,1691294.762,-0.093,1.991,2.1404,0.075,3712593.161,3620046.587,-0.0249
Produce,Last 04 Wks,2,2020/03/01,2021/02/28,Total U.S.,Tangerines,133226025.9,148095647.5,0.1116,1.3556,1.3837,0.0207,43417536.73,47621576.62,0.0968,4.1595,4.303,0.0345,180597042.8,204913908.3,0.1346
Produce,Last 04 Wks,2,2020/03/01,2021/02/28,Total U.S.,Variety,13848171.37,13936449.12,0.0064,4.1802,4.2838,0.0248,11264004.48,11548626.32,0.0253,5.1392,5.1695,0.0059,57888107.87,59700809.04,0.0313
Produce,Last 04 Wks,3,2020/03/29,2021/03/28,Total U.S.,Total Store with Perimeter,0,0,0,0,0,0,24922874596,19638078243,-0.212,3.4973,3.6808,0.0525,87162299448,72284212631,-0.1707
Produce,Last 04 Wks,3,2020/03/29,2021/03/28,Total U.S.,Produce Department,3834747547,3322915610,-0.1335,1.5602,1.6945,0.0861,2642854216,2433036586,-0.0794,2.2638,2.3143,0.0223,5982989128,5630763711,-0.0589
Produce,Last 04 Wks,3,2020/03/29,2021/03/28,Total U.S.,Vegetable Aisle,1914260362,1585899676,-0.1715,1.6494,1.7991,0.0908,1501394245,1349754168,-0.101,2.103,2.1139,0.0052,3157396232,2853270941,-0.0963
Produce,Last 04 Wks,3,2020/03/29,2021/03/28,Total U.S.,Fruit Aisle,1892178409,1708995459,-0.0968,1.4525,1.5744,0.0839,1092959932,1030246756,-0.0574,2.5146,2.6116,0.0386,2748336115,2690566145,-0.021
Produce,Last 04 Wks,3,2020/03/29,2021/03/28,Total U.S.,Blackberries,10692905.54,7341261.826,-0.3134,6.1305,7.7959,0.2717,24084644.36,16248074.93,-0.3254,2.7218,3.5224,0.2942,65552535.1,57231964.85,-0.1269
Produce,Last 04 Wks,3,2020/03/29,2021/03/28,Total U.S.,Blueberries,25689856.96,35723577.86,0.3906,6.3361,5.4472,-0.1403,39029184.03,48286070.94,0.2372,4.1706,4.03,-0.0337,162773246.5,194593481.8,0.1955
Produce,Last 04 Wks,3,2020/03/29,2021/03/28,Total U.S.,Raspberries,13451781.06,12222528.4,-0.0914,7.6207,8.319,0.0916,30641900.54,27107886.46,-0.1153,3.3455,3.7509,0.1212,102511345.1,101679793.1,-0.0081
Produce,Last 04 Wks,3,2020/03/29,2021/03/28,Total U.S.,Strawberries,104645211.4,114018595,0.0896,2.6762,2.7773,0.0378,94133611.41,99913367.2,0.0614,2.9751,3.1694,0.0653,280055952.2,316663308.7,0.1307
Produce,Last 04 Wks,3,2020/03/29,2021/03/28,Total U.S.,Apples,245942815.2,201646927.9,-0.1801,1.6012,1.7081,0.0668,114591589.3,95197122.42,-0.1692,3.4365,3.618,0.0528,393796392.7,344424972.1,-0.1254
Produce,Last 04 Wks,3,2020/03/29,2021/03/28,Total U.S.,Apricots,23033.7589,31922.336,0.3859,4.3134,4.1179,-0.0453,30555.4742,41246.1698,0.3499,3.2516,3.1871,-0.0198,99354.1202,131454.5755,0.3231
Produce,Last 04 Wks,3,2020/03/29,2021/03/28,Total U.S.,Avocados,85858635.15,94154817.78,0.0966,2.5997,2.1569,-0.1703,109942881.3,116285279.3,0.0577,2.0302,1.7464,-0.1398,223203596.9,203086310.6,-0.0901
Produce,Last 04 Wks,3,2020/03/29,2021/03/28,Total U.S.,Bananas,545351038.8,490554099,-0.1005,0.538,0.5481,0.0189,275980405.4,251170841.8,-0.0899,1.0631,1.0705,0.007,293381940.6,268882604.1,-0.0835
Produce,Last 04 Wks,3,2020/03/29,2021/03/28,Total U.S.,Cherries,198017.4285,1220826.351,5.1652,5.9926,5.4828,-0.0851,183752.1518,1045901.22,4.6919,6.4578,6.3997,-0.009,1186638.259,6693498.72,4.6407
Produce,Last 04 Wks,3,2020/03/29,2021/03/28,Total U.S.,Coconuts,661185.838,781709.8972,0.1823,2.0438,2.0989,0.027,536159.2724,644562.3921,0.2022,2.5204,2.5455,0.01,1351359.347,1640762.855,0.2142
Produce,Last 04 Wks,3,2020/03/29,2021/03/28,Total U.S.,Dates,28913.8555,5038.1942,-0.8258,6.9114,8.0101,0.159,42217.8689,7914.1257,-0.8125,4.7334,5.0993,0.0773,199835.0968,40356.4687,-0.7981
Produce,Last 04 Wks,3,2020/03/29,2021/03/28,Total U.S.,Grapefruit,20921864.45,13628407.65,-0.3486,1.1399,1.2936,0.1348,9183689.999,6174808.238,-0.3276,2.5969,2.8551,0.0994,23849371.56,17629644.9,-0.2608
Produce,Last 04 Wks,3,2020/03/29,2021/03/28,Total U.S.,Grapes,150408075.1,135070407.4,-0.102,1.866,2.0338,0.0899,76310142.49,71476979.86,-0.0633,3.6779,3.8433,0.045,280664497.1,274709244.9,-0.0212
Produce,Last 04 Wks,3,2020/03/29,2021/03/28,Total U.S.,Kiwi,7537176.571,7049362.701,-0.0647,2.1801,2.3436,0.075,6508256.77,6173509.232,-0.0514,2.5247,2.6761,0.06,16431492.69,16520971.09,0.0054
Produce,Last 04 Wks,3,2020/03/29,2021/03/28,Total U.S.,Lemons,40315197.49,37157859.56,-0.0783,1.9044,1.8791,-0.0132,43884349.45,40045899.83,-0.0875,1.7495,1.7436,-0.0033,76774379.59,69824443.15,-0.0905
Produce,Last 04 Wks,3,2020/03/29,2021/03/28,Total U.S.,Limes,30523926.88,28670241.65,-0.0607,1.6565,1.8585,0.1219,34452420.45,33487309.84,-0.028,1.4676,1.5912,0.0842,50563743.91,53283898.66,0.0538
Produce,Last 04 Wks,3,2020/03/29,2021/03/28,Total U.S.,Mangoes,22881104.69,25048479.85,0.0947,1.6642,1.577,-0.0524,21310841.61,22017594.79,0.0332,1.7868,1.7941,0.0041,38079217.84,39502479.79,0.0374
Produce,Last 04 Wks,3,2020/03/29,2021/03/28,Total U.S.,Melons,129480444.2,121024743.7,-0.0653,0.9818,1.1673,0.1889,36056703.2,36946279.18,0.0247,3.5255,3.8236,0.0845,127117798.2,141266627.6,0.1113
Produce,Last 04 Wks,3,2020/03/29,2021/03/28,Total U.S.,Nectarines,5043699.237,5320781.596,0.0549,2.1607,2.1006,-0.0278,3474625.524,3569134.858,0.0272,3.1364,3.1316,-0.0015,10897855.7,11176927.99,0.0256
Produce,Last 04 Wks,3,2020/03/29,2021/03/28,Total U.S.,Oranges,144503955.9,103785820,-0.2818,1.0816,1.1889,0.0992,49918929.62,37424118.46,-0.2503,3.1309,3.2971,0.0531,156289695.5,123389900.5,-0.2105
Produce,Last 04 Wks,3,2020/03/29,2021/03/28,Total U.S.,Other,2564521.052,2610612.217,0.018,3.423,3.9327,0.1489,2371489.765,2583971.915,0.0896,3.7016,3.9733,0.0734,8778335.97,10266823.96,0.1696
Produce,Last 04 Wks,3,2020/03/29,2021/03/28,Total U.S.,Papaya,7439758.046,7707005.631,0.0359,1.1926,1.2663,0.0618,3137840.243,3402525.283,0.0844,2.8276,2.8683,0.0144,8872424.719,9759353.521,0.1
Produce,Last 04 Wks,3,2020/03/29,2021/03/28,Total U.S.,Peaches,4454488.359,5280060.54,0.1853,2.3444,2.3963,0.0221,3164134.198,3788601.675,0.1974,3.3005,3.3397,0.0119,10443192.93,12652684.44,0.2116
Produce,Last 04 Wks,3,2020/03/29,2021/03/28,Total U.S.,Pears,21709051.67,23298056.92,0.0732,1.68,1.6848,0.0028,12610440.49,12911215.45,0.0239,2.8922,3.0401,0.0511,36472229.09,39251691.41,0.0762
Produce,Last 04 Wks,3,2020/03/29,2021/03/28,Total U.S.,Pineapple,78624024.14,62416693.08,-0.2061,0.7975,1.1311,0.4183,25987046.53,23422934.69,-0.0987,2.4129,3.0141,0.2492,62704974.31,70599729.23,0.1259
Produce,Last 04 Wks,3,2020/03/29,2021/03/28,Total U.S.,Plums,6077907.949,6557772.909,0.079,2.2626,2.223,-0.0175,4618324.932,4984204.299,0.0792,2.9777,2.9248,-0.0177,13751851.44,14577970.71,0.0601
Produce,Last 04 Wks,3,2020/03/29,2021/03/28,Total U.S.,Pomegranates,277938.347,527526.8411,0.898,7.4945,8.5965,0.147,496913,1041827.612,1.0966,4.1919,4.3528,0.0384,2083016.23,4534859.75,1.1771
Produce,Last 04 Wks,3,2020/03/29,2021/03/28,Total U.S.,Tangelos,3260505.911,2484895.493,-0.2379,1.4988,1.4692,-0.0197,2448399.218,1730556.494,-0.2932,1.996,2.1096,0.057,4886906.823,3650867.409,-0.2529
Produce,Last 04 Wks,3,2020/03/29,2021/03/28,Total U.S.,Tangerines,169221804.6,145403936.3,-0.1407,1.3827,1.3816,-0.0008,55692597.71,47236348.04,-0.1518,4.2014,4.2528,0.0122,233988834.9,200888518.1,-0.1415
Produce,Last 04 Wks,3,2020/03/29,2021/03/28,Total U.S.,Variety,12605200.22,15795775.12,0.2531,4.0926,4.2569,0.0401,10343148.44,13168761.38,0.2732,4.9877,5.1061,0.0237,51588618.54,67240358.14,0.3034
Produce,Last 04 Wks,4,2020/04/26,2021/04/25,Total U.S.,Total Store with Perimeter,0,0,0,0,0,0,21225612736,19736250555,-0.0702,3.54,3.7171,0.05,75138955747,73361409076,-0.0237
Produce,Last 04 Wks,4,2020/04/26,2021/04/25,Total U.S.,Produce Department,3740184980,3396470730,-0.0919,1.5751,1.7017,0.0804,2593075014,2453485782,-0.0538,2.2719,2.3558,0.0369,5891132733,5779892289,-0.0189
Produce,Last 04 Wks,4,2020/04/26,2021/04/25,Total U.S.,Vegetable Aisle,1845294073,1584420734,-0.1414,1.6883,1.8286,0.0831,1487710716,1368841766,-0.0799,2.0942,2.1166,0.0107,3115491644,2897291747,-0.07
Produce,Last 04 Wks,4,2020/04/26,2021/04/25,Total U.S.,Fruit Aisle,1864353927,1783866230,-0.0432,1.4462,1.5638,0.0814,1052296170,1031753043,-0.0195,2.5622,2.7038,0.0553,2696170539,2789675988,0.0347
Produce,Last 04 Wks,4,2020/04/26,2021/04/25,Total U.S.,Blackberries,9867585.759,8153814.267,-0.1737,6.3868,7.8238,0.225,22328767.95,17551289.52,-0.214,2.8225,3.6347,0.2878,63022085.09,63793941.52,0.0122
Produce,Last 04 Wks,4,2020/04/26,2021/04/25,Total U.S.,Blueberries,32681571.17,32756491.88,0.0023,5.6549,5.9997,0.061,47733541.98,47479738.48,-0.0053,3.8717,4.1392,0.0691,184810461.6,196528270.7,0.0634
Produce,Last 04 Wks,4,2020/04/26,2021/04/25,Total U.S.,Raspberries,14392167.88,12454736.57,-0.1346,6.7969,8.181,0.2037,33399240.09,27573201.15,-0.1744,2.9289,3.6954,0.2617,97821534.28,101892760,0.0416
Produce,Last 04 Wks,4,2020/04/26,2021/04/25,Total U.S.,Strawberries,116618666,111655269.9,-0.0426,2.7015,2.9377,0.0875,103172938.9,96413683.86,-0.0655,3.0535,3.4021,0.1142,315040128.9,328010005.5,0.0412
Produce,Last 04 Wks,4,2020/04/26,2021/04/25,Total U.S.,Apples,212900422.3,193405098.3,-0.0916,1.6003,1.7541,0.0961,96467997.67,91679002.43,-0.0496,3.5318,3.7005,0.0478,340707618.1,339255673.9,-0.0043
Produce,Last 04 Wks,4,2020/04/26,2021/04/25,Total U.S.,Apricots,17085.1207,27159.1694,0.5896,4.4979,4.1522,-0.0768,22500.2251,34927.1149,0.5523,3.4154,3.2288,-0.0546,76846.8022,112771.3545,0.4675
Produce,Last 04 Wks,4,2020/04/26,2021/04/25,Total U.S.,Avocados,89614441.33,87785069.69,-0.0204,2.6158,2.4847,-0.0501,113033732.9,105223531.2,-0.0691,2.0739,2.0729,-0.0005,234416324.8,218119165.1,-0.0695
Produce,Last 04 Wks,4,2020/04/26,2021/04/25,Total U.S.,Bananas,523604513,490462193.4,-0.0633,0.536,0.5475,0.0214,263000983.4,251974371.2,-0.0419,1.0672,1.0657,-0.0014,280665762.2,268517769,-0.0433
Produce,Last 04 Wks,4,2020/04/26,2021/04/25,Total U.S.,Cherries,43165.3671,53735.3833,0.2449,5.3194,5.6047,0.0536,49641.8213,60101.9306,0.2107,4.6255,5.011,0.0834,229615.8618,301171.8193,0.3116
Produce,Last 04 Wks,4,2020/04/26,2021/04/25,Total U.S.,Coconuts,644962.9696,834496.8126,0.2939,2.0276,2.1109,0.0411,522445.9085,685641.6206,0.3124,2.5031,2.5692,0.0264,1307734.763,1761558.445,0.347
Produce,Last 04 Wks,4,2020/04/26,2021/04/25,Total U.S.,Dates,12591.3605,5578.7451,-0.5569,7.056,7.9503,0.1267,18764.1872,8695.4923,-0.5366,4.7348,5.1006,0.0773,88844.3973,44352.6135,-0.5008
Produce,Last 04 Wks,4,2020/04/26,2021/04/25,Total U.S.,Grapefruit,18138153.76,11228590.57,-0.3809,1.1875,1.3787,0.161,8211126.671,5363903.793,-0.3468,2.6231,2.8861,0.1003,21538461.52,15480664.18,-0.2813
Produce,Last 04 Wks,4,2020/04/26,2021/04/25,Total U.S.,Grapes,128809852.6,136486044.9,0.0596,1.9489,2.0489,0.0513,63733602.57,71195693.39,0.1171,3.9389,3.9278,-0.0028,251037780.6,279645677.9,0.114
Produce,Last 04 Wks,4,2020/04/26,2021/04/25,Total U.S.,Kiwi,6825780.046,7076015.172,0.0367,2.2993,2.4632,0.0713,5897308.477,6635504.968,0.1252,2.6612,2.6268,-0.013,15694210.68,17429855.38,0.1106
Produce,Last 04 Wks,4,2020/04/26,2021/04/25,Total U.S.,Lemons,43955614.82,39130590.69,-0.1098,1.9551,1.8921,-0.0323,46745410.63,42376136.15,-0.0935,1.8384,1.7472,-0.0497,85938617.19,74037770.5,-0.1385
Produce,Last 04 Wks,4,2020/04/26,2021/04/25,Total U.S.,Limes,34543561.15,30203735.02,-0.1256,1.7232,2.0186,0.1714,37965885.79,34963128.89,-0.0791,1.5679,1.7439,0.1122,59525566.67,60970638.83,0.0243
Produce,Last 04 Wks,4,2020/04/26,2021/04/25,Total U.S.,Mangoes,24389711.33,28527281.94,0.1696,1.5796,1.4751,-0.0661,21725428.92,25372420.73,0.1679,1.7733,1.6586,-0.0647,38524893.56,42081842.94,0.0923
Produce,Last 04 Wks,4,2020/04/26,2021/04/25,Total U.S.,Melons,205755473,199446172.6,-0.0307,0.7698,1.0015,0.3009,41138903.02,50039423.32,0.2164,3.8503,3.9917,0.0367,158398102,199741990.7,0.261
Produce,Last 04 Wks,4,2020/04/26,2021/04/25,Total U.S.,Nectarines,1313671.934,1828080.121,0.3916,2.4126,2.3451,-0.028,953891.7797,1357141.536,0.4227,3.3226,3.1589,-0.0493,3169355.493,4287079.685,0.3527
Produce,Last 04 Wks,4,2020/04/26,2021/04/25,Total U.S.,Oranges,139987082,98958823.82,-0.2931,1.1268,1.2153,0.0786,46760165.81,35656776.47,-0.2375,3.3732,3.3729,-0.0001,157731711.9,120266109.5,-0.2375
Produce,Last 04 Wks,4,2020/04/26,2021/04/25,Total U.S.,Other,1892864.54,2481352.61,0.3109,3.4164,3.9098,0.1444,1639746.019,2377359.632,0.4498,3.9437,4.0808,0.0348,6466709.881,9701469.099,0.5002
Produce,Last 04 Wks,4,2020/04/26,2021/04/25,Total U.S.,Papaya,6923554.124,7919230.318,0.1438,1.3218,1.2571,-0.0489,2944161.029,3529498.283,0.1988,3.1083,2.8206,-0.0926,9151297.744,9955220.722,0.0878
Produce,Last 04 Wks,4,2020/04/26,2021/04/25,Total U.S.,Peaches,1012135.173,1500193.155,0.4822,2.611,2.5599,-0.0196,739908.7265,1104021.6,0.4921,3.5717,3.4785,-0.0261,2642705.438,3840300.51,0.4532
Produce,Last 04 Wks,4,2020/04/26,2021/04/25,Total U.S.,Pears,20921530.76,23509672.16,0.1237,1.6346,1.6991,0.0394,11983670.21,13364128.06,0.1152,2.8538,2.9889,0.0473,34199348.08,39944193.38,0.168
Produce,Last 04 Wks,4,2020/04/26,2021/04/25,Total U.S.,Pineapple,69482279.36,87762069.81,0.2631,0.9562,0.9361,-0.021,23134874.87,30488005.47,0.3178,2.8719,2.6948,-0.0617,66441183.74,82158436.73,0.2366
Produce,Last 04 Wks,4,2020/04/26,2021/04/25,Total U.S.,Plums,4453414.548,5269164.891,0.1832,2.2981,2.2751,-0.01,3181357.71,3900588.2,0.2261,3.217,3.0733,-0.0446,10234282.66,11987759.68,0.1713
Produce,Last 04 Wks,4,2020/04/26,2021/04/25,Total U.S.,Pomegranates,362708.9771,572957.199,0.5797,5.9215,8.4586,0.4285,539723.0162,1126327.157,1.0869,3.9794,4.3029,0.0813,2147779.258,4846439.78,1.2565
Produce,Last 04 Wks,4,2020/04/26,2021/04/25,Total U.S.,Tangelos,1971050.808,1932068.841,-0.0198,1.5434,1.6593,0.0751,1366735.699,1391644.598,0.0182,2.2259,2.3037,0.035,3042152.596,3205878.784,0.0538
Produce,Last 04 Wks,4,2020/04/26,2021/04/25,Total U.S.,Tangerines,142263038.7,141379376,-0.0062,1.4386,1.3866,-0.0361,44650211.48,44824071.87,0.0039,4.5837,4.3736,-0.0458,204663941.7,196041675.2,-0.0421
Produce,Last 04 Wks,4,2020/04/26,2021/04/25,Total U.S.,Variety,9570421.54,18351573.88,0.9175,4.1471,4.3056,0.0382,7858082.513,14953372.55,0.9029,5.0508,5.2841,0.0462,39689650.95,79014509.19,0.9908
Produce,Last 04 Wks,5,2020/05/24,2021/05/23,Total U.S.,Total Store with Perimeter,0,0,0,0,0,0,20980833753,19480344372,-0.0715,3.6613,3.7723,0.0303,76816376510,73485546730,-0.0434
Produce,Last 04 Wks,5,2020/05/24,2021/05/23,Total U.S.,Produce Department,4039897752,3521896307,-0.1282,1.5296,1.6907,0.1053,2743862973,2490594453,-0.0923,2.2522,2.3907,0.0615,6179595506,5954311259,-0.0365
Produce,Last 04 Wks,5,2020/05/24,2021/05/23,Total U.S.,Vegetable Aisle,1788411890,1527283773,-0.146,1.735,1.8618,0.0731,1527089907,1351218141,-0.1152,2.032,2.1044,0.0357,3102980361,2843527950,-0.0836
Produce,Last 04 Wks,5,2020/05/24,2021/05/23,Total U.S.,Fruit Aisle,2219182111,1966985868,-0.1136,1.3476,1.5353,0.1393,1160526648,1088372145,-0.0622,2.577,2.7748,0.0768,2990619300,3019967033,0.0098
Produce,Last 04 Wks,5,2020/05/24,2021/05/23,Total U.S.,Blackberries,12046038.58,9571956.707,-0.2054,5.55,7.5283,0.3565,26264604.16,20008455.85,-0.2382,2.5455,3.6015,0.4149,66855510.42,72060920.06,0.0779
Produce,Last 04 Wks,5,2020/05/24,2021/05/23,Total U.S.,Blueberries,48877431.16,40593687.01,-0.1695,4.1181,5.3851,0.3077,58639602.02,53810744.27,-0.0823,3.4325,4.0624,0.1835,201281381.8,218601712,0.0861
Produce,Last 04 Wks,5,2020/05/24,2021/05/23,Total U.S.,Raspberries,13399346.92,13970175.33,0.0426,6.771,8.0497,0.1889,30332469.71,31034698.13,0.0232,2.9911,3.6236,0.2115,90726978.69,112456228.7,0.2395
Produce,Last 04 Wks,5,2020/05/24,2021/05/23,Total U.S.,Strawberries,168696734,130383164.9,-0.2271,2.1993,3.0034,0.3657,136750378,110999694.8,-0.1883,2.713,3.5279,0.3004,371008857.2,391596497.4,0.0555
Produce,Last 04 Wks,5,2020/05/24,2021/05/23,Total U.S.,Apples,194711288.2,186196841.1,-0.0437,1.6097,1.7661,0.0972,89176515.95,88697300.62,-0.0054,3.5147,3.7075,0.0549,313425431.3,328845262.6,0.0492
Produce,Last 04 Wks,5,2020/05/24,2021/05/23,Total U.S.,Apricots,1178172.969,1050560.27,-0.1083,3.1617,3.1593,-0.0008,1153454.351,926979.3489,-0.1963,3.2294,3.5805,0.1087,3725018.716,3319051.812,-0.109
Produce,Last 04 Wks,5,2020/05/24,2021/05/23,Total U.S.,Avocados,102680396.7,93177017.22,-0.0926,2.4577,2.3738,-0.0341,130212946.9,115360901.1,-0.1141,1.938,1.9173,-0.0107,252356840.1,221180708.6,-0.1235
Produce,Last 04 Wks,5,2020/05/24,2021/05/23,Total U.S.,Bananas,508969985.4,493131805.4,-0.0311,0.5387,0.5448,0.0113,255912065.3,252977186.1,-0.0115,1.0714,1.0619,-0.0088,274176217.4,268645584.8,-0.0202
Produce,Last 04 Wks,5,2020/05/24,2021/05/23,Total U.S.,Cherries,34219840.34,17812526.94,-0.4795,3.5255,4.2463,0.2044,25253115.66,13880063.93,-0.4504,4.7773,5.4493,0.1407,120641486.4,75636659.04,-0.373
Produce,Last 04 Wks,5,2020/05/24,2021/05/23,Total U.S.,Coconuts,755724.8458,810636.6384,0.0727,2.0032,2.1058,0.0512,614823.9107,666809.5465,0.0846,2.4623,2.56,0.0397,1513896.927,1707043.207,0.1276
Produce,Last 04 Wks,5,2020/05/24,2021/05/23,Total U.S.,Dates,7023.3093,5366.1974,-0.2359,7.5916,7.7175,0.0166,10902.8441,8538.4535,-0.2169,4.8903,4.8502,-0.0082,53318.2101,41413.4959,-0.2233
Produce,Last 04 Wks,5,2020/05/24,2021/05/23,Total U.S.,Grapefruit,14130369.65,10494968.02,-0.2573,1.2388,1.435,0.1583,6956345.162,5130028.827,-0.2625,2.5164,2.9357,0.1666,17505002.47,15060036.13,-0.1397
Produce,Last 04 Wks,5,2020/05/24,2021/05/23,Total U.S.,Grapes,121521918,117891242.5,-0.0299,2.1175,2.1282,0.005,59747339.23,59794534.29,0.0008,4.3069,4.1959,-0.0258,257323608.7,250894523.3,-0.025
Produce,Last 04 Wks,5,2020/05/24,2021/05/23,Total U.S.,Kiwi,7637103.394,6905447.01,-0.0958,2.359,2.5303,0.0726,6613987.184,6612633.105,-0.0002,2.7239,2.6423,-0.03,18016148.55,17472649.87,-0.0302
Produce,Last 04 Wks,5,2020/05/24,2021/05/23,Total U.S.,Lemons,43204834.24,39008629.8,-0.0971,1.9128,1.8841,-0.015,46113678.11,41980168.41,-0.0896,1.7922,1.7508,-0.0231,82643580.29,73497518.85,-0.1107
Produce,Last 04 Wks,5,2020/05/24,2021/05/23,Total U.S.,Limes,40363040.2,32678051.35,-0.1904,1.5915,2.0453,0.2851,45672890.69,38487579.29,-0.1573,1.4065,1.7366,0.2347,64238163.62,66837210.33,0.0405
Produce,Last 04 Wks,5,2020/05/24,2021/05/23,Total U.S.,Mangoes,31877615.17,34998600.82,0.0979,1.4173,1.3573,-0.0424,29438531.11,33622231.81,0.1421,1.5347,1.4128,-0.0794,45180299.63,47502200.91,0.0514
Produce,Last 04 Wks,5,2020/05/24,2021/05/23,Total U.S.,Melons,513992536.8,385970594.1,-0.2491,0.5704,0.7694,0.3488,72447110.43,70763759.18,-0.0232,4.0469,4.1966,0.037,293189816.6,296968139.7,0.0129
Produce,Last 04 Wks,5,2020/05/24,2021/05/23,Total U.S.,Nectarines,2976710.166,1384094.759,-0.535,2.4877,2.6938,0.0828,2266963.321,1089684.112,-0.5193,3.2666,3.4216,0.0474,7405231.148,3728423.374,-0.4965
Produce,Last 04 Wks,5,2020/05/24,2021/05/23,Total U.S.,Oranges,125610189,87375160.54,-0.3044,1.1726,1.2636,0.0776,42308746.37,32457958.93,-0.2328,3.4815,3.4017,-0.0229,147295800.3,110411205.8,-0.2504
Produce,Last 04 Wks,5,2020/05/24,2021/05/23,Total U.S.,Other,2037607.46,2244653.94,0.1016,3.1823,3.862,0.2136,1588154.905,2042567.208,0.2861,4.083,4.2441,0.0395,6484367.676,8668908.725,0.3369
Produce,Last 04 Wks,5,2020/05/24,2021/05/23,Total U.S.,Papaya,7649166.165,8198932.597,0.0719,1.3092,1.2769,-0.0247,3257349.171,3663856.029,0.1248,3.0744,2.8575,-0.0706,10014334.94,10469396.78,0.0454
Produce,Last 04 Wks,5,2020/05/24,2021/05/23,Total U.S.,Peaches,6944664.273,4328209.95,-0.3768,2.2519,2.6647,0.1833,4888702.535,3147206.405,-0.3562,3.199,3.6647,0.1456,15638726.53,11533502.83,-0.2625
Produce,Last 04 Wks,5,2020/05/24,2021/05/23,Total U.S.,Pears,19301878.59,22406174.57,0.1608,1.6625,1.6961,0.0202,11085746.91,12694035.16,0.1451,2.8946,2.9937,0.0342,32088549.48,38002116.3,0.1843
Produce,Last 04 Wks,5,2020/05/24,2021/05/23,Total U.S.,Pineapple,83222401.02,76176110.28,-0.0847,0.9063,1.0587,0.1681,27343126.89,27658764.73,0.0115,2.7585,2.9158,0.057,75426162.51,80646130.39,0.0692
Produce,Last 04 Wks,5,2020/05/24,2021/05/23,Total U.S.,Plums,4081927.523,1938128.599,-0.5252,2.1524,2.5527,0.186,2915214.548,1673870.795,-0.4258,3.0138,2.9557,-0.0193,8785834.011,4947411.117,-0.4369
Produce,Last 04 Wks,5,2020/05/24,2021/05/23,Total U.S.,Pomegranates,578859.894,708215.2783,0.2235,4.6383,5.9867,0.2907,751833.1116,1110433.839,0.477,3.5712,3.8182,0.0692,2684939.522,4239892.649,0.5791
Produce,Last 04 Wks,5,2020/05/24,2021/05/23,Total U.S.,Rhubarb,0,44915.5768,0,0,0.7279,0,0,7352.5768,0,0,4.4467,0,0,32695.0382,0
Produce,Last 04 Wks,5,2020/05/24,2021/05/23,Total U.S.,Tangelos,446114.908,973998.8289,1.1833,1.7338,1.7228,-0.0063,376842.4703,726575.5807,0.9281,2.0525,2.3095,0.1252,773482.0438,1678015.479,1.1694
Produce,Last 04 Wks,5,2020/05/24,2021/05/23,Total U.S.,Tangerines,93972392.38,124084910.8,0.3204,1.5885,1.4559,-0.0835,30838210.01,38334990.54,0.2431,4.8407,4.7126,-0.0265,149279311.5,180658743.2,0.2102
Produce,Last 04 Wks,5,2020/05/24,2021/05/23,Total U.S.,Variety,12248750.73,19379348.34,0.5821,4.1698,4.3342,0.0394,9849061.951,15669578.28,0.591,5.1857,5.3604,0.0337,51074414.16,83994496.88,0.6446
Produce,Last 04 Wks,6,2020/06/21,2021/06/20,Total U.S.,Total Store with Perimeter,0,0,0,0,0,0,20105049049,20013696602,-0.0045,3.6419,3.7627,0.0332,73219621167,75306105165,0.0285
Produce,Last 04 Wks,6,2020/06/21,2021/06/20,Total U.S.,Produce Department,4094611065,4029332085,-0.0159,1.5032,1.5848,0.0543,2706086385,2653286520,-0.0195,2.2745,2.4067,0.0581,6154872703,6385603227,0.0375
Produce,Last 04 Wks,6,2020/06/21,2021/06/20,Total U.S.,Vegetable Aisle,1660759150,1578280503,-0.0497,1.7898,1.8295,0.0222,1457750276,1405653786,-0.0357,2.039,2.0541,0.0074,2972378037,2887388649,-0.0286
Produce,Last 04 Wks,6,2020/06/21,2021/06/20,Total U.S.,Fruit Aisle,2402629445,2423153779,0.0085,1.2891,1.4048,0.0897,1196218360,1197510532,0.0011,2.5893,2.8425,0.0978,3097316378,3403949350,0.099
Produce,Last 04 Wks,6,2020/06/21,2021/06/20,Total U.S.,Blackberries,10289252.59,8933333.801,-0.1318,6.1327,7.2834,0.1876,22799207.83,19161140.19,-0.1596,2.7677,3.3957,0.2269,63100785.4,65064852.09,0.0311
Produce,Last 04 Wks,6,2020/06/21,2021/06/20,Total U.S.,Blueberries,45824250.74,48467650.13,0.0577,4.1523,4.4353,0.0681,55778672.78,58551008.06,0.0497,3.4113,3.6715,0.0763,190278278.1,214967322.6,0.1298
Produce,Last 04 Wks,6,2020/06/21,2021/06/20,Total U.S.,Raspberries,13435586.43,13138724.62,-0.0221,6.7528,7.8863,0.1679,30463436.52,29416619.8,-0.0344,2.9782,3.5224,0.1827,90727703.62,103616054.7,0.1421
Produce,Last 04 Wks,6,2020/06/21,2021/06/20,Total U.S.,Strawberries,152370835.1,142229617,-0.0666,2.0807,2.5616,0.2311,123458025.4,117802118.7,-0.0458,2.568,3.0927,0.2043,317039042.2,364330192,0.1492
Produce,Last 04 Wks,6,2020/06/21,2021/06/20,Total U.S.,Apples,169983685.9,164631800.3,-0.0315,1.6412,1.8149,0.1058,78850076.36,78379776.74,-0.006,3.5381,3.8121,0.0774,278982006.3,298794064.4,0.071
Produce,Last 04 Wks,6,2020/06/21,2021/06/20,Total U.S.,Apricots,3127540.25,3168609.051,0.0131,3.0285,3.2656,0.0783,3069393.726,3199116.858,0.0423,3.0859,3.2345,0.0482,9471747.588,10347400.46,0.0924
Produce,Last 04 Wks,6,2020/06/21,2021/06/20,Total U.S.,Avocados,99678885.01,89099129.85,-0.1061,2.408,2.4557,0.0198,126448063.7,108777190.5,-0.1397,1.8982,2.0114,0.0596,240026676.1,218799575.3,-0.0884
Produce,Last 04 Wks,6,2020/06/21,2021/06/20,Total U.S.,Bananas,487154273.5,490852354,0.0076,0.5353,0.546,0.0199,245866231.1,252680268.7,0.0277,1.0606,1.0606,0,260774347.1,267995707.3,0.0277
Produce,Last 04 Wks,6,2020/06/21,2021/06/20,Total U.S.,Cherries,72536611.13,84528102,0.1653,3.4858,3.6471,0.0463,54290423.39,63549486.99,0.1705,4.6573,4.8511,0.0416,252845453.7,308283721.3,0.2193
Produce,Last 04 Wks,6,2020/06/21,2021/06/20,Total U.S.,Coconuts,805363.6224,842815.8849,0.0465,1.9585,2.1333,0.0893,654876.9165,691334.8365,0.0557,2.4086,2.6008,0.0798,1577324.024,1798000.503,0.1399
Produce,Last 04 Wks,6,2020/06/21,2021/06/20,Total U.S.,Dates,4856.1868,3667.8243,-0.2447,7.6676,7.6781,0.0014,7646.2348,5892.5308,-0.2294,4.8697,4.7792,-0.0186,37235.1652,28161.8533,-0.2437
Produce,Last 04 Wks,6,2020/06/21,2021/06/20,Total U.S.,Grapefruit,12113694.02,9897478.138,-0.183,1.2584,1.4569,0.1577,5897779.82,4862814.627,-0.1755,2.5847,2.9653,0.1472,15244273.44,14419750.37,-0.0541
Produce,Last 04 Wks,6,2020/06/21,2021/06/20,Total U.S.,Grapes,143375631.1,130766078.4,-0.0879,1.841,2.1184,0.1507,74736576.48,69940758.24,-0.0642,3.5318,3.9607,0.1214,263955918.5,277016624.9,0.0495
Produce,Last 04 Wks,6,2020/06/21,2021/06/20,Total U.S.,Kiwi,7014991.501,7638901.465,0.0889,2.5152,2.7561,0.0958,6431019.318,6759337.102,0.0511,2.7436,3.1147,0.1353,17643926.54,21053393.72,0.1932
Produce,Last 04 Wks,6,2020/06/21,2021/06/20,Total U.S.,Lemons,40776667.85,39883713.82,-0.0219,1.9034,1.921,0.0092,42940656.41,42991467.88,0.0012,1.8075,1.7821,-0.014,77614346.55,76616233.69,-0.0129
Produce,Last 04 Wks,6,2020/06/21,2021/06/20,Total U.S.,Limes,38282185.13,34587355.69,-0.0965,1.5309,2.003,0.3083,43199233.34,41171131.56,-0.0469,1.3567,1.6827,0.2403,58608016.26,69277165.54,0.182
Produce,Last 04 Wks,6,2020/06/21,2021/06/20,Total U.S.,Mangoes,33519179.56,31477311.78,-0.0609,1.3622,1.3965,0.0252,29992224.19,28897304.04,-0.0365,1.5224,1.5212,-0.0008,45660776.13,43959291.58,-0.0373
Produce,Last 04 Wks,6,2020/06/21,2021/06/20,Total U.S.,Melons,721590984,770698831.2,0.0681,0.5131,0.5728,0.1163,94660560.58,107912739.3,0.14,3.9111,4.0906,0.0459,370225761.9,441423664.5,0.1923
Produce,Last 04 Wks,6,2020/06/21,2021/06/20,Total U.S.,Nectarines,20939089.26,19741153.47,-0.0572,2.0352,2.2272,0.0943,14815251.58,14130564.05,-0.0462,2.8765,3.1115,0.0817,42615774.36,43966766.65,0.0317
Produce,Last 04 Wks,6,2020/06/21,2021/06/20,Total U.S.,Oranges,96493597.83,65962260.31,-0.3164,1.2191,1.34,0.0992,32679083.47,25442949.1,-0.2214,3.5998,3.4741,-0.0349,117637400.1,88390652.8,-0.2486
Produce,Last 04 Wks,6,2020/06/21,2021/06/20,Total U.S.,Other,2304741.403,2399173.068,0.041,3.2238,3.4232,0.0619,1864814.77,2355126.501,0.2629,3.9843,3.4873,-0.1248,7430049.02,8212966.454,0.1054
Produce,Last 04 Wks,6,2020/06/21,2021/06/20,Total U.S.,Papaya,7267280.687,7426189.459,0.0219,1.3079,1.2722,-0.0273,3090686.558,3381306.733,0.094,3.0752,2.794,-0.0914,9504581.912,9447492.101,-0.006
Produce,Last 04 Wks,6,2020/06/21,2021/06/20,Total U.S.,Peaches,42083920.67,40817290.63,-0.0301,1.7381,1.9238,0.1069,27301951.41,27221289.8,-0.003,2.6791,2.8847,0.0767,73144207.08,78525253.82,0.0736
Produce,Last 04 Wks,6,2020/06/21,2021/06/20,Total U.S.,Pears,15904010.18,17685402.65,0.112,1.6832,1.7203,0.022,9139169.147,9969270.391,0.0908,2.9292,3.0517,0.0418,26770066.79,30423613.82,0.1365
Produce,Last 04 Wks,6,2020/06/21,2021/06/20,Total U.S.,Pineapple,82583550.58,77675156.59,-0.0594,0.9739,1.089,0.1182,28168932.93,28434521.04,0.0094,2.8553,2.9749,0.0419,80431193.42,84590036.94,0.0517
Produce,Last 04 Wks,6,2020/06/21,2021/06/20,Total U.S.,Plums,6207624.395,4695693.735,-0.2436,2.2511,2.437,0.0826,5227022.849,3913933.853,-0.2512,2.6734,2.9237,0.0936,13974157.34,11443237.85,-0.1811
Produce,Last 04 Wks,6,2020/06/21,2021/06/20,Total U.S.,Pomegranates,504813.6159,687436.0314,0.3618,4.5645,5.0925,0.1157,655871.5858,978057.4473,0.4912,3.5132,3.5793,0.0188,2304236.453,3500802.217,0.5193
Produce,Last 04 Wks,6,2020/06/21,2021/06/20,Total U.S.,Rhubarb,26640,243750.5365,8.1498,0.1754,0.2962,0.6885,1332,19303.5365,13.4921,3.5086,3.7404,0.066,4673.52,72202.537,14.4493
Produce,Last 04 Wks,6,2020/06/21,2021/06/20,Total U.S.,Tangelos,34339.9095,115303.2036,2.3577,2.5691,1.6222,-0.3686,24144.3509,73669.4233,2.0512,3.6539,2.539,-0.3051,88222.0707,187048.0264,1.1202
Produce,Last 04 Wks,6,2020/06/21,2021/06/20,Total U.S.,Tangerines,59219156.58,92096365.79,0.5552,1.6373,1.5564,-0.0494,19670216.78,28022914.17,0.4246,4.9292,5.1151,0.0377,96957659.99,143339715.7,0.4784
Produce,Last 04 Wks,6,2020/06/21,2021/06/20,Total U.S.,Variety,15374554.76,20099451.81,0.3073,4.061,4.3568,0.0728,12231042.16,15906470.69,0.3005,5.1047,5.5052,0.0785,62435906.83,87569081.83,0.4025
Produce,Last 04 Wks,7,2020/07/19,2021/07/18,Total U.S.,Total Store with Perimeter,0,0,0,0,0,0,20395760014,19909735026,-0.0238,3.6263,3.7588,0.0365,73962042556,74836311797,0.0118
Produce,Last 04 Wks,7,2020/07/19,2021/07/18,Total U.S.,Produce Department,4186697437,4068324547,-0.0283,1.4888,1.5442,0.0372,2723209429,2655212785,-0.025,2.2889,2.3661,0.0337,6233195484,6282471705,0.0079
Produce,Last 04 Wks,7,2020/07/19,2021/07/18,Total U.S.,Vegetable Aisle,1640924320,1560178698,-0.0492,1.7976,1.8161,0.0103,1448126969,1386235777,-0.0427,2.0369,2.044,0.0035,2949663000,2833443656,-0.0394
Produce,Last 04 Wks,7,2020/07/19,2021/07/18,Total U.S.,Fruit Aisle,2512678213,2478821150,-0.0135,1.2712,1.3534,0.0647,1221589451,1218309034,-0.0027,2.6147,2.7537,0.0531,3194147018,3354861826,0.0503
Produce,Last 04 Wks,7,2020/07/19,2021/07/18,Total U.S.,Blackberries,7608624.246,8638816.291,0.1354,6.9912,6.8158,-0.0251,16673522.55,18538174.71,0.1118,3.1903,3.1762,-0.0044,53193657.7,58880402.48,0.1069
Produce,Last 04 Wks,7,2020/07/19,2021/07/18,Total U.S.,Blueberries,51515101.27,53274450.12,0.0342,3.6877,3.8532,0.0449,59939526.96,60841321.03,0.015,3.1694,3.374,0.0645,189974759,205276282.6,0.0805
Produce,Last 04 Wks,7,2020/07/19,2021/07/18,Total U.S.,Raspberries,12056378.55,11957868.82,-0.0082,6.9413,7.9767,0.1492,27425991.45,26917760.5,-0.0185,3.0514,3.5435,0.1613,83686460.4,95383887.73,0.1398
Produce,Last 04 Wks,7,2020/07/19,2021/07/18,Total U.S.,Strawberries,125297637.9,124134689.9,-0.0093,2.2283,2.5339,0.1371,103145614.2,102005591.9,-0.0111,2.7069,3.0836,0.1392,279203479.1,314542824.2,0.1266
Produce,Last 04 Wks,7,2020/07/19,2021/07/18,Total U.S.,Apples,156195332,151922911.9,-0.0274,1.6662,1.8384,0.1033,73588577.71,72736056.03,-0.0116,3.5366,3.8397,0.0857,260255785.1,279288200,0.0731
Produce,Last 04 Wks,7,2020/07/19,2021/07/18,Total U.S.,Apricots,2011969.312,2660622.333,0.3224,3.068,3.2557,0.0612,2099399.569,2772644.915,0.3207,2.9402,3.1242,0.0626,6172719.513,8662252.186,0.4033
Produce,Last 04 Wks,7,2020/07/19,2021/07/18,Total U.S.,Avocados,96262972.39,89528668.18,-0.07,2.3364,2.3349,-0.0007,122129465.3,109965857.8,-0.0996,1.8416,1.9009,0.0322,224912953.5,209036618.3,-0.0706
Produce,Last 04 Wks,7,2020/07/19,2021/07/18,Total U.S.,Bananas,472552275.1,474114594.2,0.0033,0.5361,0.548,0.0223,239993642.8,245623095.7,0.0235,1.0555,1.0578,0.0022,253318687.8,259820625.7,0.0257
Produce,Last 04 Wks,7,2020/07/19,2021/07/18,Total U.S.,Cherries,118780828.7,116873393.8,-0.0161,3.0182,2.9689,-0.0164,86922601.41,86247624.88,-0.0078,4.1245,4.0231,-0.0246,358509485,346980990.9,-0.0322
Produce,Last 04 Wks,7,2020/07/19,2021/07/18,Total U.S.,Coconuts,743060.7305,807385.2451,0.0866,2.0698,2.1663,0.0467,615831.0311,663420.7895,0.0773,2.4974,2.6364,0.0557,1537952.552,1749053.13,0.1373
Produce,Last 04 Wks,7,2020/07/19,2021/07/18,Total U.S.,Dates,4423.7365,3310.9742,-0.2515,7.7991,7.7664,-0.0042,6994.7613,5172.7111,-0.2605,4.9325,4.9711,0.0078,34501.3845,25714.3124,-0.2547
Produce,Last 04 Wks,7,2020/07/19,2021/07/18,Total U.S.,Grapefruit,11269824.77,9909595.371,-0.1207,1.2912,1.47,0.1385,5570800.918,4921483.361,-0.1166,2.612,2.9598,0.1331,14551107.96,14566610.43,0.0011
Produce,Last 04 Wks,7,2020/07/19,2021/07/18,Total U.S.,Grapes,136574811.8,127306484.1,-0.0679,1.8958,2.1042,0.1099,71920329.99,69310369.51,-0.0363,3.6,3.8649,0.0736,258916478.9,267880459.5,0.0346
Produce,Last 04 Wks,7,2020/07/19,2021/07/18,Total U.S.,Kiwi,6758010.408,7167446.826,0.0606,2.5113,2.8139,0.1205,6249392.496,6379581.242,0.0208,2.7157,3.1614,0.1641,16971213.31,20168525.74,0.1884
Produce,Last 04 Wks,7,2020/07/19,2021/07/18,Total U.S.,Lemons,40394778.65,38299614.18,-0.0519,1.9648,1.9286,-0.0184,42117175.28,41037869.47,-0.0256,1.8844,1.7999,-0.0448,79367001.03,73865791.62,-0.0693
Produce,Last 04 Wks,7,2020/07/19,2021/07/18,Total U.S.,Limes,40484475.79,35416794.22,-0.1252,1.507,1.8258,0.2116,46208967.06,41777022,-0.0959,1.3203,1.5479,0.1724,61009332.27,64665664.02,0.0599
Produce,Last 04 Wks,7,2020/07/19,2021/07/18,Total U.S.,Mangoes,35757075.38,34297646.17,-0.0408,1.2887,1.2732,-0.012,31719377.11,31692660.79,-0.0008,1.4528,1.3779,-0.0515,46080459.33,43669161.35,-0.0523
Produce,Last 04 Wks,7,2020/07/19,2021/07/18,Total U.S.,Melons,845046946.5,830153617.3,-0.0176,0.5153,0.5572,0.0812,110121130.1,114723711.8,0.0418,3.9547,4.032,0.0196,435492713.4,462568557.8,0.0622
Produce,Last 04 Wks,7,2020/07/19,2021/07/18,Total U.S.,Nectarines,30355124.45,32517597.96,0.0712,1.7869,1.9028,0.0649,20979941.57,22688861.58,0.0815,2.5854,2.7271,0.0548,54240640.47,61875319.89,0.1408
Produce,Last 04 Wks,7,2020/07/19,2021/07/18,Total U.S.,Oranges,71682855.44,53682441.48,-0.2511,1.3024,1.3347,0.0248,26341067.06,20605230.97,-0.2178,3.5443,3.4774,-0.0189,93359955.19,71651754.8,-0.2325
Produce,Last 04 Wks,7,2020/07/19,2021/07/18,Total U.S.,Other,2652775.93,2889503.772,0.0892,3.5781,4.0148,0.122,2545104.201,2904730.646,0.1413,3.7295,3.9937,0.0708,9492007.509,11600644.87,0.2221
Produce,Last 04 Wks,7,2020/07/19,2021/07/18,Total U.S.,Papaya,7565346.696,7325767.47,-0.0317,1.2479,1.1887,-0.0474,3244964.135,3256940.915,0.0037,2.9094,2.6738,-0.081,9440994.219,8708449.362,-0.0776
Produce,Last 04 Wks,7,2020/07/19,2021/07/18,Total U.S.,Peaches,63069325.16,64170693.99,0.0175,1.65,1.7046,0.0331,40237410.46,41390712.2,0.0287,2.5862,2.6427,0.0218,104062526.7,109382221.3,0.0511
Produce,Last 04 Wks,7,2020/07/19,2021/07/18,Total U.S.,Pears,13307420.88,14103928.39,0.0599,1.6765,1.7604,0.05,7577974.569,8090401.893,0.0676,2.9441,3.0689,0.0424,22309962.24,24828549.81,0.1129
Produce,Last 04 Wks,7,2020/07/19,2021/07/18,Total U.S.,Pineapple,75760514.05,71407994.65,-0.0575,1.0532,1.1351,0.0778,27008773.06,26840348.47,-0.0062,2.9543,3.02,0.0223,79790751.56,81058195.31,0.0159
Produce,Last 04 Wks,7,2020/07/19,2021/07/18,Total U.S.,Plums,19096612.23,17902879.3,-0.0625,1.9374,2.1582,0.114,14758350.22,13590000.33,-0.0792,2.5069,2.8431,0.1341,36998380.76,38638355.67,0.0443
Produce,Last 04 Wks,7,2020/07/19,2021/07/18,Total U.S.,Pomegranates,361934.4151,556009.8229,0.5362,4.9784,5.1699,0.0385,503024.0068,788029.8058,0.5666,3.5821,3.6477,0.0183,1801864.617,2874511.58,0.5953
Produce,Last 04 Wks,7,2020/07/19,2021/07/18,Total U.S.,Rhubarb,121720.1291,117468.372,-0.0349,0.2683,0.2879,0.0732,8138.1291,9054.372,0.1126,4.0129,3.7356,-0.0691,32657.7542,33823.6022,0.0357
Produce,Last 04 Wks,7,2020/07/19,2021/07/18,Total U.S.,Tangelos,52421.3,35794.5414,-0.3172,2.4623,2.3532,-0.0443,57800.686,32406.9024,-0.4393,2.2332,2.5992,0.1639,129079.454,84233.1285,-0.3474
Produce,Last 04 Wks,7,2020/07/19,2021/07/18,Total U.S.,Tangerines,51041102.07,75446316.21,0.4781,1.5955,1.5409,-0.0342,17042198.53,23729921.79,0.3924,4.7786,4.8991,0.0252,81437611.75,116255178.1,0.4275
Produce,Last 04 Wks,7,2020/07/19,2021/07/18,Total U.S.,Variety,16390240.01,19674639.16,0.2004,4.0913,4.3409,0.061,12965660.85,15502197.47,0.1956,5.1719,5.5093,0.0652,67056863.13,85406293.55,0.2736
Produce,Last 04 Wks,8,2020/08/16,2021/08/15,Total U.S.,Total Store with Perimeter,0,0,0,0,0,0,19916754621,19738778912,-0.0089,3.6023,3.7858,0.0509,71745694128,74726167586,0.0415
Produce,Last 04 Wks,8,2020/08/16,2021/08/15,Total U.S.,Produce Department,3837265525,3739811300,-0.0254,1.5353,1.599,0.0415,2563255005,2521256880,-0.0164,2.2984,2.3719,0.0319,5891505130,5980101651,0.015
Produce,Last 04 Wks,8,2020/08/16,2021/08/15,Total U.S.,Vegetable Aisle,1547795407,1478632528,-0.0447,1.799,1.8498,0.0283,1358169765,1306593921,-0.038,2.0501,2.0934,0.0211,2784414739,2735197881,-0.0177
Produce,Last 04 Wks,8,2020/08/16,2021/08/15,Total U.S.,Fruit Aisle,2257452901,2232614576,-0.011,1.3386,1.4135,0.056,1151767458,1163463406,0.0102,2.6237,2.7125,0.0339,3021848975,3155865120,0.0443
Produce,Last 04 Wks,8,2020/08/16,2021/08/15,Total U.S.,Blackberries,7077676.351,7298045.86,0.0311,6.8624,6.8409,-0.0031,15961780.25,15597816.63,-0.0228,3.0429,3.2008,0.0519,48569562.98,49925373.71,0.0279
Produce,Last 04 Wks,8,2020/08/16,2021/08/15,Total U.S.,Blueberries,54322890.95,50682860.63,-0.067,3.4573,3.8635,0.1175,61036642.93,56593966.57,-0.0728,3.077,3.46,0.1245,187812372.2,195814264.8,0.0426
Produce,Last 04 Wks,8,2020/08/16,2021/08/15,Total U.S.,Raspberries,7232035.437,10089774.82,0.3952,8.3278,8.3758,0.0058,16103203.62,22557808.37,0.4008,3.7401,3.7464,0.0017,60226938.59,84509637,0.4032
Produce,Last 04 Wks,8,2020/08/16,2021/08/15,Total U.S.,Strawberries,97779677.37,112299210.2,0.1485,2.8,2.6482,-0.0542,83903218.7,95015988.38,0.1324,3.2631,3.1299,-0.0408,273784718.8,297392230.7,0.0862
Produce,Last 04 Wks,8,2020/08/16,2021/08/15,Total U.S.,Apples,154996279.8,153342607.1,-0.0107,1.6839,1.8924,0.1238,73752854.44,73973488.19,0.003,3.5387,3.9228,0.1085,260991593,290180233.6,0.1118
Produce,Last 04 Wks,8,2020/08/16,2021/08/15,Total U.S.,Apricots,1203276.97,1675972.107,0.3928,2.8434,3.0747,0.0813,1280814.129,1655458.502,0.2925,2.6713,3.1128,0.1653,3421382.781,5153040.759,0.5061
Produce,Last 04 Wks,8,2020/08/16,2021/08/15,Total U.S.,Avocados,92684705.28,84000403.31,-0.0937,2.2338,2.3471,0.0508,116054498.2,103489895,-0.1083,1.7839,1.9051,0.0679,207035190.4,197159950.9,-0.0477
Produce,Last 04 Wks,8,2020/08/16,2021/08/15,Total U.S.,Bananas,461568525.2,466257742.6,0.0102,0.5286,0.5504,0.0412,234858459.9,244068850.2,0.0392,1.0388,1.0514,0.0121,243979667.1,256617861.4,0.0518
Produce,Last 04 Wks,8,2020/08/16,2021/08/15,Total U.S.,Cherries,76542033.32,77954246.25,0.0185,3.5024,2.9996,-0.1436,57041044.01,57640792.07,0.0105,4.6998,4.0567,-0.1368,268081966.4,233832259,-0.1278
Produce,Last 04 Wks,8,2020/08/16,2021/08/15,Total U.S.,Coconuts,859294.4614,790857.2588,-0.0796,1.9781,2.1874,0.1058,703361.2575,653047.2811,-0.0715,2.4166,2.6491,0.0962,1699751.814,1729959.594,0.0178
Produce,Last 04 Wks,8,2020/08/16,2021/08/15,Total U.S.,Dates,4393.2457,3499.7753,-0.2034,7.8407,8.2298,0.0496,7023.9461,5377.5452,-0.2344,4.9041,5.3561,0.0922,34445.9712,28802.5655,-0.1638
Produce,Last 04 Wks,8,2020/08/16,2021/08/15,Total U.S.,Grapefruit,9834438.818,10285811.68,0.0459,1.3206,1.4879,0.1267,4816890.886,5196721.706,0.0789,2.6961,2.945,0.0923,12986959.85,15304379.53,0.1784
Produce,Last 04 Wks,8,2020/08/16,2021/08/15,Total U.S.,Grapes,147128303.1,146860691.2,-0.0018,1.8169,1.9588,0.0781,79120042.07,79590358.82,0.0059,3.3787,3.6144,0.0698,267319557.2,287670781.7,0.0761
Produce,Last 04 Wks,8,2020/08/16,2021/08/15,Total U.S.,Kiwi,6620716.211,7104366.338,0.0731,2.5535,2.8646,0.1218,6192487.777,6669839.427,0.0771,2.7301,3.0512,0.1176,16905925.41,20350994.61,0.2038
Produce,Last 04 Wks,8,2020/08/16,2021/08/15,Total U.S.,Lemons,37820645.05,35805854.67,-0.0533,1.9605,1.9627,0.0011,39520778.93,39282351.33,-0.006,1.8762,1.789,-0.0465,74148948.76,70277400.7,-0.0522
Produce,Last 04 Wks,8,2020/08/16,2021/08/15,Total U.S.,Limes,35609408.27,32797751.91,-0.079,1.5816,1.7307,0.0943,40146372.87,38384331.69,-0.0439,1.4028,1.4788,0.0542,56318282.14,56764498.41,0.0079
Produce,Last 04 Wks,8,2020/08/16,2021/08/15,Total U.S.,Mangoes,36433250.46,32412562.19,-0.1104,1.2918,1.3029,0.0086,31422551.1,28814773.99,-0.083,1.4978,1.4656,-0.0215,47065056.44,42230886.04,-0.1027
Produce,Last 04 Wks,8,2020/08/16,2021/08/15,Total U.S.,Melons,666442426.4,634518637.2,-0.0479,0.5879,0.6415,0.091,97775746.1,98760626.72,0.0101,4.0074,4.1212,0.0284,391825538,407016011.5,0.0388
Produce,Last 04 Wks,8,2020/08/16,2021/08/15,Total U.S.,Nectarines,38079389.04,37266166.38,-0.0214,1.7151,1.8624,0.0859,25946791.94,25734714.05,-0.0082,2.517,2.6969,0.0715,65309238.18,69404776.16,0.0627
Produce,Last 04 Wks,8,2020/08/16,2021/08/15,Total U.S.,Oranges,57208261.14,48898135.76,-0.1453,1.4031,1.432,0.0206,23579074.26,20717703.3,-0.1214,3.4043,3.3797,-0.0072,80269307.63,70019774.66,-0.1277
Produce,Last 04 Wks,8,2020/08/16,2021/08/15,Total U.S.,Other,3037617.407,3109869.651,0.0238,3.5266,3.856,0.0934,3544425.708,3352990.747,-0.054,3.0224,3.5764,0.1833,10712591.16,11991590.16,0.1194
Produce,Last 04 Wks,8,2020/08/16,2021/08/15,Total U.S.,Papaya,7310162.3,6780983.28,-0.0724,1.2562,1.2648,0.0069,3126916.585,3101111.495,-0.0083,2.9367,2.7657,-0.0582,9182855.481,8576789.744,-0.066
Produce,Last 04 Wks,8,2020/08/16,2021/08/15,Total U.S.,Peaches,78048350.33,74218729.99,-0.0491,1.6188,1.7322,0.07,49231700.17,47551396.4,-0.0341,2.5664,2.7036,0.0535,126347879.2,128560397.6,0.0175
Produce,Last 04 Wks,8,2020/08/16,2021/08/15,Total U.S.,Pears,12525620.96,13981474.06,0.1162,1.6372,1.7182,0.0495,7188541.278,8023516.09,0.1162,2.8527,2.994,0.0495,20506835.24,24022552.65,0.1714
Produce,Last 04 Wks,8,2020/08/16,2021/08/15,Total U.S.,Pineapple,62286546.98,64951546.03,0.0428,1.1427,1.1855,0.0375,23083172.42,24998667.79,0.083,3.0833,3.0803,-0.001,71173420.06,77002530.48,0.0819
Produce,Last 04 Wks,8,2020/08/16,2021/08/15,Total U.S.,Plums,30271869.8,27879785.83,-0.079,1.7181,1.8335,0.0672,22208091.26,20163735.09,-0.0921,2.342,2.5352,0.0825,52010271.9,51118499.46,-0.0171
Produce,Last 04 Wks,8,2020/08/16,2021/08/15,Total U.S.,Pomegranates,298878.1295,268706.2244,-0.101,5.2273,6.8849,0.3171,429944.6672,472778.0762,0.0996,3.6338,3.9131,0.0769,1562327.014,1850011.494,0.1841
Produce,Last 04 Wks,8,2020/08/16,2021/08/15,Total U.S.,Rhubarb,120290.8881,218300,0.8148,0.3499,0.1593,-0.5446,9938.8881,10915,0.0982,4.2344,3.1863,-0.2475,42085.2215,34778.96,-0.1736
Produce,Last 04 Wks,8,2020/08/16,2021/08/15,Total U.S.,Tangelos,719524.31,774634.4497,0.0766,1.6715,1.492,-0.1074,580206.3848,491141.0298,-0.1535,2.0728,2.3532,0.1353,1202663.452,1155752.85,-0.039
Produce,Last 04 Wks,8,2020/08/16,2021/08/15,Total U.S.,Tangerines,56452596.3,68318944.12,0.2102,1.5505,1.498,-0.0339,19006542,22766402.8,0.1978,4.6052,4.4952,-0.0239,87528943.72,102339966.5,0.1692
Produce,Last 04 Wks,8,2020/08/16,2021/08/15,Total U.S.,Variety,15095994.62,19314999.46,0.2795,4.1808,4.2964,0.0277,12258113.99,15506665.44,0.265,5.1487,5.3516,0.0394,63113422.4,82985166.29,0.3149
Produce,Last 04 Wks,9,2020/09/13,2021/09/12,Total U.S.,Total Store with Perimeter,0,0,0,0,0,0,19870120417,19864810338,-0.0003,3.5705,3.807,0.0662,70946374836,75625890705,0.066
Produce,Last 04 Wks,9,2020/09/13,2021/09/12,Total U.S.,Produce Department,3679041658,3629559577,-0.0134,1.5203,1.6138,0.0615,2489969905,2477614076,-0.005,2.2463,2.3641,0.0525,5593208868,5857389323,0.0472
Produce,Last 04 Wks,9,2020/09/13,2021/09/12,Total U.S.,Vegetable Aisle,1564173999,1509969839,-0.0347,1.7576,1.8254,0.0386,1349009868,1310334066,-0.0287,2.038,2.1035,0.0322,2749227780,2756294778,0.0026
Produce,Last 04 Wks,9,2020/09/13,2021/09/12,Total U.S.,Fruit Aisle,2083212564,2090193543,0.0034,1.3242,1.4399,0.0874,1087376245,1114284051,0.0247,2.5369,2.7011,0.0647,2758535133,3009745416,0.0911
Produce,Last 04 Wks,9,2020/09/13,2021/09/12,Total U.S.,Blackberries,6987378.612,10023699.04,0.4345,7.03,6.0644,-0.1374,15503184.72,21872888.52,0.4109,3.1685,2.7792,-0.1229,49121410.27,60788087.96,0.2375
Produce,Last 04 Wks,9,2020/09/13,2021/09/12,Total U.S.,Blueberries,43366015.58,40447361.12,-0.0673,4.0131,4.5033,0.1222,52609419.67,49620706.55,-0.0568,3.308,3.6708,0.1097,174031066.1,182147707.3,0.0466
Produce,Last 04 Wks,9,2020/09/13,2021/09/12,Total U.S.,Raspberries,10193549.47,10509976.25,0.031,7.524,8.2489,0.0963,23437552.15,23733183.16,0.0126,3.2724,3.6529,0.1163,76696744.45,86696094.81,0.1304
Produce,Last 04 Wks,9,2020/09/13,2021/09/12,Total U.S.,Strawberries,89845384.98,95094589.87,0.0584,2.8306,2.965,0.0475,77321834.6,81191661.82,0.05,3.289,3.4728,0.0559,254314694.2,281959030.6,0.1087
Produce,Last 04 Wks,9,2020/09/13,2021/09/12,Total U.S.,Apples,171877594.2,169171213.6,-0.0157,1.6369,1.8482,0.1291,81934962.49,81294086.79,-0.0078,3.4338,3.846,0.12,281345660,312654582.6,0.1113
Produce,Last 04 Wks,9,2020/09/13,2021/09/12,Total U.S.,Apricots,509101.8581,654167.0573,0.2849,2.3523,2.521,0.0717,471046.7751,636608.1698,0.3515,2.5423,2.5905,0.019,1197562.442,1649154.448,0.3771
Produce,Last 04 Wks,9,2020/09/13,2021/09/12,Total U.S.,Avocados,91093878.72,81523020.59,-0.1051,2.1526,2.4048,0.1171,115340930.4,98701522.5,-0.1443,1.7001,1.9862,0.1683,196090368.4,196045810.3,-0.0002
Produce,Last 04 Wks,9,2020/09/13,2021/09/12,Total U.S.,Bananas,461716274.4,463041781.6,0.0029,0.5264,0.5539,0.0522,235665625.7,244293502.8,0.0366,1.0313,1.0499,0.018,243049042.7,256472881.5,0.0552
Produce,Last 04 Wks,9,2020/09/13,2021/09/12,Total U.S.,Cherries,15452875.43,28216836.3,0.826,4.4331,3.5326,-0.2031,11346870,19435631.01,0.7129,6.0372,5.1286,-0.1505,68503527.3,99677671.74,0.4551
Produce,Last 04 Wks,9,2020/09/13,2021/09/12,Total U.S.,Coconuts,781514.878,819738.3764,0.0489,2.0473,2.1773,0.0635,640800.1405,674935.6261,0.0533,2.4969,2.6445,0.0591,1600021.085,1784850.671,0.1155
Produce,Last 04 Wks,9,2020/09/13,2021/09/12,Total U.S.,Dates,4498.193,3311.2326,-0.2639,7.6668,8.4329,0.0999,7042.7354,4856.5145,-0.3104,4.8968,5.7496,0.1742,34486.9156,27923.2327,-0.1903
Produce,Last 04 Wks,9,2020/09/13,2021/09/12,Total U.S.,Grapefruit,9411936.847,9799240.039,0.0412,1.33,1.499,0.127,4561531.78,4900979.588,0.0744,2.7442,2.9971,0.0922,12517911.41,14688825.4,0.1734
Produce,Last 04 Wks,9,2020/09/13,2021/09/12,Total U.S.,Grapes,184419962.6,182198055.3,-0.012,1.7193,1.8657,0.0851,99586884.68,98298227.78,-0.0129,3.1839,3.4581,0.0861,317075117.3,339925264.8,0.0721
Produce,Last 04 Wks,9,2020/09/13,2021/09/12,Total U.S.,Kiwi,6546284.136,7451827.755,0.1383,2.5909,2.8776,0.1107,6237554.614,6817231.595,0.0929,2.7191,3.1455,0.1568,16960449.32,21443596.75,0.2643
Produce,Last 04 Wks,9,2020/09/13,2021/09/12,Total U.S.,Lemons,35090982.14,34794633.7,-0.0084,1.961,1.9845,0.012,37202900.54,37906747.22,0.0189,1.8496,1.8215,-0.0152,68812206.47,69048347.33,0.0034
Produce,Last 04 Wks,9,2020/09/13,2021/09/12,Total U.S.,Limes,34302093.29,32556057.6,-0.0509,1.6756,1.7329,0.0342,39483770.18,38484382.96,-0.0253,1.4557,1.466,0.007,57476830.62,56416493.42,-0.0184
Produce,Last 04 Wks,9,2020/09/13,2021/09/12,Total U.S.,Mangoes,32666901.97,27070696.34,-0.1713,1.4326,1.4543,0.0152,26729883.21,23802709.1,-0.1095,1.7507,1.654,-0.0553,46797273.47,39369245.86,-0.1587
Produce,Last 04 Wks,9,2020/09/13,2021/09/12,Total U.S.,Melons,555825721.3,529900106.7,-0.0466,0.5998,0.671,0.1187,84183306.04,86937607.23,0.0327,3.9602,4.0898,0.0327,333385418,355558635.8,0.0665
Produce,Last 04 Wks,9,2020/09/13,2021/09/12,Total U.S.,Nectarines,32897015.33,36622346.8,0.1132,1.8251,1.8867,0.0337,22911968.14,25552080.33,0.1152,2.6204,2.704,0.0319,60039528.51,69093667.66,0.1508
Produce,Last 04 Wks,9,2020/09/13,2021/09/12,Total U.S.,Oranges,50104970.16,48776577.12,-0.0265,1.4141,1.46,0.0324,20791373.88,21449449.35,0.0317,3.4078,3.32,-0.0258,70853505.01,71211941.87,0.0051
Produce,Last 04 Wks,9,2020/09/13,2021/09/12,Total U.S.,Other,3539048.814,4103789.067,0.1596,3.3987,3.3755,-0.0068,4598698.834,5393849.832,0.1729,2.6155,2.5682,-0.0181,12028037.5,13852536.96,0.1517
Produce,Last 04 Wks,9,2020/09/13,2021/09/12,Total U.S.,Papaya,6640834.479,6933625.087,0.0441,1.263,1.253,-0.0079,2816077.623,3142289.866,0.1158,2.9785,2.7649,-0.0717,8387609.915,8688002.689,0.0358
Produce,Last 04 Wks,9,2020/09/13,2021/09/12,Total U.S.,Peaches,50499437.48,69051368.64,0.3674,1.7993,1.7448,-0.0303,32644698.23,43792575.19,0.3415,2.7834,2.7512,-0.0116,90863774.77,120481471.8,0.326
Produce,Last 04 Wks,9,2020/09/13,2021/09/12,Total U.S.,Pears,16984557.39,17370539.69,0.0227,1.5733,1.6659,0.0589,9945090.782,10113117.56,0.0169,2.6869,2.8614,0.0649,26721795.55,28937781.31,0.0829
Produce,Last 04 Wks,9,2020/09/13,2021/09/12,Total U.S.,Pineapple,56303915.45,60321597.34,0.0714,1.1563,1.231,0.0646,21253649.57,23766669.48,0.1182,3.0632,3.1243,0.0199,65104704.9,74254639.59,0.1405
Produce,Last 04 Wks,9,2020/09/13,2021/09/12,Total U.S.,Plums,26852963.14,28306204.71,0.0541,1.7144,1.6139,-0.0586,20280323.2,19340424.27,-0.0463,2.27,2.362,0.0405,46036166.29,45682300.91,-0.0077
Produce,Last 04 Wks,9,2020/09/13,2021/09/12,Total U.S.,Pomegranates,527724.8933,721625.0269,0.3674,4.1754,4.4307,0.0611,638397.1333,920916.8203,0.4425,3.4516,3.4718,0.0059,2203483.444,3197284.165,0.451
Produce,Last 04 Wks,9,2020/09/13,2021/09/12,Total U.S.,Rhubarb,94462.795,184800,0.9563,0.346,0.1629,-0.5291,7708.795,9240,0.1986,4.24,3.2587,-0.2315,32685.5071,30110.13,-0.0788
Produce,Last 04 Wks,9,2020/09/13,2021/09/12,Total U.S.,Tangelos,1732282.305,1231631.71,-0.289,1.5699,1.5678,-0.0014,1228575.883,808545.7774,-0.3419,2.2136,2.3882,0.0789,2719557.635,1930936.641,-0.29
Produce,Last 04 Wks,9,2020/09/13,2021/09/12,Total U.S.,Tangerines,70269574.18,72890822.72,0.0373,1.4548,1.4137,-0.0283,23771252.16,24251948.63,0.0202,4.3006,4.2491,-0.012,102230828.3,103048314.7,0.008
Produce,Last 04 Wks,9,2020/09/13,2021/09/12,Total U.S.,Variety,14888944.22,18030279.38,0.211,4.1382,4.3578,0.0531,12309164.09,14624461.17,0.1881,5.0054,5.3726,0.0734,61612829.21,78571629.57,0.2752
Produce,Last 04 Wks,10,2020/10/11,2021/10/10,Total U.S.,Total Store with Perimeter,0,0,0,0,0,0,19517863305,19291700654,-0.0116,3.5734,3.8337,0.0728,69745746876,73957906030,0.0604
Produce,Last 04 Wks,10,2020/10/11,2021/10/10,Total U.S.,Produce Department,3434776677,3405417089,-0.0085,1.547,1.6495,0.0662,2342182325,2329780964,-0.0053,2.2686,2.411,0.0628,5313526570,5617086061,0.0571
Produce,Last 04 Wks,10,2020/10/11,2021/10/10,Total U.S.,Vegetable Aisle,1730145714,1676042611,-0.0313,1.6186,1.6829,0.0397,1308029964,1278040266,-0.0229,2.1409,2.2069,0.0308,2800366638,2820544959,0.0072
Produce,Last 04 Wks,10,2020/10/11,2021/10/10,Total U.S.,Fruit Aisle,1674443613,1701278353,0.016,1.4521,1.5933,0.0972,982330935.7,999909724.3,0.0179,2.4753,2.7109,0.0952,2431537636,2710627331,0.1148
Produce,Last 04 Wks,10,2020/10/11,2021/10/10,Total U.S.,Blackberries,6793612.789,8177997.409,0.2038,6.7989,6.8042,0.0008,15402330.69,17948802.16,0.1653,2.9988,3.1002,0.0338,46188771.81,55645070.63,0.2047
Produce,Last 04 Wks,10,2020/10/11,2021/10/10,Total U.S.,Blueberries,29343935.68,30781371.79,0.049,5.3667,5.6855,0.0594,41257630.32,42093809.78,0.0203,3.817,4.1576,0.0892,157481253.4,175007280.2,0.1113
Produce,Last 04 Wks,10,2020/10/11,2021/10/10,Total U.S.,Raspberries,10586300.87,10397915.24,-0.0178,7.0897,7.9937,0.1275,24715180.54,23548469.65,-0.0472,3.0368,3.5296,0.1623,75053945.27,83117689.09,0.1074
Produce,Last 04 Wks,10,2020/10/11,2021/10/10,Total U.S.,Strawberries,67730882.51,85198728.85,0.2579,3.0857,3.0977,0.0039,59891517.29,74053889.74,0.2365,3.4896,3.5639,0.0213,208997361.9,263922262.1,0.2628
Produce,Last 04 Wks,10,2020/10/11,2021/10/10,Total U.S.,Apples,218021057.5,207865296.9,-0.0466,1.5382,1.746,0.1351,102778210.7,100320709.3,-0.0239,3.263,3.6177,0.1087,335368785.2,362933115.1,0.0822
Produce,Last 04 Wks,10,2020/10/11,2021/10/10,Total U.S.,Apricots,50398.6504,100635.7741,0.9968,3.7616,3.4636,-0.0792,62728.5491,114945.8281,0.8324,3.0222,3.0324,0.0034,189577.8732,348562.075,0.8386
Produce,Last 04 Wks,10,2020/10/11,2021/10/10,Total U.S.,Avocados,85709814.92,76798423.28,-0.104,2.1463,2.525,0.1764,107708541.1,92623324.13,-0.1401,1.708,2.0936,0.2258,183963196.3,193915850.5,0.0541
Produce,Last 04 Wks,10,2020/10/11,2021/10/10,Total U.S.,Bananas,458920374.1,455115418.6,-0.0083,0.5215,0.5569,0.0679,234484786.8,239764169.2,0.0225,1.0207,1.0572,0.0357,239335251.4,253472265.2,0.0591
Produce,Last 04 Wks,10,2020/10/11,2021/10/10,Total U.S.,Cherries,88791.5156,926985.1168,9.44,4.6145,3.1676,-0.3136,89104.1125,629521.8114,6.065,4.5983,4.6643,0.0144,409729.4745,2936295.292,6.1664
Produce,Last 04 Wks,10,2020/10/11,2021/10/10,Total U.S.,Coconuts,725557.2447,703465.3456,-0.0304,1.9914,2.2001,0.1048,594461.1082,577787.03,-0.028,2.4305,2.6786,0.1021,1444852.146,1547667.735,0.0712
Produce,Last 04 Wks,10,2020/10/11,2021/10/10,Total U.S.,Dates,5296.24,3798.9178,-0.2827,7.6893,8.2864,0.0777,8039.6712,5683.6563,-0.293,5.0654,5.5386,0.0934,40724.1614,31479.3487,-0.227
Produce,Last 04 Wks,10,2020/10/11,2021/10/10,Total U.S.,Grapefruit,8107815.229,8581831.112,0.0585,1.3578,1.5094,0.1116,3897861.092,4067388.028,0.0435,2.8244,3.1846,0.1275,11009190.62,12953081.2,0.1766
Produce,Last 04 Wks,10,2020/10/11,2021/10/10,Total U.S.,Grapes,193484792.2,195232952.3,0.009,1.7433,1.8883,0.0832,105681966.4,104172920.3,-0.0143,3.1916,3.5389,0.1088,337294888.4,368653092,0.093
Produce,Last 04 Wks,10,2020/10/11,2021/10/10,Total U.S.,Kiwi,6640768.605,7162333.35,0.0785,2.6065,2.9883,0.1465,6340456.692,6642801.022,0.0477,2.7299,3.222,0.1802,17309127.88,21403085.62,0.2365
Produce,Last 04 Wks,10,2020/10/11,2021/10/10,Total U.S.,Lemons,31381676.31,31879604.87,0.0159,1.9592,1.9849,0.0131,33787307.62,34552398.71,0.0226,1.8197,1.8313,0.0064,61482552.11,63277131.05,0.0292
Produce,Last 04 Wks,10,2020/10/11,2021/10/10,Total U.S.,Limes,30323103.32,29187452.67,-0.0375,1.5741,1.7124,0.0878,34571109.47,34556471.19,-0.0004,1.3807,1.4463,0.0476,47731155.31,49979653.9,0.0471
Produce,Last 04 Wks,10,2020/10/11,2021/10/10,Total U.S.,Mangoes,19772024.31,16925663.11,-0.144,1.7215,1.8442,0.0713,17709311.55,16216537.67,-0.0843,1.922,1.9248,0.0015,34037241.43,31213817.84,-0.083
Produce,Last 04 Wks,10,2020/10/11,2021/10/10,Total U.S.,Melons,213396205.7,230344800.1,0.0794,0.8871,0.9793,0.1039,47409855.53,52795895.84,0.1136,3.993,4.2726,0.07,189309792.6,225575248.8,0.1916
Produce,Last 04 Wks,10,2020/10/11,2021/10/10,Total U.S.,Nectarines,9172433.917,14534157.68,0.5845,2.0055,2.1046,0.0494,6646998.598,10322350.76,0.5529,2.7674,2.9634,0.0708,18395068.47,30589174.43,0.6629
Produce,Last 04 Wks,10,2020/10/11,2021/10/10,Total U.S.,Oranges,45490011.91,47905571.55,0.0531,1.4729,1.4916,0.0127,19578306.35,20805296.47,0.0627,3.4224,3.4346,0.0036,67004403.44,71457746.59,0.0665
Produce,Last 04 Wks,10,2020/10/11,2021/10/10,Total U.S.,Other,2892321.192,3278382.278,0.1335,3.4418,3.6808,0.0694,3697820.32,4204236.514,0.1369,2.692,2.8702,0.0662,9954646.823,12066996.26,0.2122
Produce,Last 04 Wks,10,2020/10/11,2021/10/10,Total U.S.,Papaya,5025403.133,5874373.769,0.1689,1.3167,1.3104,-0.0048,2109526.451,2709177.095,0.2843,3.1366,2.8414,-0.0941,6616749.395,7697744.421,0.1634
Produce,Last 04 Wks,10,2020/10/11,2021/10/10,Total U.S.,Peaches,34132545.63,40715585.85,0.1929,1.761,1.8226,0.035,22252607.05,25372261.34,0.1402,2.7011,2.9248,0.0828,60107137.32,74209871.7,0.2346
Produce,Last 04 Wks,10,2020/10/11,2021/10/10,Total U.S.,Pears,24330860.13,24234819.94,-0.0039,1.6119,1.7117,0.062,14314589.76,14166219.36,-0.0104,2.7397,2.9283,0.0688,39217809.31,41483210.74,0.0578
Produce,Last 04 Wks,10,2020/10/11,2021/10/10,Total U.S.,Pineapple,54360609.3,56469697.6,0.0388,1.0995,1.2222,0.1116,20294544.68,22119404.26,0.0899,2.9451,3.1203,0.0595,59769704.13,69019858.77,0.1548
Produce,Last 04 Wks,10,2020/10/11,2021/10/10,Total U.S.,Plums,15477866.14,15213784.51,-0.0171,1.7748,1.8413,0.0375,12055947.62,11006009.55,-0.0871,2.2786,2.5453,0.1171,27470182.59,28013761.29,0.0198
Produce,Last 04 Wks,10,2020/10/11,2021/10/10,Total U.S.,Pomegranates,2081212.003,2213670.567,0.0636,2.9217,3.0282,0.0364,2208703.615,2388040.488,0.0812,2.753,2.8071,0.0196,6080638.342,6703360.961,0.1024
Produce,Last 04 Wks,10,2020/10/11,2021/10/10,Total U.S.,Rhubarb,31970.2853,130540,3.0832,0.2404,0.1634,-0.3203,1912.2853,6527,2.4132,4.0188,3.2679,-0.1868,7685.0735,21329.53,1.7754
Produce,Last 04 Wks,10,2020/10/11,2021/10/10,Total U.S.,Tangelos,1001621.613,1173612.764,0.1717,1.5952,1.65,0.0344,664850.8463,776009.1909,0.1672,2.4032,2.4955,0.0384,1597797.988,1936497.761,0.212
Produce,Last 04 Wks,10,2020/10/11,2021/10/10,Total U.S.,Tangerines,83739362.82,75041651.97,-0.1039,1.4469,1.5112,0.0444,28633852.44,24754497.95,-0.1355,4.2314,4.581,0.0826,121162150.7,113399376.5,-0.0641
Produce,Last 04 Wks,10,2020/10/11,2021/10/10,Total U.S.,Variety,13647865.87,16531076.86,0.2113,4.1566,4.4113,0.0613,11412761.32,13839901.77,0.2127,4.9707,5.269,0.06,56729171.47,72922724.2,0.2855
Produce,Last 04 Wks,11,2020/11/08,2021/11/07,Total U.S.,Total Store with Perimeter,0,0,0,0,0,0,19813175217,19533160855,-0.0141,3.5794,3.8638,0.0795,70918344636,75472706649,0.0642
Produce,Last 04 Wks,11,2020/11/08,2021/11/07,Total U.S.,Produce Department,3390917229,3353033436,-0.0112,1.5409,1.6379,0.0629,2310661682,2274262184,-0.0158,2.2613,2.4148,0.0679,5225054471,5491873487,0.0511
Produce,Last 04 Wks,11,2020/11/08,2021/11/07,Total U.S.,Vegetable Aisle,1823735405,1781073332,-0.0234,1.5554,1.6061,0.0327,1317889863,1273068105,-0.034,2.1523,2.2471,0.044,2836551465,2860662583,0.0085
Produce,Last 04 Wks,11,2020/11/08,2021/11/07,Total U.S.,Fruit Aisle,1537879195,1544242270,0.0041,1.5,1.6473,0.0982,941067270.8,950285778.3,0.0098,2.4513,2.677,0.0921,2306797137,2543897835,0.1028
Produce,Last 04 Wks,11,2020/11/08,2021/11/07,Total U.S.,Blackberries,7719466.676,6987383.875,-0.0948,6.1736,7.1979,0.1659,17922889.78,15345421.25,-0.1438,2.659,3.2775,0.2326,47657233.78,50294142.3,0.0553
Produce,Last 04 Wks,11,2020/11/08,2021/11/07,Total U.S.,Blueberries,28584745.89,36424483.93,0.2743,5.6263,5.0951,-0.0944,41684631.4,48591007.05,0.1657,3.8582,3.8194,-0.0101,160825860.2,185587250.4,0.154
Produce,Last 04 Wks,11,2020/11/08,2021/11/07,Total U.S.,Raspberries,11369367.5,11673953.39,0.0268,6.621,7.2584,0.0963,26664424.61,27035884.08,0.0139,2.8231,3.1341,0.1102,75276199.31,84734464.5,0.1256
Produce,Last 04 Wks,11,2020/11/08,2021/11/07,Total U.S.,Strawberries,58150682.34,67513103.2,0.161,3.423,3.4238,0.0002,51986575.98,59218490.11,0.1391,3.8289,3.9034,0.0195,199050785.7,231152752.8,0.1613
Produce,Last 04 Wks,11,2020/11/08,2021/11/07,Total U.S.,Apples,229039551.8,214159591.8,-0.065,1.5116,1.7579,0.163,107185854.7,102934170.1,-0.0397,3.23,3.6575,0.1323,346208358.5,376476990.1,0.0874
Produce,Last 04 Wks,11,2020/11/08,2021/11/07,Total U.S.,Apricots,38373.9567,72092.4699,0.8787,4.0843,3.4991,-0.1433,49551.8338,79848.5607,0.6114,3.163,3.1592,-0.0012,156731.2712,252261.5076,0.6095
Produce,Last 04 Wks,11,2020/11/08,2021/11/07,Total U.S.,Avocados,84045347.34,77085507.03,-0.0828,2.0634,2.4347,0.18,106303485.3,92965078,-0.1255,1.6313,2.0188,0.2375,173415851.4,187682056.5,0.0823
Produce,Last 04 Wks,11,2020/11/08,2021/11/07,Total U.S.,Bananas,455514679.5,449671721.3,-0.0128,0.5248,0.5544,0.0565,232904253.7,236804376.5,0.0167,1.0263,1.0527,0.0257,239037770.7,249294581.7,0.0429
Produce,Last 04 Wks,11,2020/11/08,2021/11/07,Total U.S.,Cherries,45569.9792,42354.871,-0.0706,5.1551,5.4592,0.059,64018.1684,52420.6975,-0.1812,3.6696,4.4109,0.202,234920.0229,231221.7222,-0.0157
Produce,Last 04 Wks,11,2020/11/08,2021/11/07,Total U.S.,Coconuts,703759.7567,707484.5063,0.0053,2.0341,2.1996,0.0814,577585.7411,582094.8017,0.0078,2.4784,2.6735,0.0787,1431509.43,1556201.661,0.0871
Produce,Last 04 Wks,11,2020/11/08,2021/11/07,Total U.S.,Dates,5802.8588,4958.4386,-0.1455,8.1649,8.1744,0.0012,9346.6563,7408.7308,-0.2073,5.0692,5.4709,0.0792,47380.0407,40532.3765,-0.1445
Produce,Last 04 Wks,11,2020/11/08,2021/11/07,Total U.S.,Grapefruit,10793076.06,8804871.945,-0.1842,1.3271,1.5303,0.1531,4887373.055,4051470.677,-0.171,2.9307,3.3257,0.1348,14323471.56,13474070.06,-0.0593
Produce,Last 04 Wks,11,2020/11/08,2021/11/07,Total U.S.,Grapes,183081384.1,191077606.1,0.0437,1.7072,1.8051,0.0574,99546871.2,100322789.5,0.0078,3.1397,3.4381,0.095,312551810.3,344918799.2,0.1036
Produce,Last 04 Wks,11,2020/11/08,2021/11/07,Total U.S.,Kiwi,6834981.039,7212211.39,0.0552,2.4535,2.9422,0.1992,5877492.125,6400435.493,0.089,2.8532,3.3154,0.162,16769864.7,21219779.14,0.2654
Produce,Last 04 Wks,11,2020/11/08,2021/11/07,Total U.S.,Lemons,29968567.59,29833721.64,-0.0045,1.914,1.9826,0.0358,32104501.03,32302487.06,0.0062,1.7867,1.8311,0.0248,57361041.11,59148466.99,0.0312
Produce,Last 04 Wks,11,2020/11/08,2021/11/07,Total U.S.,Limes,28810306.71,26741083.82,-0.0718,1.5577,1.6829,0.0804,32685544.86,31697538.21,-0.0302,1.373,1.4197,0.034,44877507.64,45001505.15,0.0028
Produce,Last 04 Wks,11,2020/11/08,2021/11/07,Total U.S.,Mangoes,14313376.42,12872080.47,-0.1007,1.8587,2.0671,0.1121,13984832.86,12962858.16,-0.0731,1.9023,2.0526,0.079,26603782.97,26607672.49,0.0001
Produce,Last 04 Wks,11,2020/11/08,2021/11/07,Total U.S.,Melons,116003558.6,121888211.9,0.0507,1.126,1.2948,0.15,32643144.42,37033822.05,0.1345,4.0013,4.2616,0.0651,130616442.9,157824566,0.2083
Produce,Last 04 Wks,11,2020/11/08,2021/11/07,Total U.S.,Nectarines,211167.9472,2113050.542,9.0065,2.1863,2.1752,-0.0051,159911.8082,1616639.516,9.1096,2.8871,2.8431,-0.0152,461676.8045,4596283.899,8.9556
Produce,Last 04 Wks,11,2020/11/08,2021/11/07,Total U.S.,Oranges,46081415.78,45942062.64,-0.003,1.4335,1.5011,0.0472,19504507.05,20331498.51,0.0424,3.3868,3.392,0.0015,66057719.22,68963724.87,0.044
Produce,Last 04 Wks,11,2020/11/08,2021/11/07,Total U.S.,Other,3263675.411,4015946.008,0.2305,3.1367,3.4309,0.0938,3904194.506,4726251.915,0.2106,2.6221,2.9153,0.1118,10237065.88,13778496.64,0.3459
Produce,Last 04 Wks,11,2020/11/08,2021/11/07,Total U.S.,Papaya,5299082.334,5452586.315,0.029,1.3845,1.3277,-0.0411,2302421.183,2558123.538,0.1111,3.1864,2.8299,-0.1119,7336528.716,7239150.107,-0.0133
Produce,Last 04 Wks,11,2020/11/08,2021/11/07,Total U.S.,Peaches,19643784.79,18890275.29,-0.0384,1.6722,1.908,0.141,12551854.02,12051605.74,-0.0399,2.617,2.9908,0.1428,32848015.9,36043464.04,0.0973
Produce,Last 04 Wks,11,2020/11/08,2021/11/07,Total U.S.,Pears,28691997.15,30646075.24,0.0681,1.6084,1.6796,0.0443,16498167.31,17765410.29,0.0768,2.7971,2.8974,0.0359,46147352.69,51474244.54,0.1154
Produce,Last 04 Wks,11,2020/11/08,2021/11/07,Total U.S.,Pineapple,47887492.3,51291588.69,0.0711,1.297,1.297,0,19667710.67,22189143.14,0.1282,3.1579,2.9981,-0.0506,62109259.81,66525375.8,0.0711
Produce,Last 04 Wks,11,2020/11/08,2021/11/07,Total U.S.,Plums,8285859.793,9044364.462,0.0915,1.9024,1.9165,0.0074,5938020.192,6021506.534,0.0141,2.6546,2.8786,0.0844,15763349.11,17333546.49,0.0996
Produce,Last 04 Wks,11,2020/11/08,2021/11/07,Total U.S.,Pomegranates,8190758.044,8685670.793,0.0604,2.2285,2.4653,0.1063,8166510.538,8845460.973,0.0831,2.2351,2.4208,0.0831,18253016.87,21413180.7,0.1731
Produce,Last 04 Wks,11,2020/11/08,2021/11/07,Total U.S.,Rhubarb,12900,1300,-0.8992,0.1863,0.1628,-0.1263,645,65,-0.8992,3.7262,3.2555,-0.1263,2403.4,211.61,-0.912
Produce,Last 04 Wks,11,2020/11/08,2021/11/07,Total U.S.,Tangelos,84324.4038,278324.9989,2.3006,1.8653,1.928,0.0336,54727.5355,180747.445,2.3027,2.8741,2.9688,0.0329,157293.1257,536604.2241,2.4115
Produce,Last 04 Wks,11,2020/11/08,2021/11/07,Total U.S.,Tangerines,88033974.22,84859926.34,-0.0361,1.482,1.5404,0.0394,29752456.7,27094272.83,-0.0893,4.3851,4.8245,0.1002,130467872.5,130715068.4,0.0019
Produce,Last 04 Wks,11,2020/11/08,2021/11/07,Total U.S.,Variety,13283632.02,15723924.15,0.1837,4.0953,4.4038,0.0753,11027424.73,13269337.42,0.2033,4.9332,5.2184,0.0578,54400701.67,69244600.74,0.2729
Produce,Last 04 Wks,12,2020/12/06,2021/12/05,Total U.S.,Total Store with Perimeter,0,0,0,0,0,0,20741155886,20137380655,-0.0291,3.5793,3.8593,0.0782,74238112977,77715994313,0.0468
Produce,Last 04 Wks,12,2020/12/06,2021/12/05,Total U.S.,Produce Department,3335742052,3242258951,-0.028,1.5696,1.712,0.0907,2364898452,2325257220,-0.0168,2.214,2.3872,0.0782,5235777636,5550797161,0.0602
Produce,Last 04 Wks,12,2020/12/06,2021/12/05,Total U.S.,Vegetable Aisle,1784672885,1708946412,-0.0424,1.5985,1.7003,0.0637,1375187045,1327161416,-0.0349,2.0745,2.1894,0.0554,2852793054,2905730131,0.0186
Produce,Last 04 Wks,12,2020/12/06,2021/12/05,Total U.S.,Fruit Aisle,1521875606,1505095647,-0.011,1.4968,1.6813,0.1233,927428972.7,935682727.9,0.0089,2.4562,2.7045,0.1011,2277958236,2530529436,0.1109
Produce,Last 04 Wks,12,2020/12/06,2021/12/05,Total U.S.,Blackberries,7638554.671,7873176.398,0.0307,6.0724,6.7436,0.1105,17514519.28,17289109.43,-0.0129,2.6483,3.0709,0.1596,46384337.59,53093610.99,0.1446
Produce,Last 04 Wks,12,2020/12/06,2021/12/05,Total U.S.,Blueberries,32372105.47,39052669.32,0.2064,5.0845,4.5682,-0.1015,44616506.21,50368275.3,0.1289,3.6891,3.5419,-0.0399,164596038.5,178399268.3,0.0839
Produce,Last 04 Wks,12,2020/12/06,2021/12/05,Total U.S.,Raspberries,13126810.03,12416308.76,-0.0541,6.0718,7.1773,0.1821,30754647,28556266.48,-0.0715,2.5916,3.1207,0.2042,79704020.84,89115958.22,0.1181
Produce,Last 04 Wks,12,2020/12/06,2021/12/05,Total U.S.,Strawberries,48632786.07,54611596.47,0.1229,3.9399,4.2818,0.0868,43939607.57,48956903.34,0.1142,4.3607,4.7763,0.0953,191608038.3,233833586,0.2204
Produce,Last 04 Wks,12,2020/12/06,2021/12/05,Total U.S.,Apples,222649817.8,215014308.4,-0.0343,1.5925,1.7845,0.1206,104235587.9,102544403.6,-0.0162,3.4017,3.7417,0.1,354575332.2,383695391.8,0.0821
Produce,Last 04 Wks,12,2020/12/06,2021/12/05,Total U.S.,Apricots,20270.7408,21911.038,0.0809,4.4337,4.3556,-0.0176,25627.1552,28030.7888,0.0938,3.507,3.4047,-0.0292,89875.0164,95435.5984,0.0619
Produce,Last 04 Wks,12,2020/12/06,2021/12/05,Total U.S.,Avocados,77261527.93,72705526.01,-0.059,2.0417,2.4487,0.1994,94700064.94,88782237.47,-0.0625,1.6657,2.0053,0.2039,157743105.7,178037399.8,0.1287
Produce,Last 04 Wks,12,2020/12/06,2021/12/05,Total U.S.,Bananas,454864570,441272390.9,-0.0299,0.5242,0.5597,0.0677,232021472.2,232450199.9,0.0018,1.0278,1.0626,0.0339,238461433.4,246996633,0.0358
Produce,Last 04 Wks,12,2020/12/06,2021/12/05,Total U.S.,Cherries,740117.5135,649687.2348,-0.1222,6.3582,6.4775,0.0188,625740.6308,547250.7571,-0.1254,7.5203,7.69,0.0226,4705778.651,4208332.102,-0.1057
Produce,Last 04 Wks,12,2020/12/06,2021/12/05,Total U.S.,Coconuts,693313.5973,660961.1355,-0.0467,2.0456,2.175,0.0632,570742.7703,540265.7145,-0.0534,2.485,2.6609,0.0708,1418276.871,1437573.726,0.0136
Produce,Last 04 Wks,12,2020/12/06,2021/12/05,Total U.S.,Dates,6492.3263,8192.1323,0.2618,8.0994,8.0265,-0.009,10362.9269,12769.7114,0.2322,5.0743,5.1492,0.0148,52584.1299,65753.7709,0.2504
Produce,Last 04 Wks,12,2020/12/06,2021/12/05,Total U.S.,Grapefruit,14422829.42,9704498.091,-0.3271,1.2512,1.5253,0.219,5982845.267,4263302.3,-0.2874,3.0163,3.472,0.1511,18046312.63,14802388.62,-0.1798
Produce,Last 04 Wks,12,2020/12/06,2021/12/05,Total U.S.,Grapes,157002813.8,157837004.6,0.0053,1.7355,1.9554,0.1267,85580785.49,83226456.96,-0.0275,3.1838,3.7084,0.1647,272474746.2,308633807,0.1327
Produce,Last 04 Wks,12,2020/12/06,2021/12/05,Total U.S.,Kiwi,6538535.597,7475833.429,0.1433,2.4181,2.7339,0.1306,5426565.905,6044882.627,0.1139,2.9136,3.3811,0.1605,15810950.1,20438497.12,0.2927
Produce,Last 04 Wks,12,2020/12/06,2021/12/05,Total U.S.,Lemons,32748385.61,33264005.73,0.0157,1.9321,1.9831,0.0264,36839553.98,37533275.53,0.0188,1.7176,1.7575,0.0233,63274752.41,65966258.41,0.0425
Produce,Last 04 Wks,12,2020/12/06,2021/12/05,Total U.S.,Limes,27742027.36,26687091.19,-0.038,1.5308,1.6468,0.0758,31500867.94,31950170.26,0.0143,1.3481,1.3755,0.0203,42466489.25,43947668.4,0.0349
Produce,Last 04 Wks,12,2020/12/06,2021/12/05,Total U.S.,Mangoes,14673187.54,14526425.06,-0.01,1.7906,1.9558,0.0922,14077446.69,14769715.94,0.0492,1.8664,1.9236,0.0306,26274389.39,28410768.47,0.0813
Produce,Last 04 Wks,12,2020/12/06,2021/12/05,Total U.S.,Melons,82223484.46,87493219.43,0.0641,1.2599,1.4535,0.1536,26451040,29481683.96,0.1146,3.9165,4.3136,0.1014,103595863.6,127170751.3,0.2276
Produce,Last 04 Wks,12,2020/12/06,2021/12/05,Total U.S.,Nectarines,37072.267,55914.1663,0.5082,2.7669,2.2768,-0.1771,30636.2183,41364.943,0.3502,3.3482,3.0777,-0.0808,102575.2999,127307.4633,0.2411
Produce,Last 04 Wks,12,2020/12/06,2021/12/05,Total U.S.,Oranges,74399441.2,70575670.58,-0.0514,1.2327,1.3342,0.0823,29432461.28,30360825.94,0.0315,3.1161,3.1013,-0.0047,91713369.16,94159529.85,0.0267
Produce,Last 04 Wks,12,2020/12/06,2021/12/05,Total U.S.,Other,3501808.867,4447833.081,0.2702,2.9565,3.2914,0.1133,3711732.025,4751806.991,0.2802,2.7893,3.0808,0.1045,10353086.43,14639437.39,0.414
Produce,Last 04 Wks,12,2020/12/06,2021/12/05,Total U.S.,Papaya,4932335.384,5276661.122,0.0698,1.3969,1.34,-0.0407,2174107.991,2474656.859,0.1382,3.1691,2.8573,-0.0984,6890069.674,7070919.115,0.0262
Produce,Last 04 Wks,12,2020/12/06,2021/12/05,Total U.S.,Peaches,1514609.821,1379687.707,-0.0891,1.6108,2.0805,0.2916,1085844.32,1041801.403,-0.0406,2.2468,2.7552,0.2263,2439677.486,2870422.762,0.1766
Produce,Last 04 Wks,12,2020/12/06,2021/12/05,Total U.S.,Pears,27307303.88,28473375.11,0.0427,1.6427,1.7428,0.0609,15556491.45,16435110.65,0.0565,2.8835,3.0193,0.0471,44857815.61,49622940.76,0.1062
Produce,Last 04 Wks,12,2020/12/06,2021/12/05,Total U.S.,Pineapple,59665007.57,59427447.58,-0.004,0.986,1.0878,0.1032,21487045.1,22917990.91,0.0666,2.7379,2.8206,0.0302,58828796.5,64642771.03,0.0988
Produce,Last 04 Wks,12,2020/12/06,2021/12/05,Total U.S.,Plums,2688994.871,4325263.344,0.6085,1.9877,1.9732,-0.0073,1772868.075,2694534.969,0.5199,3.0149,3.1673,0.0506,5344932.043,8534443.375,0.5967
Produce,Last 04 Wks,12,2020/12/06,2021/12/05,Total U.S.,Pomegranates,15520227.88,14414343.88,-0.0713,2.2945,2.7203,0.1856,15282427.41,14368926.4,-0.0598,2.3302,2.7289,0.1711,35611396.57,39211004.54,0.1011
Produce,Last 04 Wks,12,2020/12/06,2021/12/05,Total U.S.,Tangelos,34705.4241,38306.9289,0.1038,2.2125,2.2419,0.0133,22346.8698,26337.0905,0.1786,3.4361,3.2608,-0.051,76786.605,85878.805,0.1184
Produce,Last 04 Wks,12,2020/12/06,2021/12/05,Total U.S.,Tangerines,113075224,106394083,-0.0591,1.3191,1.4878,0.1279,35673209.1,33488026.18,-0.0613,4.1812,4.7267,0.1305,149156980.5,158288636.9,0.0612
Produce,Last 04 Wks,12,2020/12/06,2021/12/05,Total U.S.,Variety,12281757.2,15052936.51,0.2256,4.1169,4.4885,0.0903,9946692.648,12633398.5,0.2701,5.0834,5.3482,0.0521,50563313,67565750.77,0.3363
Produce,Last 04 Wks,13,2021/01/03,2022/01/02,Total U.S.,Total Store with Perimeter,0,0,0,0,0,0,20815932154,20634766836,-0.0087,3.6585,4.0048,0.0947,76154810322,82637538471,0.0851
Produce,Last 04 Wks,13,2021/01/03,2022/01/02,Total U.S.,Produce Department,3182326385,3103230421,-0.0249,1.634,1.7976,0.1001,2313973900,2276485746,-0.0162,2.2472,2.4504,0.0904,5199861977,5578222270,0.0728
Produce,Last 04 Wks,13,2021/01/03,2022/01/02,Total U.S.,Vegetable Aisle,1652460868,1588419125,-0.0388,1.7089,1.8123,0.0605,1336518703,1289644725,-0.0351,2.1129,2.2321,0.0564,2823915069,2878616065,0.0194
Produce,Last 04 Wks,13,2021/01/03,2022/01/02,Total U.S.,Fruit Aisle,1498344145,1484068384,-0.0095,1.5092,1.7352,0.1497,916110208.6,924238799.6,0.0089,2.4684,2.7862,0.1288,2261291578,2575122507,0.1388
Produce,Last 04 Wks,13,2021/01/03,2022/01/02,Total U.S.,Blackberries,8123015.34,9759012.092,0.2014,6.2514,6.4101,0.0254,18343623.4,21366112.57,0.1648,2.7683,2.9278,0.0576,50780547.88,62556044.29,0.2319
Produce,Last 04 Wks,13,2021/01/03,2022/01/02,Total U.S.,Blueberries,34104112.23,37096286.21,0.0877,4.6808,4.6982,0.0037,45349000.44,47567315.75,0.0489,3.5201,3.664,0.0409,159633775.3,174284583.9,0.0918
Produce,Last 04 Wks,13,2021/01/03,2022/01/02,Total U.S.,Raspberries,13324814.43,12820231.59,-0.0379,6.5388,7.6341,0.1675,30794962.02,29201599.34,-0.0517,2.8293,3.3516,0.1846,87128402.56,97871291.87,0.1233
Produce,Last 04 Wks,13,2021/01/03,2022/01/02,Total U.S.,Strawberries,54070482.25,63432060.42,0.1731,3.8948,4.2768,0.0981,49167024.3,56793287.21,0.1551,4.2832,4.7767,0.1152,210591902.8,271285936,0.2882
Produce,Last 04 Wks,13,2021/01/03,2022/01/02,Total U.S.,Apples,198281825.9,192299738.4,-0.0302,1.6387,1.8377,0.1215,93428903.1,91524085.36,-0.0204,3.4777,3.8612,0.1103,324916830.5,353388639.1,0.0876
Produce,Last 04 Wks,13,2021/01/03,2022/01/02,Total U.S.,Apricots,113782.6661,77807.1591,-0.3162,4.2031,4.592,0.0925,137145.3472,101466.5166,-0.2602,3.4871,3.5213,0.0098,478240.5128,357291.527,-0.2529
Produce,Last 04 Wks,13,2021/01/03,2022/01/02,Total U.S.,Avocados,83744828.75,77269050.4,-0.0773,1.9329,2.407,0.2453,104274953.5,94953745.22,-0.0894,1.5523,1.9587,0.2618,161867372.2,185985239.6,0.149
Produce,Last 04 Wks,13,2021/01/03,2022/01/02,Total U.S.,Bananas,438596043.4,425009302.5,-0.031,0.536,0.571,0.0654,223659134.4,224477970,0.0037,1.0511,1.0811,0.0286,235079780.4,242684300.8,0.0323
Produce,Last 04 Wks,13,2021/01/03,2022/01/02,Total U.S.,Cherries,2580240.079,3196464.746,0.2388,5.3866,5.7094,0.0599,2132721.28,2662011.62,0.2482,6.5169,6.8556,0.052,13898725.16,18249742.81,0.3131
Produce,Last 04 Wks,13,2021/01/03,2022/01/02,Total U.S.,Coconuts,734888.4747,762876.3719,0.0381,2.0271,2.1925,0.0816,603390.2298,626742.4618,0.0387,2.4689,2.6687,0.081,1489688.637,1672613.744,0.1228
Produce,Last 04 Wks,13,2021/01/03,2022/01/02,Total U.S.,Dates,6589.9595,8853.8285,0.3435,8.0269,7.9677,-0.0074,10357.4787,14058.4856,0.3573,5.1072,5.0179,-0.0175,52897.2328,70544.6955,0.3336
Produce,Last 04 Wks,13,2021/01/03,2022/01/02,Total U.S.,Grapefruit,15957529.35,13417873.12,-0.1592,1.2308,1.445,0.174,6517355.02,5226611.217,-0.198,3.0136,3.7098,0.231,19640858.14,19389423.84,-0.0128
Produce,Last 04 Wks,13,2021/01/03,2022/01/02,Total U.S.,Grapes,137737010.4,128916032.5,-0.064,1.8074,2.1413,0.1847,73695107.78,70117114.97,-0.0486,3.378,3.937,0.1655,248945570.9,276049636.2,0.1089
Produce,Last 04 Wks,13,2021/01/03,2022/01/02,Total U.S.,Kiwi,6644329.922,7158776.763,0.0774,2.3042,2.7096,0.1759,5671060.048,5948880.17,0.049,2.6997,3.2607,0.2078,15310186.1,19397779.22,0.267
Produce,Last 04 Wks,13,2021/01/03,2022/01/02,Total U.S.,Lemons,35202660.07,36160892.45,0.0272,1.8899,1.9783,0.0468,39870138.92,40979159.83,0.0278,1.6686,1.7457,0.0462,66528258.56,71535408.02,0.0753
Produce,Last 04 Wks,13,2021/01/03,2022/01/02,Total U.S.,Limes,31400343.14,30594660.95,-0.0257,1.4894,1.6769,0.1259,36205301.87,36541596.02,0.0093,1.2917,1.404,0.0869,46767614.21,51304849.65,0.097
Produce,Last 04 Wks,13,2021/01/03,2022/01/02,Total U.S.,Mangoes,16788214.76,15639075.81,-0.0684,1.6052,1.8224,0.1353,16573520.53,16179027.07,-0.0238,1.626,1.7616,0.0834,26948667.75,28500826.84,0.0576
Produce,Last 04 Wks,13,2021/01/03,2022/01/02,Total U.S.,Melons,68719703.48,78466163.09,0.1418,1.2997,1.5228,0.1717,22810629.73,28022381.22,0.2285,3.9154,4.2641,0.089,89313729.81,119489712.9,0.3379
Produce,Last 04 Wks,13,2021/01/03,2022/01/02,Total U.S.,Nectarines,165052.6456,139266.8515,-0.1562,3.0382,3.6113,0.1886,128819.1536,111711.3068,-0.1328,3.8928,4.5021,0.1565,501467.911,502931.1447,0.0029
Produce,Last 04 Wks,13,2021/01/03,2022/01/02,Total U.S.,Oranges,92651779.66,89492695.68,-0.0341,1.191,1.3019,0.0932,34945236.89,34564361.09,-0.0109,3.1577,3.3709,0.0675,110345086.6,116514677.3,0.0559
Produce,Last 04 Wks,13,2021/01/03,2022/01/02,Total U.S.,Other,3241415.654,4009825.684,0.2371,3.2259,3.3357,0.034,3492472.025,4356293.191,0.2473,2.994,3.0704,0.0255,10456336.86,13375421.46,0.2792
Produce,Last 04 Wks,13,2021/01/03,2022/01/02,Total U.S.,Papaya,4701466.266,5351920.717,0.1384,1.3903,1.3427,-0.0342,2060109.609,2531393.135,0.2288,3.1729,2.8389,-0.1053,6536497.693,7186261.184,0.0994
Produce,Last 04 Wks,13,2021/01/03,2022/01/02,Total U.S.,Peaches,389808.3801,285658.7618,-0.2672,3.1687,3.5539,0.1216,316160.7452,246953.0205,-0.2189,3.9069,4.111,0.0522,1235193.443,1015215.796,-0.1781
Produce,Last 04 Wks,13,2021/01/03,2022/01/02,Total U.S.,Pears,25673368.77,26204530.9,0.0207,1.6438,1.7925,0.0904,14606103.12,14860433.56,0.0174,2.8894,3.1608,0.0939,42203096.43,46971154.92,0.113
Produce,Last 04 Wks,13,2021/01/03,2022/01/02,Total U.S.,Pineapple,66249023.51,67884038.54,0.0247,0.869,1.0012,0.1522,22672653.95,24570079.34,0.0837,2.5391,2.7663,0.0895,57568917.98,67968109.95,0.1806
Produce,Last 04 Wks,13,2021/01/03,2022/01/02,Total U.S.,Plums,145998.0385,197924.2079,0.3557,2.8136,2.5272,-0.1018,135308.7679,164224.0433,0.2137,3.0359,3.0458,0.0033,410786.7381,500200.8201,0.2177
Produce,Last 04 Wks,13,2021/01/03,2022/01/02,Total U.S.,Pomegranates,10947458.22,10255430.15,-0.0632,2.6018,3.21,0.2338,10878644.73,10524233.56,-0.0326,2.6183,3.128,0.1947,28483029.99,32919814.52,0.1558
Produce,Last 04 Wks,13,2021/01/03,2022/01/02,Total U.S.,Rhubarb,0,80,0,0,0.1355,0,0,4,0,0,2.71,0,0,10.84,0
Produce,Last 04 Wks,13,2021/01/03,2022/01/02,Total U.S.,Tangelos,87960.6042,54925.3221,-0.3756,2.0284,2.4023,0.1844,54168.5445,37239.9757,-0.3125,3.2937,3.5431,0.0757,178415.9569,131946.7671,-0.2605
Produce,Last 04 Wks,13,2021/01/03,2022/01/02,Total U.S.,Tangerines,128085871.1,125240326.2,-0.0222,1.2894,1.5132,0.1735,39576088.17,39009911.93,-0.0143,4.1732,4.858,0.1641,165158247.3,189510571.2,0.1474
Produce,Last 04 Wks,13,2021/01/03,2022/01/02,Total U.S.,Variety,13940900.06,17072975.33,0.2247,4.116,4.5275,0.1,10996181.38,13797327.07,0.2547,5.2182,5.6024,0.0736,57380258.95,77298661.78,0.3471
,,,,,,,,,,,,,,,,,,,,,
,,,,,,,,,,,,,,,,,,,,,
,,,,,,,,,,,,,,,,,,,,,
,,,,,,,,,,,,,,,,,,,,,
,,,,,,,,,,,,,,,,,,,,,
,,,,,,,,,,,,,,,,,,,,,
,,,,,,,,,,,,,,,,,,,,,
,,,,,,,,,,,,,,,,,,,,,
,,,,,,,,,,,,,,,,,,,,,
,,,,,,,,,,,,,,,,,,,,,
,,,,,,,,,,,,,,,,,,,,,
,,,,,,,,,,,,,,,,,,,,,
,,,,,,,,,,,,,,,,,,,,,
,,,,,,,,,,,,,,,,,,,,,
,,,,,,,,,,,,,,,,,,,,,
,,,,,,,,,,,,,,,,,,,,,
,,,,,,,,,,,,,,,,,,,,,
,,,,,,,,,,,,,,,,,,,,,
,,,,,,,,,,,,,,,,,,,,,
,,,,,,,,,,,,,,,,,,,,,
,,,,,,,,,,,,,,,,,,,,,
,,,,,,,,,,,,,,,,,,,,,
,,,,,,,,,,,,,,,,,,,,,
,,,,,,,,,,,,,,,,,,,,,
,,,,,,,,,,,,,,,,,,,,,
,,,,,,,,,,,,,,,,,,,,,
,,,,,,,,,,,,,,,,,,,,,
,,,,,,,,,,,,,,,,,,,,,
,,,,,,,,,,,,,,,,,,,,,
,,,,,,,,,,,,,,,,,,,,,
,,,,,,,,,,,,,,,,,,,,,
,,,,,,,,,,,,,,,,,,,,,
,,,,,,,,,,,,,,,,,,,,,
,,,,,,,,,,,,,,,,,,,,,
,,,,,,,,,,,,,,,,,,,,,
,,,,,,,,,,,,,,,,,,,,,
,,,,,,,,,,,,,,,,,,,,,
,,,,,,,,,,,,,,,,,,,,,
,,,,,,,,,,,,,,,,,,,,,
,,,,,,,,,,,,,,,,,,,,,
,,,,,,,,,,,,,,,,,,,,,
,,,,,,,,,,,,,,,,,,,,,
,,,,,,,,,,,,,,,,,,,,,
,,,,,,,,,,,,,,,,,,,,,
,,,,,,,,,,,,,,,,,,,,,
,,,,,,,,,,,,,,,,,,,,,
,,,,,,,,,,,,,,,,,,,,,
,,,,,,,,,,,,,,,,,,,,,
,,,,,,,,,,,,,,,,,,,,,
,,,,,,,,,,,,,,,,,,,,,
,,,,,,,,,,,,,,,,,,,,,
,,,,,,,,,,,,,,,,,,,,,
,,,,,,,,,,,,,,,,,,,,,
,,,,,,,,,,,,,,,,,,,,,
,,,,,,,,,,,,,,,,,,,,,
,,,,,,,,,,,,,,,,,,,,,
,,,,,,,,,,,,,,,,,,,,,
,,,,,,,,,,,,,,,,,,,,,
,,,,,,,,,,,,,,,,,,,,,
,,,,,,,,,,,,,,,,,,,,,
,,,,,,,,,,,,,,,,,,,,,
,,,,,,,,,,,,,,,,,,,,,
,,,,,,,,,,,,,,,,,,,,,
,,,,,,,,,,,,,,,,,,,,,
,,,,,,,,,,,,,,,,,,,,,
,,,,,,,,,,,,,,,,,,,,,
,,,,,,,,,,,,,,,,,,,,,
,,,,,,,,,,,,,,,,,,,,,
,,,,,,,,,,,,,,,,,,,,,
,,,,,,,,,,,,,,,,,,,,,
,,,,,,,,,,,,,,,,,,,,,
,,,,,,,,,,,,,,,,,,,,,
,,,,,,,,,,,,,,,,,,,,,
,,,,,,,,,,,,,,,,,,,,,
,,,,,,,,,,,,,,,,,,,,,
,,,,,,,,,,,,,,,,,,,,,
,,,,,,,,,,,,,,,,,,,,,
,,,,,,,,,,,,,,,,,,,,,
,,,,,,,,,,,,,,,,,,,,,
,,,,,,,,,,,,,,,,,,,,,
,,,,,,,,,,,,,,,,,,,,,
,,,,,,,,,,,,,,,,,,,,,
,,,,,,,,,,,,,,,,,,,,,
,,,,,,,,,,,,,,,,,,,,,
,,,,,,,,,,,,,,,,,,,,,
,,,,,,,,,,,,,,,,,,,,,
,,,,,,,,,,,,,,,,,,,,,
,,,,,,,,,,,,,,,,,,,,,
,,,,,,,,,,,,,,,,,,,,,
,,,,,,,,,,,,,,,,,,,,,
,,,,,,,,,,,,,,,,,,,,,
,,,,,,,,,,,,,,,,,,,,,
,,,,,,,,,,,,,,,,,,,,,
,,,,,,,,,,,,,,,,,,,,,
,,,,,,,,,,,,,,,,,,,,,
,,,,,,,,,,,,,,,,,,,,,
,,,,,,,,,,,,,,,,,,,,,
,,,,,,,,,,,,,,,,,,,,,
,,,,,,,,,,,,,,,,,,,,,
,,,,,,,,,,,,,,,,,,,,,
,,,,,,,,,,,,,,,,,,,,,
,,,,,,,,,,,,,,,,,,,,,
,,,,,,,,,,,,,,,,,,,,,
,,,,,,,,,,,,,,,,,,,,,
,,,,,,,,,,,,,,,,,,,,,
,,,,,,,,,,,,,,,,,,,,,
,,,,,,,,,,,,,,,,,,,,,
,,,,,,,,,,,,,,,,,,,,,
,,,,,,,,,,,,,,,,,,,,,
,,,,,,,,,,,,,,,,,,,,,
,,,,,,,,,,,,,,,,,,,,,
,,,,,,,,,,,,,,,,,,,,,
,,,,,,,,,,,,,,,,,,,,,
,,,,,,,,,,,,,,,,,,,,,
,,,,,,,,,,,,,,,,,,,,,
,,,,,,,,,,,,,,,,,,,,,
,,,,,,,,,,,,,,,,,,,,,
,,,,,,,,,,,,,,,,,,,,,
,,,,,,,,,,,,,,,,,,,,,
,,,,,,,,,,,,,,,,,,,,,
,,,,,,,,,,,,,,,,,,,,,
,,,,,,,,,,,,,,,,,,,,,
,,,,,,,,,,,,,,,,,,,,,
,,,,,,,,,,,,,,,,,,,,,
,,,,,,,,,,,,,,,,,,,,,
,,,,,,,,,,,,,,,,,,,,,
,,,,,,,,,,,,,,,,,,,,,
,,,,,,,,,,,,,,,,,,,,,
,,,,,,,,,,,,,,,,,,,,,
,,,,,,,,,,,,,,,,,,,,,
,,,,,,,,,,,,,,,,,,,,,
,,,,,,,,,,,,,,,,,,,,,
,,,,,,,,,,,,,,,,,,,,,
,,,,,,,,,,,,,,,,,,,,,
,,,,,,,,,,,,,,,,,,,,,
,,,,,,,,,,,,,,,,,,,,,
,,,,,,,,,,,,,,,,,,,,,
,,,,,,,,,,,,,,,,,,,,,
,,,,,,,,,,,,,,,,,,,,,
,,,,,,,,,,,,,,,,,,,,,
,,,,,,,,,,,,,,,,,,,,,
,,,,,,,,,,,,,,,,,,,,,
,,,,,,,,,,,,,,,,,,,,,
,,,,,,,,,,,,,,,,,,,,,
,,,,,,,,,,,,,,,,,,,,,
,,,,,,,,,,,,,,,,,,,,,
,,,,,,,,,,,,,,,,,,,,,
,,,,,,,,,,,,,,,,,,,,,
,,,,,,,,,,,,,,,,,,,,,
,,,,,,,,,,,,,,,,,,,,,
,,,,,,,,,,,,,,,,,,,,,
,,,,,,,,,,,,,,,,,,,,,
,,,,,,,,,,,,,,,,,,,,,
,,,,,,,,,,,,,,,,,,,,,
,,,,,,,,,,,,,,,,,,,,,
,,,,,,,,,,,,,,,,,,,,,
,,,,,,,,,,,,,,,,,,,,,
,,,,,,,,,,,,,,,,,,,,,
,,,,,,,,,,,,,,,,,,,,,
,,,,,,,,,,,,,,,,,,,,,
,,,,,,,,,,,,,,,,,,,,,
,,,,,,,,,,,,,,,,,,,,,
,,,,,,,,,,,,,,,,,,,,,
,,,,,,,,,,,,,,,,,,,,,
,,,,,,,,,,,,,,,,,,,,,
,,,,,,,,,,,,,,,,,,,,,
,,,,,,,,,,,,,,,,,,,,,
,,,,,,,,,,,,,,,,,,,,,
,,,,,,,,,,,,,,,,,,,,,
,,,,,,,,,,,,,,,,,,,,,
,,,,,,,,,,,,,,,,,,,,,
,,,,,,,,,,,,,,,,,,,,,
,,,,,,,,,,,,,,,,,,,,,
,,,,,,,,,,,,,,,,,,,,,
,,,,,,,,,,,,,,,,,,,,,
,,,,,,,,,,,,,,,,,,,,,
,,,,,,,,,,,,,,,,,,,,,
,,,,,,,,,,,,,,,,,,,,,
,,,,,,,,,,,,,,,,,,,,,
,,,,,,,,,,,,,,,,,,,,,
,,,,,,,,,,,,,,,,,,,,,
,,,,,,,,,,,,,,,,,,,,,
,,,,,,,,,,,,,,,,,,,,,
,,,,,,,,,,,,,,,,,,,,,
,,,,,,,,,,,,,,,,,,,,,
,,,,,,,,,,,,,,,,,,,,,
,,,,,,,,,,,,,,,,,,,,,
,,,,,,,,,,,,,,,,,,,,,
,,,,,,,,,,,,,,,,,,,,,
,,,,,,,,,,,,,,,,,,,,,
,,,,,,,,,,,,,,,,,,,,,
,,,,,,,,,,,,,,,,,,,,,
,,,,,,,,,,,,,,,,,,,,,
,,,,,,,,,,,,,,,,,,,,,
,,,,,,,,,,,,,,,,,,,,,
,,,,,,,,,,,,,,,,,,,,,
,,,,,,,,,,,,,,,,,,,,,
,,,,,,,,,,,,,,,,,,,,,
,,,,,,,,,,,,,,,,,,,,,
,,,,,,,,,,,,,,,,,,,,,
,,,,,,,,,,,,,,,,,,,,,
,,,,,,,,,,,,,,,,,,,,,
,,,,,,,,,,,,,,,,,,,,,
,,,,,,,,,,,,,,,,,,,,,
,,,,,,,,,,,,,,,,,,,,,
,,,,,,,,,,,,,,,,,,,,,
,,,,,,,,,,,,,,,,,,,,,
,,,,,,,,,,,,,,,,,,,,,
,,,,,,,,,,,,,,,,,,,,,
,,,,,,,,,,,,,,,,,,,,,
,,,,,,,,,,,,,,,,,,,,,
,,,,,,,,,,,,,,,,,,,,,
,,,,,,,,,,,,,,,,,,,,,
,,,,,,,,,,,,,,,,,,,,,
,,,,,,,,,,,,,,,,,,,,,
,,,,,,,,,,,,,,,,,,,,,
,,,,,,,,,,,,,,,,,,,,,
,,,,,,,,,,,,,,,,,,,,,
,,,,,,,,,,,,,,,,,,,,,
,,,,,,,,,,,,,,,,,,,,,
,,,,,,,,,,,,,,,,,,,,,
,,,,,,,,,,,,,,,,,,,,,
,,,,,,,,,,,,,,,,,,,,,
,,,,,,,,,,,,,,,,,,,,,
,,,,,,,,,,,,,,,,,,,,,
,,,,,,,,,,,,,,,,,,,,,
,,,,,,,,,,,,,,,,,,,,,
,,,,,,,,,,,,,,,,,,,,,
,,,,,,,,,,,,,,,,,,,,,
,,,,,,,,,,,,,,,,,,,,,
,,,,,,,,,,,,,,,,,,,,,
,,,,,,,,,,,,,,,,,,,,,
,,,,,,,,,,,,,,,,,,,,,
,,,,,,,,,,,,,,,,,,,,,
,,,,,,,,,,,,,,,,,,,,,
,,,,,,,,,,,,,,,,,,,,,
,,,,,,,,,,,,,,,,,,,,,
,,,,,,,,,,,,,,,,,,,,,
,,,,,,,,,,,,,,,,,,,,,
,,,,,,,,,,,,,,,,,,,,,
,,,,,,,,,,,,,,,,,,,,,
,,,,,,,,,,,,,,,,,,,,,
,,,,,,,,,,,,,,,,,,,,,
,,,,,,,,,,,,,,,,,,,,,
,,,,,,,,,,,,,,,,,,,,,
,,,,,,,,,,,,,,,,,,,,,
,,,,,,,,,,,,,,,,,,,,,
,,,,,,,,,,,,,,,,,,,,,
,,,,,,,,,,,,,,,,,,,,,
,,,,,,,,,,,,,,,,,,,,,
,,,,,,,,,,,,,,,,,,,,,
,,,,,,,,,,,,,,,,,,,,,
,,,,,,,,,,,,,,,,,,,,,
,,,,,,,,,,,,,,,,,,,,,
,,,,,,,,,,,,,,,,,,,,,
,,,,,,,,,,,,,,,,,,,,,
,,,,,,,,,,,,,,,,,,,,,
,,,,,,,,,,,,,,,,,,,,,
,,,,,,,,,,,,,,,,,,,,,
,,,,,,,,,,,,,,,,,,,,,
,,,,,,,,,,,,,,,,,,,,,
,,,,,,,,,,,,,,,,,,,,,
,,,,,,,,,,,,,,,,,,,,,
,,,,,,,,,,,,,,,,,,,,,
,,,,,,,,,,,,,,,,,,,,,
,,,,,,,,,,,,,,,,,,,,,
,,,,,,,,,,,,,,,,,,,,,
,,,,,,,,,,,,,,,,,,,,,
,,,,,,,,,,,,,,,,,,,,,
,,,,,,,,,,,,,,,,,,,,,
,,,,,,,,,,,,,,,,,,,,,
,,,,,,,,,,,,,,,,,,,,,
,,,,,,,,,,,,,,,,,,,,,
,,,,,,,,,,,,,,,,,,,,,
,,,,,,,,,,,,,,,,,,,,,
,,,,,,,,,,,,,,,,,,,,,
,,,,,,,,,,,,,,,,,,,,,
,,,,,,,,,,,,,,,,,,,,,
,,,,,,,,,,,,,,,,,,,,,
,,,,,,,,,,,,,,,,,,,,,
,,,,,,,,,,,,,,,,,,,,,
,,,,,,,,,,,,,,,,,,,,,
,,,,,,,,,,,,,,,,,,,,,
,,,,,,,,,,,,,,,,,,,,,
,,,,,,,,,,,,,,,,,,,,,
,,,,,,,,,,,,,,,,,,,,,
,,,,,,,,,,,,,,,,,,,,,
,,,,,,,,,,,,,,,,,,,,,
,,,,,,,,,,,,,,,,,,,,,
,,,,,,,,,,,,,,,,,,,,,
,,,,,,,,,,,,,,,,,,,,,
,,,,,,,,,,,,,,,,,,,,,
,,,,,,,,,,,,,,,,,,,,,
,,,,,,,,,,,,,,,,,,,,,
,,,,,,,,,,,,,,,,,,,,,
,,,,,,,,,,,,,,,,,,,,,
,,,,,,,,,,,,,,,,,,,,,
,,,,,,,,,,,,,,,,,,,,,
,,,,,,,,,,,,,,,,,,,,,
,,,,,,,,,,,,,,,,,,,,,
,,,,,,,,,,,,,,,,,,,,,
,,,,,,,,,,,,,,,,,,,,,
,,,,,,,,,,,,,,,,,,,,,
,,,,,,,,,,,,,,,,,,,,,
,,,,,,,,,,,,,,,,,,,,,
,,,,,,,,,,,,,,,,,,,,,
,,,,,,,,,,,,,,,,,,,,,
,,,,,,,,,,,,,,,,,,,,,
,,,,,,,,,,,,,,,,,,,,,
,,,,,,,,,,,,,,,,,,,,,
,,,,,,,,,,,,,,,,,,,,,
,,,,,,,,,,,,,,,,,,,,,
,,,,,,,,,,,,,,,,,,,,,
,,,,,,,,,,,,,,,,,,,,,
,,,,,,,,,,,,,,,,,,,,,
,,,,,,,,,,,,,,,,,,,,,
,,,,,,,,,,,,,,,,,,,,,
,,,,,,,,,,,,,,,,,,,,,
,,,,,,,,,,,,,,,,,,,,,
,,,,,,,,,,,,,,,,,,,,,
,,,,,,,,,,,,,,,,,,,,,
,,,,,,,,,,,,,,,,,,,,,
,,,,,,,,,,,,,,,,,,,,,
,,,,,,,,,,,,,,,,,,,,,
,,,,,,,,,,,,,,,,,,,,,
,,,,,,,,,,,,,,,,,,,,,
,,,,,,,,,,,,,,,,,,,,,
,,,,,,,,,,,,,,,,,,,,,
,,,,,,,,,,,,,,,,,,,,,
,,,,,,,,,,,,,,,,,,,,,
,,,,,,,,,,,,,,,,,,,,,
,,,,,,,,,,,,,,,,,,,,,
,,,,,,,,,,,,,,,,,,,,,
,,,,,,,,,,,,,,,,,,,,,
,,,,,,,,,,,,,,,,,,,,,
,,,,,,,,,,,,,,,,,,,,,
,,,,,,,,,,,,,,,,,,,,,
,,,,,,,,,,,,,,,,,,,,,
,,,,,,,,,,,,,,,,,,,,,
,,,,,,,,,,,,,,,,,,,,,
,,,,,,,,,,,,,,,,,,,,,
,,,,,,,,,,,,,,,,,,,,,
,,,,,,,,,,,,,,,,,,,,,
,,,,,,,,,,,,,,,,,,,,,
,,,,,,,,,,,,,,,,,,,,,
,,,,,,,,,,,,,,,,,,,,,
,,,,,,,,,,,,,,,,,,,,,
,,,,,,,,,,,,,,,,,,,,,
,,,,,,,,,,,,,,,,,,,,,
,,,,,,,,,,,,,,,,,,,,,
,,,,,,,,,,,,,,,,,,,,,
,,,,,,,,,,,,,,,,,,,,,
,,,,,,,,,,,,,,,,,,,,,
,,,,,,,,,,,,,,,,,,,,,
,,,,,,,,,,,,,,,,,,,,,
,,,,,,,,,,,,,,,,,,,,,
,,,,,,,,,,,,,,,,,,,,,
,,,,,,,,,,,,,,,,,,,,,
,,,,,,,,,,,,,,,,,,,,,
,,,,,,,,,,,,,,,,,,,,,
,,,,,,,,,,,,,,,,,,,,,
,,,,,,,,,,,,,,,,,,,,,
,,,,,,,,,,,,,,,,,,,,,
,,,,,,,,,,,,,,,,,,,,,
,,,,,,,,,,,,,,,,,,,,,
,,,,,,,,,,,,,,,,,,,,,
,,,,,,,,,,,,,,,,,,,,,
,,,,,,,,,,,,,,,,,,,,,
,,,,,,,,,,,,,,,,,,,,,
,,,,,,,,,,,,,,,,,,,,,
,,,,,,,,,,,,,,,,,,,,,
,,,,,,,,,,,,,,,,,,,,,
,,,,,,,,,,,,,,,,,,,,,
,,,,,,,,,,,,,,,,,,,,,
,,,,,,,,,,,,,,,,,,,,,
,,,,,,,,,,,,,,,,,,,,,
,,,,,,,,,,,,,,,,,,,,,
,,,,,,,,,,,,,,,,,,,,,
,,,,,,,,,,,,,,,,,,,,,
,,,,,,,,,,,,,,,,,,,,,
,,,,,,,,,,,,,,,,,,,,,
,,,,,,,,,,,,,,,,,,,,,
,,,,,,,,,,,,,,,,,,,,,
,,,,,,,,,,,,,,,,,,,,,
,,,,,,,,,,,,,,,,,,,,,
,,,,,,,,,,,,,,,,,,,,,
,,,,,,,,,,,,,,,,,,,,,
,,,,,,,,,,,,,,,,,,,,,
,,,,,,,,,,,,,,,,,,,,,
,,,,,,,,,,,,,,,,,,,,,
,,,,,,,,,,,,,,,,,,,,,
,,,,,,,,,,,,,,,,,,,,,
,,,,,,,,,,,,,,,,,,,,,
,,,,,,,,,,,,,,,,,,,,,
,,,,,,,,,,,,,,,,,,,,,
,,,,,,,,,,,,,,,,,,,,,
,,,,,,,,,,,,,,,,,,,,,
,,,,,,,,,,,,,,,,,,,,,
,,,,,,,,,,,,,,,,,,,,,
,,,,,,,,,,,,,,,,,,,,,
,,,,,,,,,,,,,,,,,,,,,
,,,,,,,,,,,,,,,,,,,,,
,,,,,,,,,,,,,,,,,,,,,
,,,,,,,,,,,,,,,,,,,,,
,,,,,,,,,,,,,,,,,,,,,
,,,,,,,,,,,,,,,,,,,,,
,,,,,,,,,,,,,,,,,,,,,
,,,,,,,,,,,,,,,,,,,,,
,,,,,,,,,,,,,,,,,,,,,
,,,,,,,,,,,,,,,,,,,,,
,,,,,,,,,,,,,,,,,,,,,
,,,,,,,,,,,,,,,,,,,,,
,,,,,,,,,,,,,,,,,,,,,
,,,,,,,,,,,,,,,,,,,,,
,,,,,,,,,,,,,,,,,,,,,
,,,,,,,,,,,,,,,,,,,,,
,,,,,,,,,,,,,,,,,,,,,
,,,,,,,,,,,,,,,,,,,,,
,,,,,,,,,,,,,,,,,,,,,
,,,,,,,,,,,,,,,,,,,,,
,,,,,,,,,,,,,,,,,,,,,
,,,,,,,,,,,,,,,,,,,,,
,,,,,,,,,,,,,,,,,,,,,
,,,,,,,,,,,,,,,,,,,,,
,,,,,,,,,,,,,,,,,,,,,
,,,,,,,,,,,,,,,,,,,,,
,,,,,,,,,,,,,,,,,,,,,
,,,,,,,,,,,,,,,,,,,,,
,,,,,,,,,,,,,,,,,,,,,
,,,,,,,,,,,,,,,,,,,,,
,,,,,,,,,,,,,,,,,,,,,
,,,,,,,,,,,,,,,,,,,,,
,,,,,,,,,,,,,,,,,,,,,
,,,,,,,,,,,,,,,,,,,,,
,,,,,,,,,,,,,,,,,,,,,
,,,,,,,,,,,,,,,,,,,,,
,,,,,,,,,,,,,,,,,,,,,
,,,,,,,,,,,,,,,,,,,,,
,,,,,,,,,,,,,,,,,,,,,
,,,,,,,,,,,,,,,,,,,,,
,,,,,,,,,,,,,,,,,,,,,
,,,,,,,,,,,,,,,,,,,,,
,,,,,,,,,,,,,,,,,,,,,
,,,,,,,,,,,,,,,,,,,,,
,,,,,,,,,,,,,,,,,,,,,
,,,,,,,,,,,,,,,,,,,,,
,,,,,,,,,,,,,,,,,,,,,
,,,,,,,,,,,,,,,,,,,,,
,,,,,,,,,,,,,,,,,,,,,
,,,,,,,,,,,,,,,,,,,,,
,,,,,,,,,,,,,,,,,,,,,
,,,,,,,,,,,,,,,,,,,,,
,,,,,,,,,,,,,,,,,,,,,
,,,,,,,,,,,,,,,,,,,,,
,,,,,,,,,,,,,,,,,,,,,
,,,,,,,,,,,,,,,,,,,,,
,,,,,,,,,,,,,,,,,,,,,
,,,,,,,,,,,,,,,,,,,,,
,,,,,,,,,,,,,,,,,,,,,
,,,,,,,,,,,,,,,,,,,,,
,,,,,,,,,,,,,,,,,,,,,
,,,,,,,,,,,,,,,,,,,,,
,,,,,,,,,,,,,,,,,,,,,
,,,,,,,,,,,,,,,,,,,,,
,,,,,,,,,,,,,,,,,,,,,
,,,,,,,,,,,,,,,,,,,,,
,,,,,,,,,,,,,,,,,,,,,
,,,,,,,,,,,,,,,,,,,,,
,,,,,,,,,,,,,,,,,,,,,
,,,,,,,,,,,,,,,,,,,,,
,,,,,,,,,,,,,,,,,,,,,
,,,,,,,,,,,,,,,,,,,,,
,,,,,,,,,,,,,,,,,,,,,
,,,,,,,,,,,,,,,,,,,,,
,,,,,,,,,,,,,,,,,,,,,
,,,,,,,,,,,,,,,,,,,,,
,,,,,,,,,,,,,,,,,,,,,
,,,,,,,,,,,,,,,,,,,,,
,,,,,,,,,,,,,,,,,,,,,
,,,,,,,,,,,,,,,,,,,,,
,,,,,,,,,,,,,,,,,,,,,
,,,,,,,,,,,,,,,,,,,,,
,,,,,,,,,,,,,,,,,,,,,
,,,,,,,,,,,,,,,,,,,,,
,,,,,,,,,,,,,,,,,,,,,
,,,,,,,,,,,,,,,,,,,,,
,,,,,,,,,,,,,,,,,,,,,
,,,,,,,,,,,,,,,,,,,,,
,,,,,,,,,,,,,,,,,,,,,
,,,,,,,,,,,,,,,,,,,,,
,,,,,,,,,,,,,,,,,,,,,
,,,,,,,,,,,,,,,,,,,,,
,,,,,,,,,,,,,,,,,,,,,
,,,,,,,,,,,,,,,,,,,,,
,,,,,,,,,,,,,,,,,,,,,
,,,,,,,,,,,,,,,,,,,,,
,,,,,,,,,,,,,,,,,,,,,
,,,,,,,,,,,,,,,,,,,,,
,,,,,,,,,,,,,,,,,,,,,
,,,,,,,,,,,,,,,,,,,,,
,,,,,,,,,,,,,,,,,,,,,
,,,,,,,,,,,,,,,,,,,,,
,,,,,,,,,,,,,,,,,,,,,
,,,,,,,,,,,,,,,,,,,,,
,,,,,,,,,,,,,,,,,,,,,
,,,,,,,,,,,,,,,,,,,,,
,,,,,,,,,,,,,,,,,,,,,
,,,,,,,,,,,,,,,,,,,,,
,,,,,,,,,,,,,,,,,,,,,
,,,,,,,,,,,,,,,,,,,,,
,,,,,,,,,,,,,,,,,,,,,
,,,,,,,,,,,,,,,,,,,,,
,,,,,,,,,,,,,,,,,,,,,
,,,,,,,,,,,,,,,,,,,,,
,,,,,,,,,,,,,,,,,,,,,
,,,,,,,,,,,,,,,,,,,,,
,,,,,,,,,,,,,,,,,,,,,
,,,,,,,,,,,,,,,,,,,,,
,,,,,,,,,,,,,,,,,,,,,
,,,,,,,,,,,,,,,,,,,,,
,,,,,,,,,,,,,,,,,,,,,
,,,,,,,,,,,,,,,,,,,,,
,,,,,,,,,,,,,,,,,,,,,
,,,,,,,,,,,,,,,,,,,,,
,,,,,,,,,,,,,,,,,,,,,
,,,,,,,,,,,,,,,,,,,,,
,,,,,,,,,,,,,,,,,,,,,
,,,,,,,,,,,,,,,,,,,,,
,,,,,,,,,,,,,,,,,,,,,
,,,,,,,,,,,,,,,,,,,,,
,,,,,,,,,,,,,,,,,,,,,
,,,,,,,,,,,,,,,,,,,,,
,,,,,,,,,,,,,,,,,,,,,
,,,,,,,,,,,,,,,,,,,,,
,,,,,,,,,,,,,,,,,,,,,
,,,,,,,,,,,,,,,,,,,,,
,,,,,,,,,,,,,,,,,,,,,
,,,,,,,,,,,,,,,,,,,,,
,,,,,,,,,,,,,,,,,,,,,
,,,,,,,,,,,,,,,,,,,,,
,,,,,,,,,,,,,,,,,,,,,
,,,,,,,,,,,,,,,,,,,,,
,,,,,,,,,,,,,,,,,,,,,
,,,,,,,,,,,,,,,,,,,,,
,,,,,,,,,,,,,,,,,,,,,
,,,,,,,,,,,,,,,,,,,,,
,,,,,,,,,,,,,,,,,,,,,
,,,,,,,,,,,,,,,,,,,,,
,,,,,,,,,,,,,,,,,,,,,
,,,,,,,,,,,,,,,,,,,,,
,,,,,,,,,,,,,,,,,,,,,
,,,,,,,,,,,,,,,,,,,,,
,,,,,,,,,,,,,,,,,,,,,
,,,,,,,,,,,,,,,,,,,,,
,,,,,,,,,,,,,,,,,,,,,
,,,,,,,,,,,,,,,,,,,,,
,,,,,,,,,,,,,,,,,,,,,
,,,,,,,,,,,,,,,,,,,,,
,,,,,,,,,,,,,,,,,,,,,
,,,,,,,,,,,,,,,,,,,,,
,,,,,,,,,,,,,,,,,,,,,
,,,,,,,,,,,,,,,,,,,,,
,,,,,,,,,,,,,,,,,,,,,
,,,,,,,,,,,,,,,,,,,,,
,,,,,,,,,,,,,,,,,,,,,
,,,,,,,,,,,,,,,,,,,,,
,,,,,,,,,,,,,,,,,,,,,
,,,,,,,,,,,,,,,,,,,,,
,,,,,,,,,,,,,,,,,,,,,
,,,,,,,,,,,,,,,,,,,,,
,,,,,,,,,,,,,,,,,,,,,
,,,,,,,,,,,,,,,,,,,,,
,,,,,,,,,,,,,,,,,,,,,
,,,,,,,,,,,,,,,,,,,,,
,,,,,,,,,,,,,,,,,,,,,
,,,,,,,,,,,,,,,,,,,,,
,,,,,,,,,,,,,,,,,,,,,
,,,,,,,,,,,,,,,,,,,,,
,,,,,,,,,,,,,,,,,,,,,
,,,,,,,,,,,,,,,,,,,,,
,,,,,,,,,,,,,,,,,,,,,
,,,,,,,,,,,,,,,,,,,,,
,,,,,,,,,,,,,,,,,,,,,
,,,,,,,,,,,,,,,,,,,,,
,,,,,,,,,,,,,,,,,,,,,
,,,,,,,,,,,,,,,,,,,,,
,,,,,,,,,,,,,,,,,,,,,
,,,,,,,,,,,,,,,,,,,,,
,,,,,,,,,,,,,,,,,,,,,
,,,,,,,,,,,,,,,,,,,,,
,,,,,,,,,,,,,,,,,,,,,
,,,,,,,,,,,,,,,,,,,,,
,,,,,,,,,,,,,,,,,,,,,
,,,,,,,,,,,,,,,,,,,,,
,,,,,,,,,,,,,,,,,,,,,
,,,,,,,,,,,,,,,,,,,,,
,,,,,,,,,,,,,,,,,,,,,
,,,,,,,,,,,,,,,,,,,,,
,,,,,,,,,,,,,,,,,,,,,
,,,,,,,,,,,,,,,,,,,,,
,,,,,,,,,,,,,,,,,,,,,
,,,,,,,,,,,,,,,,,,,,,
,,,,,,,,,,,,,,,,,,,,,
,,,,,,,,,,,,,,,,,,,,,
,,,,,,,,,,,,,,,,,,,,,
,,,,,,,,,,,,,,,,,,,,,
,,,,,,,,,,,,,,,,,,,,,
,,,,,,,,,,,,,,,,,,,,,
,,,,,,,,,,,,,,,,,,,,,
,,,,,,,,,,,,,,,,,,,,,
,,,,,,,,,,,,,,,,,,,,,
,,,,,,,,,,,,,,,,,,,,,
,,,,,,,,,,,,,,,,,,,,,
,,,,,,,,,,,,,,,,,,,,,
,,,,,,,,,,,,,,,,,,,,,
,,,,,,,,,,,,,,,,,,,,,
,,,,,,,,,,,,,,,,,,,,,
,,,,,,,,,,,,,,,,,,,,,
,,,,,,,,,,,,,,,,,,,,,
,,,,,,,,,,,,,,,,,,,,,
,,,,,,,,,,,,,,,,,,,,,
,,,,,,,,,,,,,,,,,,,,,
,,,,,,,,,,,,,,,,,,,,,
,,,,,,,,,,,,,,,,,,,,,
,,,,,,,,,,,,,,,,,,,,,
,,,,,,,,,,,,,,,,,,,,,
,,,,,,,,,,,,,,,,,,,,,
,,,,,,,,,,,,,,,,,,,,,
,,,,,,,,,,,,,,,,,,,,,
,,,,,,,,,,,,,,,,,,,,,
,,,,,,,,,,,,,,,,,,,,,
,,,,,,,,,,,,,,,,,,,,,
,,,,,,,,,,,,,,,,,,,,,
,,,,,,,,,,,,,,,,,,,,,
,,,,,,,,,,,,,,,,,,,,,
,,,,,,,,,,,,,,,,,,,,,
,,,,,,,,,,,,,,,,,,,,,
,,,,,,,,,,,,,,,,,,,,,
,,,,,,,,,,,,,,,,,,,,,
,,,,,,,,,,,,,,,,,,,,,
,,,,,,,,,,,,,,,,,,,,,
,,,,,,,,,,,,,,,,,,,,,
,,,,,,,,,,,,,,,,,,,,,
,,,,,,,,,,,,,,,,,,,,,
,,,,,,,,,,,,,,,,,,,,,
,,,,,,,,,,,,,,,,,,,,,
,,,,,,,,,,,,,,,,,,,,,
,,,,,,,,,,,,,,,,,,,,,
,,,,,,,,,,,,,,,,,,,,,
,,,,,,,,,,,,,,,,,,,,,
,,,,,,,,,,,,,,,,,,,,,
,,,,,,,,,,,,,,,,,,,,,
,,,,,,,,,,,,,,,,,,,,,
,,,,,,,,,,,,,,,,,,,,,
,,,,,,,,,,,,,,,,,,,,,
,,,,,,,,,,,,,,,,,,,,,
,,,,,,,,,,,,,,,,,,,,,
,,,,,,,,,,,,,,,,,,,,,
,,,,,,,,,,,,,,,,,,,,,
,,,,,,,,,,,,,,,,,,,,,
,,,,,,,,,,,,,,,,,,,,,
,,,,,,,,,,,,,,,,,,,,,
,,,,,,,,,,,,,,,,,,,,,
,,,,,,,,,,,,,,,,,,,,,
,,,,,,,,,,,,,,,,,,,,,
,,,,,,,,,,,,,,,,,,,,,
,,,,,,,,,,,,,,,,,,,,,
,,,,,,,,,,,,,,,,,,,,,
,,,,,,,,,,,,,,,,,,,,,
,,,,,,,,,,,,,,,,,,,,,
,,,,,,,,,,,,,,,,,,,,,
,,,,,,,,,,,,,,,,,,,,,
,,,,,,,,,,,,,,,,,,,,,
,,,,,,,,,,,,,,,,,,,,,
,,,,,,,,,,,,,,,,,,,,,
,,,,,,,,,,,,,,,,,,,,,
,,,,,,,,,,,,,,,,,,,,,
,,,,,,,,,,,,,,,,,,,,,
,,,,,,,,,,,,,,,,,,,,,
,,,,,,,,,,,,,,,,,,,,,
,,,,,,,,,,,,,,,,,,,,,
,,,,,,,,,,,,,,,,,,,,,
,,,,,,,,,,,,,,,,,,,,,
,,,,,,,,,,,,,,,,,,,,,
,,,,,,,,,,,,,,,,,,,,,
,,,,,,,,,,,,,,,,,,,,,
,,,,,,,,,,,,,,,,,,,,,
,,,,,,,,,,,,,,,,,,,,,
,,,,,,,,,,,,,,,,,,,,,
,,,,,,,,,,,,,,,,,,,,,
,,,,,,,,,,,,,,,,,,,,,
,,,,,,,,,,,,,,,,,,,,,
,,,,,,,,,,,,,,,,,,,,,
,,,,,,,,,,,,,,,,,,,,,
,,,,,,,,,,,,,,,,,,,,,
,,,,,,,,,,,,,,,,,,,,,
,,,,,,,,,,,,,,,,,,,,,
,,,,,,,,,,,,,,,,,,,,,
,,,,,,,,,,,,,,,,,,,,,
,,,,,,,,,,,,,,,,,,,,,
,,,,,,,,,,,,,,,,,,,,,
,,,,,,,,,,,,,,,,,,,,,
,,,,,,,,,,,,,,,,,,,,,
,,,,,,,,,,,,,,,,,,,,,
,,,,,,,,,,,,,,,,,,,,,
,,,,,,,,,,,,,,,,,,,,,
,,,,,,,,,,,,,,,,,,,,,
,,,,,,,,,,,,,,,,,,,,,
,,,,,,,,,,,,,,,,,,,,,
,,,,,,,,,,,,,,,,,,,,,
,,,,,,,,,,,,,,,,,,,,,
,,,,,,,,,,,,,,,,,,,,,
,,,,,,,,,,,,,,,,,,,,,
,,,,,,,,,,,,,,,,,,,,,
,,,,,,,,,,,,,,,,,,,,,
,,,,,,,,,,,,,,,,,,,,,
,,,,,,,,,,,,,,,,,,,,,
,,,,,,,,,,,,,,,,,,,,,
,,,,,,,,,,,,,,,,,,,,,
,,,,,,,,,,,,,,,,,,,,,
,,,,,,,,,,,,,,,,,,,,,
,,,,,,,,,,,,,,,,,,,,,
,,,,,,,,,,,,,,,,,,,,,
,,,,,,,,,,,,,,,,,,,,,
,,,,,,,,,,,,,,,,,,,,,
,,,,,,,,,,,,,,,,,,,,,
,,,,,,,,,,,,,,,,,,,,,
,,,,,,,,,,,,,,,,,,,,,
,,,,,,,,,,,,,,,,,,,,,
,,,,,,,,,,,,,,,,,,,,,
,,,,,,,,,,,,,,,,,,,,,
,,,,,,,,,,,,,,,,,,,,,
,,,,,,,,,,,,,,,,,,,,,
,,,,,,,,,,,,,,,,,,,,,
,,,,,,,,,,,,,,,,,,,,,
,,,,,,,,,,,,,,,,,,,,,
,,,,,,,,,,,,,,,,,,,,,
,,,,,,,,,,,,,,,,,,,,,
,,,,,,,,,,,,,,,,,,,,,
,,,,,,,,,,,,,,,,,,,,,
,,,,,,,,,,,,,,,,,,,,,
,,,,,,,,,,,,,,,,,,,,,
,,,,,,,,,,,,,,,,,,,,,
,,,,,,,,,,,,,,,,,,,,,
,,,,,,,,,,,,,,,,,,,,,
,,,,,,,,,,,,,,,,,,,,,
,,,,,,,,,,,,,,,,,,,,,
,,,,,,,,,,,,,,,,,,,,,
,,,,,,,,,,,,,,,,,,,,,
,,,,,,,,,,,,,,,,,,,,,
,,,,,,,,,,,,,,,,,,,,,
,,,,,,,,,,,,,,,,,,,,,
,,,,,,,,,,,,,,,,,,,,,
,,,,,,,,,,,,,,,,,,,,,
,,,,,,,,,,,,,,,,,,,,,
,,,,,,,,,,,,,,,,,,,,,
,,,,,,,,,,,,,,,,,,,,,
,,,,,,,,,,,,,,,,,,,,,
,,,,,,,,,,,,,,,,,,,,,
,,,,,,,,,,,,,,,,,,,,,
,,,,,,,,,,,,,,,,,,,,,
,,,,,,,,,,,,,,,,,,,,,
,,,,,,,,,,,,,,,,,,,,,
,,,,,,,,,,,,,,,,,,,,,
,,,,,,,,,,,,,,,,,,,,,
,,,,,,,,,,,,,,,,,,,,,
,,,,,,,,,,,,,,,,,,,,,
,,,,,,,,,,,,,,,,,,,,,
,,,,,,,,,,,,,,,,,,,,,
,,,,,,,,,,,,,,,,,,,,,
,,,,,,,,,,,,,,,,,,,,,
,,,,,,,,,,,,,,,,,,,,,
,,,,,,,,,,,,,,,,,,,,,
,,,,,,,,,,,,,,,,,,,,,
,,,,,,,,,,,,,,,,,,,,,
,,,,,,,,,,,,,,,,,,,,,
,,,,,,,,,,,,,,,,,,,,,
,,,,,,,,,,,,,,,,,,,,,
,,,,,,,,,,,,,,,,,,,,,
,,,,,,,,,,,,,,,,,,,,,
,,,,,,,,,,,,,,,,,,,,,
,,,,,,,,,,,,,,,,,,,,,
,,,,,,,,,,,,,,,,,,,,,
,,,,,,,,,,,,,,,,,,,,,
,,,,,,,,,,,,,,,,,,,,,
,,,,,,,,,,,,,,,,,,,,,
,,,,,,,,,,,,,,,,,,,,,
,,,,,,,,,,,,,,,,,,,,,
,,,,,,,,,,,,,,,,,,,,,
,,,,,,,,,,,,,,,,,,,,,
,,,,,,,,,,,,,,,,,,,,,
,,,,,,,,,,,,,,,,,,,,,
,,,,,,,,,,,,,,,,,,,,,
,,,,,,,,,,,,,,,,,,,,,
,,,,,,,,,,,,,,,,,,,,,
,,,,,,,,,,,,,,,,,,,,,
,,,,,,,,,,,,,,,,,,,,,
,,,,,,,,,,,,,,,,,,,,,
,,,,,,,,,,,,,,,,,,,,,
,,,,,,,,,,,,,,,,,,,,,
,,,,,,,,,,,,,,,,,,,,,
,,,,,,,,,,,,,,,,,,,,,
,,,,,,,,,,,,,,,,,,,,,
,,,,,,,,,,,,,,,,,,,,,
,,,,,,,,,,,,,,,,,,,,,
,,,,,,,,,,,,,,,,,,,,,
,,,,,,,,,,,,,,,,,,,,,
,,,,,,,,,,,,,,,,,,,,,
,,,,,,,,,,,,,,,,,,,,,
,,,,,,,,,,,,,,,,,,,,,
,,,,,,,,,,,,,,,,,,,,,
,,,,,,,,,,,,,,,,,,,,,
,,,,,,,,,,,,,,,,,,,,,
,,,,,,,,,,,,,,,,,,,,,
,,,,,,,,,,,,,,,,,,,,,
,,,,,,,,,,,,,,,,,,,,,
,,,,,,,,,,,,,,,,,,,,,
,,,,,,,,,,,,,,,,,,,,,
,,,,,,,,,,,,,,,,,,,,,
,,,,,,,,,,,,,,,,,,,,,
,,,,,,,,,,,,,,,,,,,,,
,,,,,,,,,,,,,,,,,,,,,
,,,,,,,,,,,,,,,,,,,,,
,,,,,,,,,,,,,,,,,,,,,
,,,,,,,,,,,,,,,,,,,,,
,,,,,,,,,,,,,,,,,,,,,
,,,,,,,,,,,,,,,,,,,,,
,,,,,,,,,,,,,,,,,,,,,
,,,,,,,,,,,,,,,,,,,,,
,,,,,,,,,,,,,,,,,,,,,
,,,,,,,,,,,,,,,,,,,,,
,,,,,,,,,,,,,,,,,,,,,
,,,,,,,,,,,,,,,,,,,,,
,,,,,,,,,,,,,,,,,,,,,
,,,,,,,,,,,,,,,,,,,,,
,,,,,,,,,,,,,,,,,,,,,
,,,,,,,,,,,,,,,,,,,,,
,,,,,,,,,,,,,,,,,,,,,
,,,,,,,,,,,,,,,,,,,,,
,,,,,,,,,,,,,,,,,,,,,
,,,,,,,,,,,,,,,,,,,,,
,,,,,,,,,,,,,,,,,,,,,
,,,,,,,,,,,,,,,,,,,,,
,,,,,,,,,,,,,,,,,,,,,
,,,,,,,,,,,,,,,,,,,,,
,,,,,,,,,,,,,,,,,,,,,
,,,,,,,,,,,,,,,,,,,,,
,,,,,,,,,,,,,,,,,,,,,
,,,,,,,,,,,,,,,,,,,,,
,,,,,,,,,,,,,,,,,,,,,
,,,,,,,,,,,,,,,,,,,,,
,,,,,,,,,,,,,,,,,,,,,
,,,,,,,,,,,,,,,,,,,,,
,,,,,,,,,,,,,,,,,,,,,
,,,,,,,,,,,,,,,,,,,,,
,,,,,,,,,,,,,,,,,,,,,
,,,,,,,,,,,,,,,,,,,,,
,,,,,,,,,,,,,,,,,,,,,
,,,,,,,,,,,,,,,,,,,,,
,,,,,,,,,,,,,,,,,,,,,
,,,,,,,,,,,,,,,,,,,,,
,,,,,,,,,,,,,,,,,,,,,
,,,,,,,,,,,,,,,,,,,,,
,,,,,,,,,,,,,,,,,,,,,
,,,,,,,,,,,,,,,,,,,,,
,,,,,,,,,,,,,,,,,,,,,
,,,,,,,,,,,,,,,,,,,,,
,,,,,,,,,,,,,,,,,,,,,
,,,,,,,,,,,,,,,,,,,,,
,,,,,,,,,,,,,,,,,,,,,
,,,,,,,,,,,,,,,,,,,,,
,,,,,,,,,,,,,,,,,,,,,
,,,,,,,,,,,,,,,,,,,,,
,,,,,,,,,,,,,,,,,,,,,
,,,,,,,,,,,,,,,,,,,,,
,,,,,,,,,,,,,,,,,,,,,
,,,,,,,,,,,,,,,,,,,,,
,,,,,,,,,,,,,,,,,,,,,
,,,,,,,,,,,,,,,,,,,,,
,,,,,,,,,,,,,,,,,,,,,
,,,,,,,,,,,,,,,,,,,,,
,,,,,,,,,,,,,,,,,,,,,
,,,,,,,,,,,,,,,,,,,,,
,,,,,,,,,,,,,,,,,,,,,
,,,,,,,,,,,,,,,,,,,,,
,,,,,,,,,,,,,,,,,,,,,
,,,,,,,,,,,,,,,,,,,,,
,,,,,,,,,,,,,,,,,,,,,
,,,,,,,,,,,,,,,,,,,,,
,,,,,,,,,,,,,,,,,,,,,
,,,,,,,,,,,,,,,,,,,,,
,,,,,,,,,,,,,,,,,,,,,
,,,,,,,,,,,,,,,,,,,,,
,,,,,,,,,,,,,,,,,,,,,
,,,,,,,,,,,,,,,,,,,,,
,,,,,,,,,,,,,,,,,,,,,
,,,,,,,,,,,,,,,,,,,,,
,,,,,,,,,,,,,,,,,,,,,
,,,,,,,,,,,,,,,,,,,,,
,,,,,,,,,,,,,,,,,,,,,
,,,,,,,,,,,,,,,,,,,,,
,,,,,,,,,,,,,,,,,,,,,
,,,,,,,,,,,,,,,,,,,,,
,,,,,,,,,,,,,,,,,,,,,
,,,,,,,,,,,,,,,,,,,,,