Report,Timeframe,Period,Prior Year Week Ending,Current Year Week Ending,Geography,Variety,Volume Prior Year,Volume Current Year,Volume Variance,Price per Volume Prior Year,Price per Volume Current Year,Price per Volume Variance,Units Prior Year,Units Current Year,Unit Variance,Price per Unit Prior Year,Price per Unit Current Year,Price per Unit Variance,Dollars Prior Year,Dollars Current Year,Dollar Variance
Produce,Last 04 Wks,1,2023/01/29,2024/01/28,Total U.S.,Total Store with Perimeter,,,,,,,18436676904,18567194737,0.007079249,4.379298909,4.430991653,0.011803886,80739719046,82271084902,0.018966698
Produce,Last 04 Wks,1,2023/01/29,2024/01/28,Total U.S.,Produce Department,3154632262,3214547546,0.018992795,1.945161269,1.950394212,0.002690236,2365446738,2381691486,0.006867518,2.59412668,2.6324295,0.014765208,6136268493,6269634929,0.021734127
Produce,Last 04 Wks,1,2023/01/29,2024/01/28,Total U.S.,Vegetable Aisle,1538526027,1583210380,0.029043612,2.061467774,1.996062039,-0.03172775,1303493590,1321577362,0.013873312,2.433170251,2.391222966,-0.017239766,3171621825,3160186140,-0.003605627
Produce,Last 04 Wks,1,2023/01/29,2024/01/28,Total U.S.,Fruit Aisle,1584939341,1600120715,0.00957852,1.804968892,1.874334189,0.03843019,1002911089,998176352.8,-0.004720993,2.852462436,3.004640367,0.05334967,2860766207,2999160963,0.048376814
Produce,Last 04 Wks,1,2023/01/29,2024/01/28,Total U.S.,Blackberries,11686025.73,8542431.226,-0.269004585,6.555837976,8.149530394,0.24309515,25780867.79,19196258.52,-0.255406813,2.971649049,3.62658186,0.220393728,76611691.25,69616802.91,-0.091303145
Produce,Last 04 Wks,1,2023/01/29,2024/01/28,Total U.S.,Blueberries,44716423.68,42673725.77,-0.045681156,4.673428873,6.033480993,0.291018042,55938405.52,53868183.26,-0.037008961,3.735877409,4.779650951,0.279391808,208979025.5,257471113.3,0.232042846
Produce,Last 04 Wks,1,2023/01/29,2024/01/28,Total U.S.,Raspberries,11750343.33,11256708.03,-0.042010288,8.293753855,9.13734268,0.101713752,26175086.7,25667624.92,-0.019387205,3.723176028,4.007242549,0.076296828,97454455.33,102856398.7,0.05543044
Produce,Last 04 Wks,1,2023/01/29,2024/01/28,Total U.S.,Strawberries,76672598.09,77734904.19,0.013855095,3.949788151,4.279743119,0.083537384,69404016.24,70267347.43,0.012439211,4.363443729,4.734566388,0.085052697,302840519.4,332685421.3,0.098549897
Produce,Last 04 Wks,1,2023/01/29,2024/01/28,Total U.S.,Apples,203677517.1,214700783.2,0.054121173,1.924212733,1.756039716,-0.08739835,95819929.68,99918171.95,0.042770249,4.090160295,3.773318656,-0.077464357,391918871.9,377023102.3,-0.038007278
Produce,Last 04 Wks,1,2023/01/29,2024/01/28,Total U.S.,Apricots,145942.5971,160427.0403,0.099247536,3.564426918,4.209125518,0.180870197,115953.1562,161426.512,0.392170056,4.486309287,4.183064732,-0.067593324,520201.7216,675257.5489,0.298068655
Produce,Last 04 Wks,1,2023/01/29,2024/01/28,Total U.S.,Avocados,91302631.66,95129517.57,0.0419143,2.146947476,2.155670152,0.004062827,113502104.7,114823941.5,0.011645924,1.727033655,1.785932958,0.034104317,196021954.6,205067861.6,0.046147417
Produce,Last 04 Wks,1,2023/01/29,2024/01/28,Total U.S.,Bananas,464307912.9,449804318.7,-0.031237017,0.589169073,0.608927981,0.033536907,250026983.1,247926232.6,-0.008402095,1.094105362,1.104757786,0.009736196,273555862.7,273898435.8,0.001252297
Produce,Last 04 Wks,1,2023/01/29,2024/01/28,Total U.S.,Cherries,12337482.91,8471716.569,-0.313335092,4.388186551,5.003236885,0.14016048,10166041.43,7113395.446,-0.300278728,5.325492422,5.958617814,0.118885793,54139176.6,42386004.82,-0.217091809
Produce,Last 04 Wks,1,2023/01/29,2024/01/28,Total U.S.,Coconuts,827645.7465,845668.7265,0.021776201,2.246072615,2.363108189,0.052106763,671489.6368,680704.5917,0.013723153,2.768400797,2.935791409,0.060464732,1858952.446,1998406.693,0.075017651
Produce,Last 04 Wks,1,2023/01/29,2024/01/28,Total U.S.,Dates,4061.289513,3601.198214,-0.113286998,8.84502684,8.702967889,-0.016060884,5791.176117,5085.038462,-0.121933376,6.202922173,6.163397318,-0.006371973,35922.21475,31341.11242,-0.127528393
Produce,Last 04 Wks,1,2023/01/29,2024/01/28,Total U.S.,Grapefruit,16035859.77,17119283.84,0.06756258,1.39667664,1.385909736,-0.007708946,6307413.656,6548218.632,0.038178085,3.550886618,3.623242209,0.020376767,22396910.75,23725782.14,0.059332799
Produce,Last 04 Wks,1,2023/01/29,2024/01/28,Total U.S.,Grapes,132211530.4,142149243.9,0.075165256,2.378017546,2.467052883,0.037440993,72062226.97,77585905.02,0.076651504,4.362914556,4.520018189,0.036008872,314401339,350689701.9,0.11542051
Produce,Last 04 Wks,1,2023/01/29,2024/01/28,Total U.S.,Kiwi,7626448.753,7343898.727,-0.037048702,3.020208654,3.256563721,0.07825786,6063542.791,5558145.54,-0.083350158,3.798681285,4.302851372,0.132722397,23033466.52,23915874.16,0.038309806
Produce,Last 04 Wks,1,2023/01/29,2024/01/28,Total U.S.,Lemons,34494582.22,35198853.13,0.020416856,1.994159231,2.069436076,0.037748663,37046498.24,38188393.8,0.030823306,1.856793296,1.907432318,0.027272299,68787689.56,72841776.5,0.058936228
Produce,Last 04 Wks,1,2023/01/29,2024/01/28,Total U.S.,Limes,28451812.76,30716003.64,0.079579846,1.821472304,1.885402449,0.035098061,36341979.86,37942652.31,0.044044723,1.426014464,1.526304172,0.070328675,51824188.93,57912028.5,0.117471005
Produce,Last 04 Wks,1,2023/01/29,2024/01/28,Total U.S.,Mangoes,23183123.38,10404969.61,-0.551183443,1.680563171,2.675513926,0.59203413,22430048.04,10535622.64,-0.530289787,1.736987066,2.642334682,0.521217247,38960703.34,27838641.1,-0.285468723
Produce,Last 04 Wks,1,2023/01/29,2024/01/28,Total U.S.,Melons,89514562.44,91657482.04,0.023939341,1.618300336,1.601305135,-0.010501883,32970218.22,32424683.41,-0.016546291,4.393706028,4.526539081,0.030232576,144861446.5,146771596.6,0.013186049
Produce,Last 04 Wks,1,2023/01/29,2024/01/28,Total U.S.,Nectarines,2420779.796,1376999.918,-0.431175062,2.641438336,3.06583931,0.160670408,1652138.096,1022278.718,-0.381238941,3.870342661,4.129657012,0.06700036,6394340.556,4221660.477,-0.339781727
Produce,Last 04 Wks,1,2023/01/29,2024/01/28,Total U.S.,Oranges,105896024.9,104620543,-0.012044663,1.339991934,1.394659944,0.040797268,37409087.64,38044141.25,0.016975918,3.793191124,3.835283853,0.011096918,141899819.2,145910080.6,0.028261216
Produce,Last 04 Wks,1,2023/01/29,2024/01/28,Total U.S.,Other,3025828.275,3451965.29,0.140833179,4.040494392,4.227121476,0.04618917,2960453.887,3696887.912,0.248757134,4.129718835,3.947070336,-0.044227829,12225842.18,14591876.61,0.193527317
Produce,Last 04 Wks,1,2023/01/29,2024/01/28,Total U.S.,Papaya,7308021.875,6668662.704,-0.087487309,1.365377772,1.364541609,-0.000612404,3420885.437,3192538.781,-0.066750746,2.916850274,2.850291997,-0.022818544,9978210.623,9099667.738,-0.088046136
Produce,Last 04 Wks,1,2023/01/29,2024/01/28,Total U.S.,Peaches,1962278.801,1438749.085,-0.266796805,2.886215432,3.183016448,0.102833979,1437446.175,1075735.097,-0.25163452,3.940014906,4.257146594,0.080489972,5663559.357,4579562.004,-0.191398604
Produce,Last 04 Wks,1,2023/01/29,2024/01/28,Total U.S.,Pears,24700661.42,25968488.64,0.051327663,1.965932395,1.858447471,-0.054673764,14313249.22,14749551.61,0.030482414,3.392648987,3.272036554,-0.035551109,48559830.47,48261072.03,-0.006152378
Produce,Last 04 Wks,1,2023/01/29,2024/01/28,Total U.S.,Pineapple,55886696.78,61838704.98,0.106501342,1.321591864,1.28317788,-0.02906645,22569111.48,23805542.99,0.054784235,3.272588016,3.333259755,0.018539376,73859403.76,79350058.38,0.074339276
Produce,Last 04 Wks,1,2023/01/29,2024/01/28,Total U.S.,Plums,755159.3306,486627.226,-0.355596619,3.502198468,3.401723033,-0.028689246,705958.6367,456126.3353,-0.353890849,3.746278766,3.629194184,-0.031253569,2644717.85,1655371.043,-0.374084066
Produce,Last 04 Wks,1,2023/01/29,2024/01/28,Total U.S.,Pomegranates,4907439.113,4725212.959,-0.037132637,4.194723198,4.065927755,-0.030704158,5092870.17,5280359.018,0.036813985,4.041993611,3.638459894,-0.099835318,20585348.69,19212374.52,-0.066696668
Produce,Last 04 Wks,1,2023/01/29,2024/01/28,Total U.S.,Rhubarb,0,40,0,0,0.33175,0,0,2,0,0,6.635,0,0,13.27,0
Produce,Last 04 Wks,1,2023/01/29,2024/01/28,Total U.S.,Tangelos,614917.4617,202488.8208,-0.670705691,1.949729878,1.951439553,0.000876878,408873.2957,139829.7741,-0.658011967,2.932260336,2.825898106,-0.03627312,1198922.948,395144.6938,-0.67041694
Produce,Last 04 Wks,1,2023/01/29,2024/01/28,Total U.S.,Tangerines,110457048.5,127689275.4,0.156008396,1.608801253,1.660936163,0.03240606,35815710.23,42585022.33,0.189003989,4.961605866,4.980242431,0.003756156,177703438,212083735.1,0.193470073
Produce,Last 04 Wks,1,2023/01/29,2024/01/28,Total U.S.,Variety,14737797.52,14715799.76,-0.001492609,4.805784381,4.781031602,-0.005150622,12432742.38,11964835.33,-0.037635064,5.696786356,5.880290181,0.032211814,70826677.15,70356703.69,-0.006635543
Produce,Last 04 Wks,2,2023/02/26,2024/02/25,Total U.S.,Total Store with Perimeter,,,,,,,18752902553,18600338918,-0.008135468,4.446562461,4.501123114,0.0122703,83385952533,83722415442,0.004035007
Produce,Last 04 Wks,2,2023/02/26,2024/02/25,Total U.S.,Produce Department,3173250480,3213551915,0.012700364,1.948251391,1.966270406,0.009248814,2371593943,2393165108,0.00909564,2.60680783,2.64031596,0.012854085,6182289660,6318712028,0.022066641
Produce,Last 04 Wks,2,2023/02/26,2024/02/25,Total U.S.,Vegetable Aisle,1498114678,1515068739,0.011316932,2.050222543,2.035536773,-0.007163012,1268764491,1281392346,0.009952876,2.420834211,2.406739936,-0.005822073,3071468485,3083978133,0.004072856
Produce,Last 04 Wks,2,2023/02/26,2024/02/25,Total U.S.,Fruit Aisle,1644046590,1665808932,0.013237059,1.826907941,1.872739737,0.025087086,1044148503,1048298966,0.003974974,2.876527393,2.975893979,0.034543939,3003521771,3119626582,0.038656224
Produce,Last 04 Wks,2,2023/02/26,2024/02/25,Total U.S.,Blackberries,11639394.57,10541252.57,-0.094347003,6.760774847,7.496230505,0.108782747,24999644.31,23577928.02,-0.056869461,3.147697826,3.351425072,0.064722619,78691326.05,79019659.11,0.004172417
Produce,Last 04 Wks,2,2023/02/26,2024/02/25,Total U.S.,Blueberries,43797353.29,46867989.83,0.070110094,4.818839964,5.636543222,0.169688818,54828204.76,58261117.45,0.062612167,3.849340631,4.534301126,0.177942292,211052436.3,264173450.4,0.251695811
Produce,Last 04 Wks,2,2023/02/26,2024/02/25,Total U.S.,Raspberries,10688215.76,11429867.45,0.069389663,9.311890695,9.341874566,0.003219955,23833811.03,25565073.67,0.072638934,4.17589519,4.176650904,0.00018097,99527496.85,106776388,0.07283305
Produce,Last 04 Wks,2,2023/02/26,2024/02/25,Total U.S.,Strawberries,112316485.9,115462185.8,0.028007464,3.72183367,3.618153333,-0.027857327,101224870.7,104218737.2,0.029576392,4.129649916,4.008491215,-0.029338734,418023278.8,417759892.4,-0.000630076
Produce,Last 04 Wks,2,2023/02/26,2024/02/25,Total U.S.,Apples,191936158.2,210270093.9,0.09552101,1.961517363,1.731404271,-0.117313818,90832125.61,96998953.76,0.067892589,4.144856286,3.753262531,-0.094477041,376486106.8,364062538.7,-0.032998743
Produce,Last 04 Wks,2,2023/02/26,2024/02/25,Total U.S.,Apricots,39870.32094,35865.16034,-0.100454687,4.36618244,4.556561175,0.043603019,50989.17484,44634.15349,-0.124634717,3.414079473,3.661362082,0.072430244,174081.0952,163421.7972,-0.061231796
Produce,Last 04 Wks,2,2023/02/26,2024/02/25,Total U.S.,Avocados,96756746.09,101839313.2,0.05252933,2.077741204,2.121335237,0.020981455,121770307.4,123958571.5,0.017970425,1.650940055,1.742802623,0.055642582,201035478.1,216035323.6,0.074612927
Produce,Last 04 Wks,2,2023/02/26,2024/02/25,Total U.S.,Bananas,466134943.3,462431502.6,-0.007944997,0.600875706,0.609126564,0.013731389,251415308.2,253515024.2,0.008351584,1.114049758,1.111095144,-0.002652138,280089163.2,281679312.3,0.005677296
Produce,Last 04 Wks,2,2023/02/26,2024/02/25,Total U.S.,Cherries,7658686.699,6154731.849,-0.196372421,4.462349116,5.165231584,0.157514002,6412340.715,5197895.819,-0.189391823,5.329681522,6.116054735,0.147546004,34175733.82,31790615.33,-0.069789825
Produce,Last 04 Wks,2,2023/02/26,2024/02/25,Total U.S.,Coconuts,784169.1011,829442.5533,0.057734298,2.387937494,2.355356689,-0.01364391,636893.5363,665988.7169,0.045682958,2.940125298,2.933432679,-0.002276304,1872546.798,1953633.066,0.043302665
Produce,Last 04 Wks,2,2023/02/26,2024/02/25,Total U.S.,Dates,4062.099733,3484.492433,-0.142194268,8.710597948,8.914470125,0.023405073,5727.867054,4928.964827,-0.139476391,6.177398544,6.302013666,0.020172751,35383.3176,31062.4037,-0.122117263
Produce,Last 04 Wks,2,2023/02/26,2024/02/25,Total U.S.,Grapefruit,14351937.8,15231354.63,0.061275129,1.414743704,1.362270065,-0.037090562,5578190.364,5893599.959,0.056543354,3.639946349,3.520635708,-0.032778132,20304313.65,20749218.46,0.021911837
Produce,Last 04 Wks,2,2023/02/26,2024/02/25,Total U.S.,Grapes,141589892.2,131777700.6,-0.069300085,2.248604096,2.583138221,0.148774133,75935709.16,71141805.34,-0.063131086,4.192752199,4.784809909,0.141209803,318379611.5,340400015.1,0.069163988
Produce,Last 04 Wks,2,2023/02/26,2024/02/25,Total U.S.,Kiwi,7113706.327,7806719.467,0.097419419,2.920829513,3.191404605,0.092636386,5604474.434,5823873.925,0.039147202,3.707381242,4.277977301,0.153908115,20777923.39,24914400.45,0.199080389
Produce,Last 04 Wks,2,2023/02/26,2024/02/25,Total U.S.,Lemons,35114221.51,34971721.95,-0.004058172,1.992782447,2.040477803,0.023934051,37907785.61,37275178.47,-0.016688053,1.845926982,1.914384459,0.037085691,69975004.27,71359022.37,0.01977875
Produce,Last 04 Wks,2,2023/02/26,2024/02/25,Total U.S.,Limes,29081127.01,31523700.7,0.083991713,1.978327959,1.910408676,-0.03433166,37311511.8,39558976.5,0.060235155,1.541937163,1.522363737,-0.012694049,57532006.66,60223151.32,0.046776478
Produce,Last 04 Wks,2,2023/02/26,2024/02/25,Total U.S.,Mangoes,25576026.61,11098765.43,-0.566048096,1.724798951,2.428246096,0.40784298,23205595.15,9040605.129,-0.610412701,1.900985672,2.981054194,0.568162369,44113503.88,26950533.83,-0.389063859
Produce,Last 04 Wks,2,2023/02/26,2024/02/25,Total U.S.,Melons,104786097.3,104802282.7,0.000154461,1.518903037,1.544687759,0.016975884,35845994.97,35614018.97,-0.006471462,4.440103325,4.545592095,0.023758179,159159921.5,161886803.1,0.017132967
Produce,Last 04 Wks,2,2023/02/26,2024/02/25,Total U.S.,Nectarines,5638431.741,4261660.995,-0.244176184,2.342153568,2.607682751,0.113369673,3645944.357,2903672.617,-0.203588335,3.622126868,3.827242714,0.056628565,13206073.02,11113059.87,-0.158488685
Produce,Last 04 Wks,2,2023/02/26,2024/02/25,Total U.S.,Oranges,95276748.73,99130862.94,0.040451781,1.390939196,1.400324305,0.006747318,35296441.45,35730596.6,0.012300253,3.754604114,3.885055666,0.034744423,132524164.3,138815356.8,0.04747204
Produce,Last 04 Wks,2,2023/02/26,2024/02/25,Total U.S.,Other,2984993.834,3451765.489,0.156372737,4.40074364,4.526658055,0.028612077,3088155.994,3570296.678,0.156125754,4.253733509,4.376376381,0.028831818,13136192.63,15624962.06,0.189458962
Produce,Last 04 Wks,2,2023/02/26,2024/02/25,Total U.S.,Papaya,7714135.591,7489457.806,-0.029125465,1.354188123,1.31716176,-0.027342111,3682082.454,3696826.605,0.004004297,2.837087688,2.668458243,-0.059437516,10446390.8,9864827.429,-0.055671225
Produce,Last 04 Wks,2,2023/02/26,2024/02/25,Total U.S.,Peaches,3339619.886,2898072.205,-0.132214951,2.750550189,2.917283723,0.060618248,2366304.785,2079905.783,-0.121032169,3.881914185,4.064847042,0.047124395,9185792.111,8454498.872,-0.079611342
Produce,Last 04 Wks,2,2023/02/26,2024/02/25,Total U.S.,Pears,22262506.71,22823007.72,0.025176905,1.949374171,1.834665206,-0.058843996,12475773.5,12915268.86,0.035227904,3.478578348,3.242098838,-0.067981654,43397955.57,41872578.15,-0.035148601
Produce,Last 04 Wks,2,2023/02/26,2024/02/25,Total U.S.,Pineapple,58750342.36,61948455.89,0.054435658,1.316116979,1.352242444,0.027448522,23437898,24938999.79,0.064045922,3.299029764,3.358969169,0.018168798,77322323.1,83769331.41,0.083378358
Produce,Last 04 Wks,2,2023/02/26,2024/02/25,Total U.S.,Plums,3035552.475,1897030.074,-0.375062665,2.808282201,3.242773904,0.154717963,2408567.347,1658130.01,-0.311570003,3.539318922,3.709986297,0.0482204,8524687.986,6151639.617,-0.278373633
Produce,Last 04 Wks,2,2023/02/26,2024/02/25,Total U.S.,Pomegranates,1130109.392,1214801.025,0.074941093,5.882409337,6.418892298,0.091201229,1629848.016,1835167.569,0.125974662,4.078764383,4.249027215,0.041743728,6647766.039,7797676.945,0.172977042
Produce,Last 04 Wks,2,2023/02/26,2024/02/25,Total U.S.,Rhubarb,0,20,0,0,0.403,0,0,1,0,0,8.06,0,0,8.06,0
Produce,Last 04 Wks,2,2023/02/26,2024/02/25,Total U.S.,Tangelos,1354982.075,1261693.019,-0.068848922,1.640953188,1.762095596,0.073824414,981285.1183,911672.3335,-0.070940426,2.2658676,2.438621456,0.076241814,2223462.156,2223223.713,-0.000107239
Produce,Last 04 Wks,2,2023/02/26,2024/02/25,Total U.S.,Tangerines,123641888.2,137090310.6,0.108769145,1.575858023,1.619432109,0.027651023,40301972.4,44589124.57,0.106375741,4.834553991,4.978982052,0.029874123,194842061.5,222008450.9,0.139427746
Produce,Last 04 Wks,2,2023/02/26,2024/02/25,Total U.S.,Variety,15944938.55,15749782.31,-0.012239385,4.807639892,4.856486806,0.010160269,13265185.67,12812519.16,-0.0341244,5.778850338,5.969833804,0.033048696,76657522.67,76488609.99,-0.002203472
Produce,Last 04 Wks,3,2023/03/26,2024/03/24,Total U.S.,Total Store with Perimeter, , , , , , ,18518986360,18545916169,0.001454173,4.437748153,4.489138216,0.011580212,82182597518,83255181027,0.013051224
Produce,Last 04 Wks,3,2023/03/26,2024/03/24,Total U.S.,Produce Department,3266740721,3339494853,0.022271168,1.879497977,1.912057427,0.017323482,2397861873,2444623542,0.019501402,2.560544728,2.611979238,0.020087331,6139832576,6385305935,0.039980464
Produce,Last 04 Wks,3,2023/03/26,2024/03/24,Total U.S.,Vegetable Aisle,1551485603,1593505043,0.027083358,1.982917145,1.985779764,0.00144364,1288081501,1314576226,0.020569138,2.388410517,2.407125586,0.007835784,3076467402,3164350068,0.028566097
Produce,Last 04 Wks,3,2023/03/26,2024/03/24,Total U.S.,Fruit Aisle,1685772946,1714253955,0.016894926,1.757723128,1.815316986,0.032766171,1053164018,1067843637,0.013938588,2.813542854,2.914204116,0.035777405,2963122097,3111914323,0.050214679
Produce,Last 04 Wks,3,2023/03/26,2024/03/24,Total U.S.,Blackberries,12081397.12,11238851.56,-0.069739083,6.724333023,7.477024324,0.111935459,25903793.46,24756982.38,-0.044271936,3.136194618,3.394321861,0.082305875,81239337.64,84033166.52,0.034390099
Produce,Last 04 Wks,3,2023/03/26,2024/03/24,Total U.S.,Blueberries,38198505.48,43262805.5,0.132578486,5.638388073,5.931775578,0.052033933,49065231.79,54356312.79,0.107837685,4.389625603,4.721167422,0.075528496,215377997.7,256625253.1,0.191510999
Produce,Last 04 Wks,3,2023/03/26,2024/03/24,Total U.S.,Raspberries,14262215.65,12002412.62,-0.158446842,8.653481316,9.081946646,0.049513637,32063860.36,26721688.64,-0.166610373,3.849125317,4.079280785,0.059794226,123417816.6,109005271,-0.116778485
Produce,Last 04 Wks,3,2023/03/26,2024/03/24,Total U.S.,Strawberries,114113496.2,125898609.8,0.103275371,3.006159051,2.953497835,-0.017517774,99513644.27,110963596.6,0.11505912,3.447198842,3.35102036,-0.027900474,343043319.3,371841271.3,0.083948441
Produce,Last 04 Wks,3,2023/03/26,2024/03/24,Total U.S.,Apples,191214068.2,207074284.6,0.082944819,1.963814986,1.725545276,-0.12133002,90301810.31,96299717.15,0.066420671,4.158377906,3.710457975,-0.107715061,375509052.8,357316053.5,-0.048448897
Produce,Last 04 Wks,3,2023/03/26,2024/03/24,Total U.S.,Apricots,45576.10473,19864.9099,-0.564137611,4.315653458,4.328105277,0.002885269,58580.37499,25064.15846,-0.572140696,3.357620602,3.430293561,0.021644184,196690.674,85977.42136,-0.562880031
Produce,Last 04 Wks,3,2023/03/26,2024/03/24,Total U.S.,Avocados,94757485.66,98205281.95,0.036385477,2.059142031,2.216394616,0.076368013,114990921.4,115552013.1,0.004879443,1.696821966,1.883668248,0.110115431,195119121.4,217661658.2,0.115532176
Produce,Last 04 Wks,3,2023/03/26,2024/03/24,Total U.S.,Bananas,471526211.4,474235734.9,0.005746284,0.604153981,0.609148058,0.008266232,255636923.2,259644203.3,0.01567567,1.11437125,1.112598599,-0.001590718,284874437.8,288879776.9,0.014060016
Produce,Last 04 Wks,3,2023/03/26,2024/03/24,Total U.S.,Cherries,565766.2359,1963652.828,2.470784758,4.682326468,5.63412973,0.203275715,455293.7955,1671997.447,2.672348412,5.818445687,6.616920856,0.137231696,2649102.221,11063474.78,3.176311013
Produce,Last 04 Wks,3,2023/03/26,2024/03/24,Total U.S.,Coconuts,861820.8643,889204.0654,0.031773658,2.381882213,2.380913974,-0.000406502,699935.5338,719747.908,0.028305999,2.932778361,2.941472092,0.002964333,2052755.787,2117118.385,0.03135424
Produce,Last 04 Wks,3,2023/03/26,2024/03/24,Total U.S.,Dates,4614.675507,4036.335066,-0.125326351,8.978642648,8.969160547,-0.001056073,6848.788114,5699.163758,-0.16785807,6.049759698,6.352254254,0.050001086,41433.52231,36202.53723,-0.12625007
Produce,Last 04 Wks,3,2023/03/26,2024/03/24,Total U.S.,Grapefruit,13064840,13039907.94,-0.001908333,1.426658482,1.398689667,-0.019604422,5094436.666,5181861.882,0.017160919,3.658709693,3.519735744,-0.037984415,18639064.81,18238784.49,-0.021475344
Produce,Last 04 Wks,3,2023/03/26,2024/03/24,Total U.S.,Grapes,151967547.6,138386694.2,-0.0893668,2.014744405,2.519957652,0.250757985,79993309.11,74133170.01,-0.073257866,3.827517197,4.704083327,0.229016902,306175766.2,348728609,0.138981747
Produce,Last 04 Wks,3,2023/03/26,2024/03/24,Total U.S.,Kiwi,6722534.388,7204473.848,0.071690144,2.94682969,3.067442171,0.040929573,5679020.558,5513362.825,-0.029170124,3.48830643,4.008317174,0.149072553,19810163.93,22099306.9,0.115553964
Produce,Last 04 Wks,3,2023/03/26,2024/03/24,Total U.S.,Lemons,36826029.52,37019155.16,0.00524427,2.001336059,2.002837865,0.000750402,39225247.68,39069569.55,-0.003968825,1.878924039,1.897726711,0.010007149,73701260.79,74143365.71,0.005998607
Produce,Last 04 Wks,3,2023/03/26,2024/03/24,Total U.S.,Limes,28512938.61,31794128.89,0.11507724,2.226889225,1.918415142,-0.138522419,35742416.15,38970441.29,0.090313568,1.776465125,1.565143638,-0.118956169,63495155.76,60994338.27,-0.039385957
Produce,Last 04 Wks,3,2023/03/26,2024/03/24,Total U.S.,Mangoes,29147647.85,14749288.65,-0.493980141,1.742532966,2.405988986,0.380742307,26284209.66,14533994.57,-0.447044642,1.932366919,2.441629235,0.26354328,50790737.24,35486626.06,-0.301316973
Produce,Last 04 Wks,3,2023/03/26,2024/03/24,Total U.S.,Melons,122583817.5,119364784.9,-0.02625985,1.478769363,1.518303988,0.026734815,40069206.68,40593100.9,0.013074734,4.524002562,4.464601739,-0.013130148,181273193.7,181232028.9,-0.000227087
Produce,Last 04 Wks,3,2023/03/26,2024/03/24,Total U.S.,Nectarines,6182703.153,5356905.227,-0.133565838,2.24822645,2.422757918,0.077630733,4099185.419,3708970.36,-0.095193317,3.390946089,3.499214956,0.031928808,13900116.76,12978484.56,-0.066303918
Produce,Last 04 Wks,3,2023/03/26,2024/03/24,Total U.S.,Oranges,96470630.05,101878838,0.056060668,1.369511533,1.403027484,0.024472923,35285680.46,36756206.38,0.041674864,3.744228218,3.888834672,0.038621164,132117640.5,142938809.8,0.08190556
Produce,Last 04 Wks,3,2023/03/26,2024/03/24,Total U.S.,Other,3847969.614,4607063.889,0.19727138,4.191127875,4.10565333,-0.020394163,3669034.12,4148470.167,0.130670915,4.395525412,4.559513854,0.037308041,16127332.71,18915007.2,0.172854032
Produce,Last 04 Wks,3,2023/03/26,2024/03/24,Total U.S.,Papaya,9039337.316,7914157.535,-0.124475915,1.34469914,1.346531799,0.001362877,4430066.791,4069352.235,-0.08142418,2.743793646,2.618761947,-0.045568915,12155189.11,10656664.78,-0.123282683
Produce,Last 04 Wks,3,2023/03/26,2024/03/24,Total U.S.,Peaches,3700154.276,3800011.741,0.026987379,2.481085749,2.711466493,0.092854809,2656809.03,2683367.226,0.009996276,3.455423382,3.839804112,0.111239836,9180400.043,10303604.51,0.122348096
Produce,Last 04 Wks,3,2023/03/26,2024/03/24,Total U.S.,Pears,21388839.35,20297286.41,-0.051033762,1.932821049,1.832006759,-0.052159143,12049734.59,11339850.34,-0.058912854,3.430847261,3.279123162,-0.044223508,41340798.91,37184765.89,-0.100531028
Produce,Last 04 Wks,3,2023/03/26,2024/03/24,Total U.S.,Pineapple,66924231.94,68261513.63,0.019982025,1.244838906,1.291765342,0.037696794,25883996.31,26392742.69,0.019654862,3.218586756,3.340988791,0.038029745,83309887.71,88177857.5,0.058432077
Produce,Last 04 Wks,3,2023/03/26,2024/03/24,Total U.S.,Plums,5455505.245,5138910.878,-0.058032089,2.693850773,2.814649068,0.044842237,4051203.481,4281126.831,0.056754333,3.627642277,3.378603645,-0.068650273,14696317.02,14464230.72,-0.015792141
Produce,Last 04 Wks,3,2023/03/26,2024/03/24,Total U.S.,Pomegranates,471907.1865,438425.9898,-0.07094869,9.647527452,12.04471157,0.248476527,988387.6376,1065324.726,0.077841006,4.60622671,4.956906063,0.076131588,4552737.536,5280714.593,0.159898753
Produce,Last 04 Wks,3,2023/03/26,2024/03/24,Total U.S.,Rhubarb, ,40, , ,0.237, , ,2, , ,4.74, , ,9.48, 
Produce,Last 04 Wks,3,2023/03/26,2024/03/24,Total U.S.,Tangelos,1495380.895,1523966.815,0.019116147,1.744004234,1.774633804,0.017562784,1118784.038,1141631.427,0.020421626,2.331058117,2.368963366,0.016260963,2607950.612,2704483.027,0.037014664
Produce,Last 04 Wks,3,2023/03/26,2024/03/24,Total U.S.,Tangerines,125029970.3,139013305.9,0.11183987,1.564024882,1.612715785,0.031131796,40753482.06,45809322.23,0.124059097,4.798362609,4.893959176,0.019922748,195549984.5,224188952.9,0.146453442
Produce,Last 04 Wks,3,2023/03/26,2024/03/24,Total U.S.,Variety,16034266.94,15967095.02,-0.004189273,4.815648343,4.865592132,0.010371145,13445803.62,13060282.11,-0.028672255,5.742712983,5.948521725,0.035838243,77215391.04,77689371.89,0.006138424
Produce,Last 04 Wks,4,2023/04/23,2024/04/21,Total U.S.,Total Store with Perimeter, , , , , , ,18751463664,18711955748,-0.002106924,4.435201821,4.489616735,0.01226887,83166525794,84009509679,0.010136096
Produce,Last 04 Wks,4,2023/04/23,2024/04/21,Total U.S.,Produce Department,3362012755,3416052797,0.016073717,1.866012133,1.907036808,0.021985214,2446605401,2501671817,0.022507273,2.564188156,2.604073955,0.015554943,6273556592,6514538423,0.038412315
Produce,Last 04 Wks,4,2023/04/23,2024/04/21,Total U.S.,Vegetable Aisle,1563993365,1606318142,0.027061993,1.981017501,1.992918347,0.006007441,1319871897,1347112672,0.020638954,2.34742344,2.376386892,0.012338401,3098298228,3201260897,0.033232007
Produce,Last 04 Wks,4,2023/04/23,2024/04/21,Total U.S.,Fruit Aisle,1767544577,1777255736,0.005494152,1.734849813,1.798780337,0.036850754,1067827016,1091145832,0.021837635,2.871648997,2.929849133,0.020267148,3066424379,3196892671,0.04254737
Produce,Last 04 Wks,4,2023/04/23,2024/04/21,Total U.S.,Blackberries,12081564.49,13731171.38,0.136539179,7.018800869,6.833424014,-0.026411471,25858472.11,30276059.9,0.170837154,3.279315767,3.099178577,-0.054931334,84798095.31,93830916.22,0.106521507
Produce,Last 04 Wks,4,2023/04/23,2024/04/21,Total U.S.,Blueberries,40290092.87,41954895.46,0.041320396,5.813321417,6.285830726,0.081280438,52528812.43,53680029.51,0.021915917,4.458872168,4.91283953,0.10181215,234219259.7,263721371,0.125959374
Produce,Last 04 Wks,4,2023/04/23,2024/04/21,Total U.S.,Raspberries,16742906.89,14706167.98,-0.121647867,8.02202196,8.005009603,-0.002120707,37916739.81,32518080.86,-0.142381939,3.542286796,3.620232583,0.022004369,134311966.8,117723015.9,-0.123510595
Produce,Last 04 Wks,4,2023/04/23,2024/04/21,Total U.S.,Strawberries,94975329.32,123496184.2,0.30029751,3.590744011,3.013469088,-0.160767496,84218118.17,105695944.6,0.255026197,4.049391062,3.520967006,-0.130494696,341032095,372151933.6,0.091251935
Produce,Last 04 Wks,4,2023/04/23,2024/04/21,Total U.S.,Apples,186684094.9,202502069.4,0.084731238,1.961220788,1.722878811,-0.121527356,87796199.68,93544091.18,0.065468568,4.170211569,3.729647913,-0.105645397,366128727.6,348886524.4,-0.047093281
Produce,Last 04 Wks,4,2023/04/23,2024/04/21,Total U.S.,Apricots,36654.47044,43757.2857,0.193777599,4.378252821,2.652566288,-0.394149585,47116.60879,54919.13383,0.16560031,3.406071505,2.113454689,-0.379503723,160482.5386,116069.1009,-0.276749347
Produce,Last 04 Wks,4,2023/04/23,2024/04/21,Total U.S.,Avocados,93719593.43,96496211.63,0.02962687,2.140846504,2.40670881,0.124185599,114728654.2,114123999.4,-0.005270303,1.748815633,2.034964458,0.163624353,200639264,232238282.7,0.1574917
Produce,Last 04 Wks,4,2023/04/23,2024/04/21,Total U.S.,Bananas,474352904.3,477543037.2,0.006725231,0.601371024,0.611068058,0.016124879,256858592.4,261338155.8,0.017439804,1.110580296,1.116604255,0.005424154,285262091.7,291811296.6,0.022958553
Produce,Last 04 Wks,4,2023/04/23,2024/04/21,Total U.S.,Cherries,99977.95846,164164.1952,0.642003875,3.349016307,6.201515186,0.851742308,69507.57782,159855.2429,1.299824679,4.817141148,6.368679134,0.322086885,334827.8132,1018066.75,2.040568046
Produce,Last 04 Wks,4,2023/04/23,2024/04/21,Total U.S.,Coconuts,899494.6445,961003.4347,0.068381497,2.350973787,2.380253744,0.012454395,727915.9302,774394.5494,0.063851631,2.905127149,2.953832804,0.016765412,2114688.331,2287432.023,0.081687542
Produce,Last 04 Wks,4,2023/04/23,2024/04/21,Total U.S.,Dates,3982.503906,3998.958526,0.004131727,8.996637565,8.87572792,-0.013439426,5564.006523,5407.646492,-0.028102057,6.439450439,6.563607272,0.019280657,35829.14424,35493.66784,-0.009363227
Produce,Last 04 Wks,4,2023/04/23,2024/04/21,Total U.S.,Grapefruit,11588063.79,11425984.81,-0.013986718,1.429498216,1.418941372,-0.007385,4700156.016,4592224.662,-0.022963356,3.524375884,3.53048985,0.001734766,16565116.51,16212802.56,-0.021268426
Produce,Last 04 Wks,4,2023/04/23,2024/04/21,Total U.S.,Grapes,157217182.7,145617218.7,-0.073783055,1.995091868,2.494950811,0.250544323,83281684.31,76474252.42,-0.081739844,3.766286973,4.750720487,0.261380378,313662722.7,363307797.7,0.158275343
Produce,Last 04 Wks,4,2023/04/23,2024/04/21,Total U.S.,Kiwi,6671496.006,7013100.082,0.05120352,2.842922333,2.967172143,0.043704961,5477050.352,5328950.47,-0.02704008,3.462912293,3.904910604,0.127637744,18966544.99,20809075.2,0.097146328
Produce,Last 04 Wks,4,2023/04/23,2024/04/21,Total U.S.,Lemons,39499706.75,39173432.48,-0.00826017,2.014079699,1.977518695,-0.01815271,41901602.43,41463253.64,-0.010461385,1.898628045,1.868309606,-0.015968604,79555557.49,77466195.06,-0.026262935
Produce,Last 04 Wks,4,2023/04/23,2024/04/21,Total U.S.,Limes,30514040.48,33110741.64,0.085098568,2.318473316,1.93645869,-0.164769904,38256524.43,40267246.61,0.052558935,1.849252897,1.592301158,-0.138948945,70745988.62,64117583.4,-0.093693019
Produce,Last 04 Wks,4,2023/04/23,2024/04/21,Total U.S.,Mangoes,28930975.32,22288267.72,-0.22960538,1.732631649,2.075629445,0.197963483,26987868.04,21712320.3,-0.195478491,1.857379894,2.130688204,0.147147232,50126723.48,46262184.76,-0.077095378
Produce,Last 04 Wks,4,2023/04/23,2024/04/21,Total U.S.,Melons,202445052,155892857.2,-0.229949778,1.215650715,1.393506465,0.146304977,53189199.37,49141251,-0.076104706,4.626925674,4.420679162,-0.044575281,246102472.1,217237704.3,-0.117287598
Produce,Last 04 Wks,4,2023/04/23,2024/04/21,Total U.S.,Nectarines,1914180.28,1876432.304,-0.019720178,2.491103269,2.503970298,0.005165193,1475784.701,1426630.865,-0.033306915,3.231108676,3.293445326,0.01929265,4768420.753,4698530.755,-0.014656844
Produce,Last 04 Wks,4,2023/04/23,2024/04/21,Total U.S.,Oranges,90418715.89,95690732.66,0.058306698,1.387879092,1.415214528,0.019695834,33658940.15,35772148.37,0.06278297,3.728288673,3.78570819,0.015401038,125490245.3,135422915.1,0.079150931
Produce,Last 04 Wks,4,2023/04/23,2024/04/21,Total U.S.,Other,4511851.058,4761369.849,0.055302976,4.098164065,3.942273438,-0.038039138,3792344.093,3828586.346,0.009556689,4.875693085,4.90275527,0.005550428,18490305.87,18770621.88,0.015160161
Produce,Last 04 Wks,4,2023/04/23,2024/04/21,Total U.S.,Papaya,10172396.22,9128028.286,-0.102666855,1.326101727,1.349095756,0.017339567,4967558.93,4624588.398,-0.069042066,2.715545479,2.662849785,-0.019405196,13489632.19,12314584.22,-0.087107488
Produce,Last 04 Wks,4,2023/04/23,2024/04/21,Total U.S.,Peaches,762661.9559,882100.5454,0.156607509,2.619736099,2.968111456,0.132981088,593286.3362,675478.6348,0.138537319,3.367637067,3.876025975,0.150963093,1997973.057,2618172.734,0.310414435
Produce,Last 04 Wks,4,2023/04/23,2024/04/21,Total U.S.,Pears,20509303.18,19830449.34,-0.0330998,1.920899099,1.875826561,-0.023464292,11703438.88,11126648.49,-0.049283838,3.366215897,3.343188528,-0.006840728,39396302,37198483.58,-0.055787429
Produce,Last 04 Wks,4,2023/04/23,2024/04/21,Total U.S.,Pineapple,90932927.38,91331295.23,0.004380898,1.056646374,1.083329748,0.02525289,32470334.43,32337295.81,-0.004097236,2.959130224,3.059684077,0.033980881,96083947.99,98941909.08,0.029744418
Produce,Last 04 Wks,4,2023/04/23,2024/04/21,Total U.S.,Plums,6259895.34,5247190.498,-0.161776641,2.676285045,2.545655991,-0.048809843,4632549.93,3905020.923,-0.157047203,3.616423899,3.420607006,-0.054146554,16753264.28,13357541.93,-0.202690192
Produce,Last 04 Wks,4,2023/04/23,2024/04/21,Total U.S.,Pomegranates,561767.1367,459845.2812,-0.18143079,9.660269446,11.00436118,0.13913605,1170746.335,1054755.119,-0.099074592,4.635352462,4.79760986,0.035004328,5426821.907,5060303.56,-0.067538304
Produce,Last 04 Wks,4,2023/04/23,2024/04/21,Total U.S.,Tangelos,1391733.929,1435696.153,0.031588096,1.782177854,1.841907745,0.033515112,1067232.374,1130433.665,0.059219804,2.324064982,2.339296807,0.006553958,2480317.388,2644419.864,0.066161886
Produce,Last 04 Wks,4,2023/04/23,2024/04/21,Total U.S.,Tangerines,122062335.4,139135385.9,0.13987157,1.543576013,1.608342116,0.04195848,39364243.8,45673861.05,0.160288034,4.786386699,4.899460999,0.023624146,188412492.9,223777300.9,0.187698849
Produce,Last 04 Wks,4,2023/04/23,2024/04/21,Total U.S.,Variety,18352366.64,18056292.61,-0.016132744,4.793829533,4.903824221,0.022945056,14987305.7,14471193.57,-0.034436619,5.870175663,6.118699511,0.042336697,87978117.19,88544885.05,0.006442146
Produce,Last 04 Wks,5,2023/05/21,2024/05/19,Total U.S.,Total Store with Perimeter, , , , , , ,18355692359,18450937268,0.00519,4.52022,4.54995,0.00658,82971732020,83950914429,0.0118
Produce,Last 04 Wks,5,2023/05/21,2024/05/19,Total U.S.,Produce Department,3449200386,3567322357,0.03425,1.85861,1.86735,0.0047,2465378559,2559909847,0.03834,2.6003,2.60221,0.00073,6410730562,6661427649,0.03911
Produce,Last 04 Wks,5,2023/05/21,2024/05/19,Total U.S.,Vegetable Aisle,1488316180,1535634303,0.03179,2.05683,2.04076,-0.00781,1301901603,1342365537,0.03108,2.35134,2.33458,-0.00713,3061215492,3133858407,0.02373
Produce,Last 04 Wks,5,2023/05/21,2024/05/19,Total U.S.,Fruit Aisle,1929238544,1999154117,0.03624,1.68019,1.70703,0.01597,1105276272,1155880075,0.04578,2.93274,2.9524,0.0067,3241493260,3412622431,0.05279
Produce,Last 04 Wks,5,2023/05/21,2024/05/19,Total U.S.,Blackberries,13181556.38,14463037.19,0.09722,6.72205,6.53703,-0.02752,28228227.71,31934335.5,0.13129,3.13895,2.96062,-0.05681,88607079.4,94545336.45,0.06702
Produce,Last 04 Wks,5,2023/05/21,2024/05/19,Total U.S.,Blueberries,54344059.12,55146770.03,0.01477,4.76244,4.91155,0.03131,67194297.24,67679981.52,0.00723,3.85167,4.00202,0.03903,258810531.5,270856330.6,0.04654
Produce,Last 04 Wks,5,2023/05/21,2024/05/19,Total U.S.,Raspberries,13897634.43,15361028.5,0.1053,8.59539,7.48752,-0.12889,30577404.87,31577965.89,0.03272,3.90666,3.64229,-0.06767,119455608,115016036.6,-0.03717
Produce,Last 04 Wks,5,2023/05/21,2024/05/19,Total U.S.,Strawberries,126963297.6,151850903.8,0.19602,3.32798,2.76354,-0.1696,107955185.8,128908484,0.19409,3.91395,3.25538,-0.16826,422531037,419646097.4,-0.00683
Produce,Last 04 Wks,5,2023/05/21,2024/05/19,Total U.S.,Apples,177920468.9,195284278.2,0.09759,2.00069,1.73347,-0.13356,83799305.72,90518461.4,0.08018,4.2478,3.73977,-0.1196,355962991.9,338518650.8,-0.04901
Produce,Last 04 Wks,5,2023/05/21,2024/05/19,Total U.S.,Apricots,352447.3887,353890.7117,0.0041,3.70204,3.82009,0.03189,349032.6114,343215.3723,-0.01667,3.73826,3.93891,0.05368,1304774.489,1351895.604,0.03611
Produce,Last 04 Wks,5,2023/05/21,2024/05/19,Total U.S.,Avocados,98739417.82,98980625.89,0.00244,2.15164,2.55039,0.18533,123010800.6,118791468.5,-0.0343,1.7271,2.12507,0.23043,212451737.9,252439623,0.18822
Produce,Last 04 Wks,5,2023/05/21,2024/05/19,Total U.S.,Bananas,479353249.9,480591156.8,0.00258,0.59856,0.61058,0.02009,258863484.1,262129366.7,0.01262,1.10838,1.11944,0.00998,286920381.8,293439071.8,0.02272
Produce,Last 04 Wks,5,2023/05/21,2024/05/19,Total U.S.,Cherries,2615483.207,8812389.874,2.36932,5.74904,5.12539,-0.10848,2058534.386,6752822.921,2.2804,7.30448,6.6886,-0.08432,15036529.61,45166951.23,2.00381
Produce,Last 04 Wks,5,2023/05/21,2024/05/19,Total U.S.,Coconuts,879209.8276,926277.1434,0.05353,2.36631,2.4066,0.01703,709321.4514,747677.4508,0.05407,2.93306,2.98147,0.0165,2080482.18,2229175.097,0.07147
Produce,Last 04 Wks,5,2023/05/21,2024/05/19,Total U.S.,Dates,3284.36484,3378.21062,0.02857,8.86037,8.9304,0.0079,4655.13121,4679.63973,0.00526,6.25131,6.44681,0.03127,29100.68142,30168.7682,0.0367
Produce,Last 04 Wks,5,2023/05/21,2024/05/19,Total U.S.,Grapefruit,9256553.994,9274468.982,0.00194,1.4681,1.45044,-0.01203,4131721.015,4061776.262,-0.01693,3.28908,3.31186,0.00692,13589575.96,13452015.07,-0.01012
Produce,Last 04 Wks,5,2023/05/21,2024/05/19,Total U.S.,Grapes,126309596.4,136425609.9,0.08009,2.41356,2.70833,0.12213,64708664.25,72442366.85,0.11952,4.7112,5.10041,0.08261,304855354.4,369485941.9,0.212
Produce,Last 04 Wks,5,2023/05/21,2024/05/19,Total U.S.,Kiwi,6479373.852,7185586.057,0.10899,2.83622,3.06403,0.08032,5307133.35,5826878.401,0.09793,3.46268,3.77849,0.0912,18376921.87,22016830.51,0.19807
Produce,Last 04 Wks,5,2023/05/21,2024/05/19,Total U.S.,Lemons,38326430.04,39803201.72,0.03853,1.99979,1.93087,-0.03447,41006715.72,41919878.46,0.02227,1.86908,1.83337,-0.01911,76644860.69,76854655.35,0.00274
Produce,Last 04 Wks,5,2023/05/21,2024/05/19,Total U.S.,Limes,32930550.98,36926297.07,0.12134,2.31584,1.82316,-0.21274,42016734.63,45720197.13,0.08814,1.81503,1.47249,-0.18873,76261746.18,67322506.86,-0.11722
Produce,Last 04 Wks,5,2023/05/21,2024/05/19,Total U.S.,Mangoes,36297769.34,32860762.08,-0.09469,1.5669,1.71382,0.09377,33817030.68,31102493.55,-0.08027,1.68184,1.81071,0.07662,56874950.89,56317477.68,-0.0098
Produce,Last 04 Wks,5,2023/05/21,2024/05/19,Total U.S.,Melons,375832215.9,356757705.1,-0.05075,0.90638,0.91472,0.0092,71053393.58,66030306.33,-0.07069,4.79424,4.94219,0.03086,340647119.8,326334292.6,-0.04202
Produce,Last 04 Wks,5,2023/05/21,2024/05/19,Total U.S.,Nectarines,345247.0085,1139346.88,2.30009,3.70179,3.91501,0.0576,313502.8113,986479.7734,2.14664,4.07662,4.52169,0.10918,1278031.712,4460552.713,2.49017
Produce,Last 04 Wks,5,2023/05/21,2024/05/19,Total U.S.,Oranges,84498602.51,90579680.6,0.07197,1.40287,1.38603,-0.012,31920376.65,32845273.04,0.02898,3.71364,3.82236,0.02927,118540882.5,125546434.7,0.0591
Produce,Last 04 Wks,5,2023/05/21,2024/05/19,Total U.S.,Other,4040107.488,3317060.782,-0.17897,4.12865,4.5034,0.09077,3575554.188,3113260.172,-0.12929,4.66507,4.7982,0.02854,16680194.3,14938056.37,-0.10444
Produce,Last 04 Wks,5,2023/05/21,2024/05/19,Total U.S.,Papaya,10518363.86,9851360.956,-0.06341,1.29203,1.3345,0.03287,5155791.39,4958264.67,-0.03831,2.63589,2.65146,0.00591,13590091.67,13146634.75,-0.03263
Produce,Last 04 Wks,5,2023/05/21,2024/05/19,Total U.S.,Peaches,2110148.54,3827347.235,0.81378,3.37291,3.67268,0.08888,1668641.59,2952358.048,0.76932,4.26535,4.76115,0.11624,7117339.126,14056626.66,0.97498
Produce,Last 04 Wks,5,2023/05/21,2024/05/19,Total U.S.,Pears,20531904.25,18916657.42,-0.07867,1.88059,1.85256,-0.01491,11497449.78,10476057.56,-0.08884,3.35833,3.34517,-0.00392,38612175.62,35044232.8,-0.0924
Produce,Last 04 Wks,5,2023/05/21,2024/05/19,Total U.S.,Pineapple,76132068.85,73322113.44,-0.03691,1.22605,1.29913,0.05961,28689529.2,28808198.89,0.00414,3.25352,3.30653,0.01629,93341983.92,95255142.27,0.0205
Produce,Last 04 Wks,5,2023/05/21,2024/05/19,Total U.S.,Plums,4227963.285,6463226.642,0.52869,2.58952,2.76309,0.06703,2779519.903,4641098.286,0.66975,3.93895,3.84789,-0.02312,10948386.85,17858448.55,0.63115
Produce,Last 04 Wks,5,2023/05/21,2024/05/19,Total U.S.,Pomegranates,607002.0839,557065.9788,-0.08227,8.52602,8.84484,0.03739,1187492.553,1080334.242,-0.09024,4.35819,4.56077,0.04648,5175314.416,4927160.438,-0.04795
Produce,Last 04 Wks,5,2023/05/21,2024/05/19,Total U.S.,Tangelos,1124765.525,288913.1827,-0.74313,1.80409,2.14217,0.18739,832580.6425,249330.4228,-0.70053,2.43722,2.48226,0.01848,2029183.485,618901.9405,-0.695
Produce,Last 04 Wks,5,2023/05/21,2024/05/19,Total U.S.,Tangerines,109293235.8,127475951.1,0.16637,1.58066,1.62036,0.02512,34336338.32,40737537.34,0.18643,5.03126,5.07045,0.00779,172755191.6,206557554.3,0.19567
Produce,Last 04 Wks,5,2023/05/21,2024/05/19,Total U.S.,Variety,18404824.8,18392840.6,-0.00065,4.84952,4.9686,0.02455,14932846.47,14747149.85,-0.01244,5.97707,6.1969,0.03678,89254654.55,91386650.07,0.02389
Produce,Last 04 Wks,5,2023/05/21,2024/05/19,Total U.S.,Rhubarb,595620,739660,0.24183,0.23703,0.23692,-0.00047,29781,36983,0.24183,4.74054,4.7383,-0.00047,141178.15,175236.61,0.24124
Produce,Last 04 Wks,6,2023/06/18,2024/06/16,Total U.S.,Total Store with Perimeter, , , , , , ,18746479441,18902767479,0.008336927,4.48835756,4.524798054,0.008118893,84140902723,85531205509,0.016523507
Produce,Last 04 Wks,6,2023/06/18,2024/06/16,Total U.S.,Produce Department,3841993929,4027417525,0.048262334,1.770864265,1.741978686,-0.016311572,2595093521,2682994487,0.033871984,2.621735865,2.61486765,-0.00261972,6803649758,7015675489,0.031163528
Produce,Last 04 Wks,6,2023/06/18,2024/06/16,Total U.S.,Vegetable Aisle,1557643347,1593000320,0.022699017,2.010804651,1.994263143,-0.008226313,1368833308,1396029471,0.019868133,2.288165013,2.275640944,-0.005473411,3132116485,3176861825,0.014285976
Produce,Last 04 Wks,6,2023/06/18,2024/06/16,Total U.S.,Fruit Aisle,2252483183,2400656947,0.065782406,1.581059926,1.550619715,-0.019253041,1168186234,1225094414,0.048714989,3.048581459,3.038546211,-0.003291776,3561310894,3722505991,0.045262854
Produce,Last 04 Wks,6,2023/06/18,2024/06/16,Total U.S.,Blackberries,11357490.4,12792199.54,0.126322726,6.986737398,6.411332259,-0.082356772,24538379.75,27795269.35,0.132726351,3.23378331,2.950683462,-0.087544471,79351802.9,82015041.58,0.033562422
Produce,Last 04 Wks,6,2023/06/18,2024/06/16,Total U.S.,Blueberries,49857711.01,56488118.93,0.132986609,4.751766144,4.429840144,-0.067748704,61366814.52,67617519.09,0.101858058,3.860591185,3.700717511,-0.041411708,236912183.2,250233336.9,0.056228234
Produce,Last 04 Wks,6,2023/06/18,2024/06/16,Total U.S.,Raspberries,12469360.87,15525557.78,0.245096516,8.744188181,6.961838442,-0.2038325,26652015.62,31369408.26,0.17699947,4.091039099,3.445599741,-0.157769051,109034438,108086425,-0.00869462
Produce,Last 04 Wks,6,2023/06/18,2024/06/16,Total U.S.,Strawberries,152478613.2,155633366.1,0.020689806,2.746091511,2.457086245,-0.105242402,125293900.4,127704340.4,0.019238287,3.341904306,2.99445267,-0.103968158,418720225.2,382404603,-0.086730041
Produce,Last 04 Wks,6,2023/06/18,2024/06/16,Total U.S.,Apples,162338529.4,174465994.6,0.074704787,2.030446035,1.772704564,-0.126938351,76175551.05,80718278.19,0.059634976,4.327105203,3.831556765,-0.11452193,329619623.3,309276664.9,-0.061716466
Produce,Last 04 Wks,6,2023/06/18,2024/06/16,Total U.S.,Apricots,2583398.204,2564704.859,-0.007235952,3.761883267,3.794297693,0.008616542,2474642.626,2422869.97,-0.020921266,3.927210489,4.016416007,0.022714728,9718442.476,9731253.73,0.001318242
Produce,Last 04 Wks,6,2023/06/18,2024/06/16,Total U.S.,Avocados,93186984.36,90397636.51,-0.029932805,2.22233214,2.710819166,0.219808289,115331275,106232605.2,-0.078891608,1.795631153,2.306746079,0.284643606,207092430.4,245051645.6,0.183296005
Produce,Last 04 Wks,6,2023/06/18,2024/06/16,Total U.S.,Bananas,480199370.7,476481868.7,-0.00774158,0.59880498,0.609538838,0.017925465,260726392.9,259709593.8,-0.00389987,1.102864085,1.118303719,0.01399958,287545774.8,290434204.7,0.010045113
Produce,Last 04 Wks,6,2023/06/18,2024/06/16,Total U.S.,Cherries,60793296.15,71204858.48,0.171261685,4.462725508,3.975127662,-0.109260103,45765216.01,53118625.95,0.160676833,5.928165912,5.328609269,-0.101136954,271303793.5,283048402.6,0.043289513
Produce,Last 04 Wks,6,2023/06/18,2024/06/16,Total U.S.,Coconuts,911922.9453,950610.0675,0.042423675,2.308554321,2.410359456,0.044099086,735104.9897,770235.1986,0.047789376,2.863840792,2.974821158,0.038752282,2105223.656,2291311.965,0.088393605
Produce,Last 04 Wks,6,2023/06/18,2024/06/16,Total U.S.,Dates,3040.61151,2765.998874,-0.090314937,8.605108311,8.789548915,0.02143385,4129.526163,3698.941997,-0.10426963,6.336027512,6.572658459,0.037346894,26164.79138,24311.8824,-0.070816883
Produce,Last 04 Wks,6,2023/06/18,2024/06/16,Total U.S.,Grapefruit,8334471.484,8099029.798,-0.028249144,1.483418006,1.456813719,-0.017934451,3867683.074,3679176.966,-0.048738768,3.196617933,3.206906824,0.00321868,12363505.07,11798777.72,-0.045676962
Produce,Last 04 Wks,6,2023/06/18,2024/06/16,Total U.S.,Grapes,111373917.1,138669576.5,0.245081255,2.569350994,2.523304256,-0.017921544,57329428.88,75399866.21,0.315203512,4.991479771,4.640665164,-0.070282686,286158684.6,349905532.5,0.222767476
Produce,Last 04 Wks,6,2023/06/18,2024/06/16,Total U.S.,Kiwi,8016103.686,7342452.363,-0.084037252,3.27866983,3.513675489,0.071677135,6233200.399,5833191.936,-0.064173849,4.216478796,4.422792046,0.048930224,26282157.31,25798994.9,-0.018383666
Produce,Last 04 Wks,6,2023/06/18,2024/06/16,Total U.S.,Lemons,39604634.7,39875004.62,0.006826724,1.972594809,1.962548192,-0.005093097,42102405.23,41269588.74,-0.019780734,1.855568497,1.89622966,0.021913049,78123896.81,78256618.24,0.001698858
Produce,Last 04 Wks,6,2023/06/18,2024/06/16,Total U.S.,Limes,35270603.73,39102761.96,0.108650202,2.019429339,1.78637071,-0.115408162,44957217.06,47042397.96,0.04638145,1.584317194,1.484873894,-0.062767292,71226491.98,69852028.64,-0.01929708
Produce,Last 04 Wks,6,2023/06/18,2024/06/16,Total U.S.,Mangoes,33691700.91,33688302.08,-0.00010088,1.640713941,1.693858575,0.032391164,30982324.57,31406619.38,0.013694738,1.784192895,1.816916958,0.018341102,55278443.37,57063219.35,0.032287016
Produce,Last 04 Wks,6,2023/06/18,2024/06/16,Total U.S.,Melons,668641137.9,728543922.7,0.089588841,0.703888052,0.671183068,-0.046463331,98822999.7,104990706.3,0.062411652,4.762540191,4.657425049,-0.022071235,470648507.9,488986345.6,0.038962915
Produce,Last 04 Wks,6,2023/06/18,2024/06/16,Total U.S.,Nectarines,10858196.5,14449501.49,0.330745994,2.683210721,2.911797748,0.085191605,7978968.874,10372958.52,0.300037472,3.651452927,4.056125918,0.110825197,29134829.25,42074025.91,0.444114381
Produce,Last 04 Wks,6,2023/06/18,2024/06/16,Total U.S.,Oranges,67969909.91,71159308.18,0.046923679,1.439826441,1.424719995,-0.010491852,26101532.34,26528387.24,0.016353634,3.749391884,3.821645406,0.019270731,97864873.51,101382089.2,0.035939511
Produce,Last 04 Wks,6,2023/06/18,2024/06/16,Total U.S.,Other,3279808.628,3546429.485,0.08129159,4.298679264,4.232729481,-0.015341871,3356291.248,3316245.205,-0.011931635,4.200721659,4.526527957,0.077559601,14098845.34,15011076.63,0.064702553
Produce,Last 04 Wks,6,2023/06/18,2024/06/16,Total U.S.,Papaya,9633372.703,9502409.158,-0.013594776,1.30104103,1.296263105,-0.003672386,4854199.622,4824184.595,-0.006183311,2.581973162,2.553306608,-0.011102577,12533413.15,12317622.4,-0.017217237
Produce,Last 04 Wks,6,2023/06/18,2024/06/16,Total U.S.,Peaches,21834624.67,30699466.36,0.40599927,2.730042713,2.453927974,-0.101139348,15051392.68,20631261.14,0.370721073,3.960394843,3.651462641,-0.078005405,59609457.97,75334279.27,0.263797421
Produce,Last 04 Wks,6,2023/06/18,2024/06/16,Total U.S.,Pears,16947187.58,14519686.21,-0.143239187,1.897632463,1.920078311,0.011828343,9348267.508,8109299.512,-0.132534504,3.440159717,3.437896766,-0.000657804,32159533.31,27878934.57,-0.133105126
Produce,Last 04 Wks,6,2023/06/18,2024/06/16,Total U.S.,Pineapple,81220263.91,78202473.36,-0.037155636,1.237595535,1.290244974,0.042541716,30588395.53,30294725.45,-0.009600702,3.286142808,3.330624281,0.013536074,100517836,100900348.2,0.003805416
Produce,Last 04 Wks,6,2023/06/18,2024/06/16,Total U.S.,Plums,1965995.512,5589458.148,1.843067604,2.804510804,2.894160582,0.03196628,1486959.267,4170164.106,1.804491151,3.70800719,3.879173346,0.046161225,5513655.654,16176789.45,1.933949899
Produce,Last 04 Wks,6,2023/06/18,2024/06/16,Total U.S.,Pomegranates,616517.8989,441525.479,-0.283839967,7.372564936,8.656817336,0.174193433,1112919.737,827954.199,-0.256052192,4.084138409,4.616445481,0.130335218,4545318.244,3822205.421,-0.159089592
Produce,Last 04 Wks,6,2023/06/18,2024/06/16,Total U.S.,Tangelos,235508.2804,24752.02142,-0.89489957,1.909013929,3.757653741,0.968374187,159698.4884,21391.98797,-0.866047649,2.815233833,4.347867341,0.544407179,449588.5876,93009.52588,-0.793123027
Produce,Last 04 Wks,6,2023/06/18,2024/06/16,Total U.S.,Tangerines,83865447.33,97868980.09,0.166976189,1.67017737,1.721700014,0.030848606,26410137.06,30670984.47,0.161333786,5.30365185,5.493825104,0.03585704,140070172.3,168501024.4,0.202975778
Produce,Last 04 Wks,6,2023/06/18,2024/06/16,Total U.S.,Variety,18935606.5,18871573.21,-0.003381634,4.882781457,4.94307719,0.012348645,15026811.94,14808140.25,-0.014552101,6.152897145,6.299484031,0.023824043,92458428.29,93283643.07,0.008925252
Produce,Last 04 Wks,6,2023/06/18,2024/06/16,Total U.S.,Rhubarb,1080900,1020380,-0.055990378,0.236882653,0.236950019,0.000284382,54045,51019,-0.055990378,4.737653067,4.739000372,0.000284382,256046.46,241779.06,-0.055721919
Produce,Last 04 Wks,7,2023/07/16,2024/07/14,Total U.S.,Total Store with Perimeter, , , , , , ,18841283779,19079530691,0.01264494,4.464838075,4.502765295,0.008494646,84123281193,85910648630,0.021247001
Produce,Last 04 Wks,7,2023/07/16,2024/07/14,Total U.S.,Produce Department,3997500705,4209903466,0.05313389,1.718988448,1.678995996,-0.023265108,2633124712,2721003391,0.033374294,2.609696951,2.597722254,-0.004588539,6871657533,7068411062,0.028632616
Produce,Last 04 Wks,7,2023/07/16,2024/07/14,Total U.S.,Vegetable Aisle,1558452430,1595851476,0.023997554,2.008218908,1.981576774,-0.013266549,1366246776,1404493732,0.027994179,2.290738168,2.251560222,-0.01710276,3129713637,3162302220,0.010412641
Produce,Last 04 Wks,7,2023/07/16,2024/07/14,Total U.S.,Fruit Aisle,2406735403,2579970921,0.071979461,1.508846179,1.468868452,-0.026495562,1207458689,1253370727,0.038023693,3.007468124,3.023557046,0.005349657,3631393517,3789637892,0.043576763
Produce,Last 04 Wks,7,2023/07/16,2024/07/14,Total U.S.,Blackberries,9840097.667,11298812.07,0.148241862,7.052506261,6.459193035,-0.084127997,21438054.6,24862605.26,0.15974167,3.237110442,2.935380563,-0.093209634,69397350.4,72981208.21,0.051642574
Produce,Last 04 Wks,7,2023/07/16,2024/07/14,Total U.S.,Blueberries,50763348.14,53933858.2,0.062456677,4.514611697,4.272309017,-0.053670769,60692094.77,63128908.31,0.040150427,3.776056934,3.65002524,-0.033376534,229176805.3,230422108.7,0.005433811
Produce,Last 04 Wks,7,2023/07/16,2024/07/14,Total U.S.,Raspberries,11865877.33,12353273.11,0.04107541,8.257983287,8.025570074,-0.028144064,24091968.13,24996411.35,0.037541276,4.067256612,3.966251698,-0.024833671,97988216.64,99142058.95,0.011775317
Produce,Last 04 Wks,7,2023/07/16,2024/07/14,Total U.S.,Strawberries,137415442.2,139950397.8,0.018447386,2.625160409,2.507154928,-0.044951722,111584664.1,114044058.2,0.02204061,3.232859831,3.076682251,-0.048309419,360737578.4,350877329.6,-0.027333578
Produce,Last 04 Wks,7,2023/07/16,2024/07/14,Total U.S.,Apples,147042534.1,161298981.4,0.096954581,2.049553088,1.792274391,-0.12552917,69136719.97,74769740.61,0.081476539,4.359065341,3.866430875,-0.113013783,301371479.8,289092033.6,-0.040745216
Produce,Last 04 Wks,7,2023/07/16,2024/07/14,Total U.S.,Apricots,2128453.781,2234060.012,0.049616408,3.842154442,3.734469232,-0.028027299,2209413.119,2123677.159,-0.038804857,3.701366701,3.928576593,0.061385404,8177848.147,8343028.377,0.020198496
Produce,Last 04 Wks,7,2023/07/16,2024/07/14,Total U.S.,Avocados,87698272.13,88834775.23,0.012959242,2.385721202,2.733141917,0.145625027,109633755.3,107304883,-0.021242293,1.908386943,2.262693374,0.185657543,209223627.2,242798047.9,0.160471459
Produce,Last 04 Wks,7,2023/07/16,2024/07/14,Total U.S.,Bananas,462265832.8,460145954.3,-0.004585843,0.59806296,0.604597271,0.010925791,252283585.4,250965498,-0.005224626,1.095846454,1.108530815,0.011574945,276464072.3,278202988.2,0.006289844
Produce,Last 04 Wks,7,2023/07/16,2024/07/14,Total U.S.,Cherries,89189153.82,104737619.8,0.174331355,3.355155041,3.297990289,-0.017037887,64484715.5,76353665.2,0.18405834,4.640532826,4.523995701,-0.025112876,299243439.1,345423653.1,0.15432323
Produce,Last 04 Wks,7,2023/07/16,2024/07/14,Total U.S.,Coconuts,909024.6331,927169.5233,0.019960834,2.357746654,2.402405797,0.018941451,731866.4325,758112.3289,0.035861593,2.928471223,2.938136412,0.003300421,2143249.787,2227437.438,0.039280373
Produce,Last 04 Wks,7,2023/07/16,2024/07/14,Total U.S.,Dates,2337.636834,2512.022442,0.074599102,8.69440254,8.427852607,-0.030657648,3298.819005,3429.745231,0.039688818,6.161100561,6.172748546,0.001890569,20324.35563,21170.95489,0.041654421
Produce,Last 04 Wks,7,2023/07/16,2024/07/14,Total U.S.,Grapefruit,8465888.761,7966526.19,-0.058985251,1.474384233,1.506037724,0.021468957,3915236.6,3674963,-0.061368858,3.188050731,3.264764563,0.024062927,12481972.91,11997888.97,-0.038782646
Produce,Last 04 Wks,7,2023/07/16,2024/07/14,Total U.S.,Grapes,130450363,155619854.7,0.192943056,2.326588102,2.091851711,-0.100892973,72618311,82247466.27,0.132599549,4.179445351,3.957977966,-0.052989659,303504262.3,325533659.2,0.072583485
Produce,Last 04 Wks,7,2023/07/16,2024/07/14,Total U.S.,Kiwi,8003251.918,7383895.233,-0.077388128,3.285636514,3.704563648,0.127502581,6067924.294,5990283.743,-0.012795241,4.333570338,4.566413051,0.053729995,26295776.73,27354109.86,0.040247266
Produce,Last 04 Wks,7,2023/07/16,2024/07/14,Total U.S.,Lemons,38203953.57,38137922.52,-0.001728382,2.022889893,2.037182534,0.007065456,41117892.47,39818972.73,-0.031590134,1.879531924,1.951178152,0.038119187,77282391.56,77693909.64,0.005324862
Produce,Last 04 Wks,7,2023/07/16,2024/07/14,Total U.S.,Limes,37590919.17,42254004.35,0.124048182,1.892568014,1.761767288,-0.069112827,47582081.59,49057480.68,0.031007452,1.495171478,1.51743876,0.014892795,71143371.25,74441722.65,0.046362034
Produce,Last 04 Wks,7,2023/07/16,2024/07/14,Total U.S.,Mangoes,35732958.13,34283706.34,-0.040557845,1.559857634,1.629873964,0.04488636,33529801.4,32065876.74,-0.043660404,1.662351854,1.742603853,0.048276181,55738327.52,55878120.37,0.00250802
Produce,Last 04 Wks,7,2023/07/16,2024/07/14,Total U.S.,Melons,809738213.2,908665482.3,0.122171916,0.667422104,0.630350894,-0.055543874,115744501.1,125462768.9,0.083963105,4.669225551,4.565323281,-0.02225257,540437181.9,572778099.5,0.05984214
Produce,Last 04 Wks,7,2023/07/16,2024/07/14,Total U.S.,Nectarines,29655834.84,26638937.47,-0.101730313,2.4779138,2.608475515,0.052690176,20200853.01,18467460.25,-0.085807899,3.637697992,3.762673111,0.034355551,73484602.41,69487016.13,-0.054400325
Produce,Last 04 Wks,7,2023/07/16,2024/07/14,Total U.S.,Oranges,53187386.12,54411415.59,0.023013529,1.462158591,1.475417611,0.009068113,21055022.42,20902078.55,-0.007264009,3.693579232,3.840745339,0.039843766,77768393.53,80279560.78,0.032290332
Produce,Last 04 Wks,7,2023/07/16,2024/07/14,Total U.S.,Other,3554135.734,4046748.129,0.138602584,4.557208418,4.004375596,-0.121309532,3822192.841,4216343.204,0.103121527,4.237603375,3.843306551,-0.093047128,16196937.28,16204699.45,0.000479237
Produce,Last 04 Wks,7,2023/07/16,2024/07/14,Total U.S.,Papaya,8802535.924,8410160.558,-0.044575264,1.297440324,1.384772495,0.067311128,4365196.311,4331238.026,-0.007779326,2.616323355,2.688875316,0.027730503,11420765.06,11646159.02,0.019735452
Produce,Last 04 Wks,7,2023/07/16,2024/07/14,Total U.S.,Peaches,46581308.6,51699561.75,0.109877831,2.510351259,2.267949098,-0.096561053,30441598.85,33202339.11,0.090689726,3.84130437,3.531437169,-0.080667182,116935446.7,117251974.4,0.002706859
Produce,Last 04 Wks,7,2023/07/16,2024/07/14,Total U.S.,Pears,13127029.5,11203914.69,-0.14650038,1.956959303,2.011555297,0.02789838,7182558.575,6292547.402,-0.123912832,3.57658935,3.58158509,0.001396789,25689062.51,22537293.95,-0.122689123
Produce,Last 04 Wks,7,2023/07/16,2024/07/14,Total U.S.,Pineapple,80858577.77,77650523.7,-0.039674876,1.239908785,1.317494324,0.062573586,30895841.28,30728186.48,-0.005426452,3.245008286,3.329325155,0.025983561,100257261,102304124.2,0.02041611
Produce,Last 04 Wks,7,2023/07/16,2024/07/14,Total U.S.,Plums,15568251.95,17872573.39,0.148014141,2.903736491,2.973362213,0.023977975,12696921.38,14380603.95,0.132605576,3.560398614,3.695368745,0.037908714,45206101.28,53141634.37,0.175541196
Produce,Last 04 Wks,7,2023/07/16,2024/07/14,Total U.S.,Pomegranates,488512.6113,252512.7579,-0.483098794,7.761183079,11.41800721,0.47116839,923794.3858,639018.9895,-0.308267078,4.104198803,4.511904245,0.099338619,3791435.812,2883192.491,-0.239551285
Produce,Last 04 Wks,7,2023/07/16,2024/07/14,Total U.S.,Tangelos,25270.8724,20785.8345,-0.177478554,3.15231849,4.047055319,0.283834527,18955.40247,16277.72437,-0.141262002,4.202592819,5.167885889,0.229689887,79661.83833,84121.42206,0.055981431
Produce,Last 04 Wks,7,2023/07/16,2024/07/14,Total U.S.,Tangerines,64888978.44,74755148.88,0.152046937,1.670724144,1.762310191,0.054818174,20833777.33,24012652.43,0.152582753,5.203645082,5.486347714,0.054327808,108411583,131741760.7,0.215200047
Produce,Last 04 Wks,7,2023/07/16,2024/07/14,Total U.S.,Variety,18813988.05,19553207.84,0.039290967,4.854856603,4.896597792,0.008597821,14957422.05,15220864.52,0.017612826,6.106614749,6.290325638,0.030083917,91339214.09,95744194.33,0.048226605
Produce,Last 04 Wks,7,2023/07/16,2024/07/14,Total U.S.,Rhubarb,1045480,516820,-0.505662471,0.23695449,0.236949499,-2.11E-05,52274,25841,-0.505662471,4.739089796,4.738989977,-2.11E-05,247731.18,122460.24,-0.505672883
Produce,Last 04 Wks,8,2023/08/13,2024/08/11,Total U.S.,Total Store with Perimeter, , , , , , ,18536571096,18598779556,0.003355985,4.464228902,4.502504306,0.0085738,82751496430,83741085041,0.011958558
Produce,Last 04 Wks,8,2023/08/13,2024/08/11,Total U.S.,Produce Department,3724633057,3830225917,0.028349869,1.760097994,1.74388807,-0.009209671,2512951886,2554873783,0.016682332,2.608772261,2.614409106,0.002160727,6555719173,6679485283,0.018879105
Produce,Last 04 Wks,8,2023/08/13,2024/08/11,Total U.S.,Vegetable Aisle,1456892449,1496740175,0.02735118,2.050502155,2.016569003,-0.016548703,1283680523,1306784414,0.017998163,2.327184258,2.309699909,-0.007513092,2987361105,3018279844,0.01034985
Produce,Last 04 Wks,8,2023/08/13,2024/08/11,Total U.S.,Fruit Aisle,2235713945,2300121913,0.02880868,1.549086747,1.544119375,-0.003206645,1171374036,1185698575,0.012228835,2.956625925,2.995417963,0.013120374,3463314842,3551662810,0.025509656
Produce,Last 04 Wks,8,2023/08/13,2024/08/11,Total U.S.,Blackberries,8685130.59,7731105.522,-0.109845794,6.943955383,7.838135183,0.12877096,18183629.65,16412333.49,-0.097411583,3.31667332,3.692189793,0.11322082,60309159.31,60597450.2,0.004780217
Produce,Last 04 Wks,8,2023/08/13,2024/08/11,Total U.S.,Blueberries,54909964.38,55793341.44,0.016087737,4.138511211,4.095997066,-0.010272811,64884866.2,64948020.96,0.000973336,3.502288229,3.518650137,0.004671776,227245503.2,228529362.8,0.005649659
Produce,Last 04 Wks,8,2023/08/13,2024/08/11,Total U.S.,Raspberries,11004810.79,11767950.73,0.06934603,8.458756266,8.10890802,-0.041359301,21679473.17,23418641.92,0.08022191,4.293785716,4.074755078,-0.051011078,93087012.24,95425230.09,0.025118626
Produce,Last 04 Wks,8,2023/08/13,2024/08/11,Total U.S.,Strawberries,104810046.1,114378758.9,0.091295759,2.927826749,2.792913417,-0.046079684,87093741.04,94813599.48,0.088638499,3.523395056,3.369242092,-0.043751257,306865656.6,319449970.2,0.041009195
Produce,Last 04 Wks,8,2023/08/13,2024/08/11,Total U.S.,Apples,148836880.9,162528102.6,0.091988099,2.052099223,1.791344833,-0.127067145,70092100.94,75706558.56,0.080101146,4.357524507,3.845688965,-0.117460164,305428047.6,291143876.9,-0.046767711
Produce,Last 04 Wks,8,2023/08/13,2024/08/11,Total U.S.,Apricots,1652458.787,778365.9654,-0.528964975,3.453502733,3.717531791,0.076452541,1675084.576,665386.0494,-0.602774654,3.406855403,4.348753966,0.276471541,5706770.936,2893600.221,-0.492953151
Produce,Last 04 Wks,8,2023/08/13,2024/08/11,Total U.S.,Avocados,81172563.21,87413376.64,0.076883286,2.553401363,2.62747599,0.029010178,99142985.95,104008737.5,0.049078122,2.090577882,2.208242826,0.056283454,207266133.5,229676548.4,0.108123862
Produce,Last 04 Wks,8,2023/08/13,2024/08/11,Total U.S.,Bananas,452100129,456407797.5,0.009528129,0.597247201,0.590240655,-0.011731401,247803888.4,249874788.4,0.008357012,1.089633978,1.078101713,-0.010583614,270015536.8,269390437.4,-0.00231505
Produce,Last 04 Wks,8,2023/08/13,2024/08/11,Total U.S.,Cherries,93172064.99,78119838.29,-0.161553001,2.787334412,3.411726399,0.224010432,66706388.62,57369833.14,-0.139964937,3.893205859,4.64570838,0.193286086,259701703,266523514.6,0.026267874
Produce,Last 04 Wks,8,2023/08/13,2024/08/11,Total U.S.,Coconuts,892895.9766,880710.6725,-0.013646947,2.354806523,2.439690262,0.036047012,719876.7039,719533.2438,-0.00047711,2.920774153,2.986187601,0.022395928,2102597.27,2148661.251,0.021908133
Produce,Last 04 Wks,8,2023/08/13,2024/08/11,Total U.S.,Dates,2290.736327,2740.078963,0.19615642,8.45391156,8.407208094,-0.00552448,3227.545311,3719.748274,0.152500714,6.00012717,6.193003488,0.032145372,19365.68231,23036.41404,0.189548278
Produce,Last 04 Wks,8,2023/08/13,2024/08/11,Total U.S.,Grapefruit,9093381.221,8200331.713,-0.09820874,1.453009271,1.507892027,0.037771787,4192458.829,3762791.761,-0.102485698,3.151555627,3.286181004,0.042717119,13212767.22,12365214.81,-0.064146472
Produce,Last 04 Wks,8,2023/08/13,2024/08/11,Total U.S.,Grapes,139870567.2,163213072.7,0.166886472,2.052812135,2.112328322,0.028992515,77336940.13,86676894.98,0.120769646,3.712688881,3.977525915,0.071332945,287127997.7,344759596,0.200717446
Produce,Last 04 Wks,8,2023/08/13,2024/08/11,Total U.S.,Kiwi,8045302.599,8247035.488,0.025074618,3.352483399,3.612595897,0.077588005,6267982.704,6670202.297,0.064170501,4.303097931,4.466612142,0.037999184,26971743.4,29793206.57,0.104608112
Produce,Last 04 Wks,8,2023/08/13,2024/08/11,Total U.S.,Lemons,35551191.59,35638645.39,0.00245994,2.048012868,2.079474122,0.015361844,38254027.82,36947295.73,-0.034159333,1.903310632,2.005820436,0.053858683,72809297.87,74109640.83,0.017859573
Produce,Last 04 Wks,8,2023/08/13,2024/08/11,Total U.S.,Limes,35609438.72,37942051.1,0.065505452,1.904163097,1.788222838,-0.060887777,45195828.78,42416448.49,-0.06149639,1.500275157,1.599588007,0.066196424,67806179.12,67848842.3,0.000629193
Produce,Last 04 Wks,8,2023/08/13,2024/08/11,Total U.S.,Mangoes,34949701.82,34623247.3,-0.009340696,1.579953397,1.618699375,0.024523494,31945469.48,32873248.87,0.029042597,1.72853619,1.704870394,-0.013691236,55218900.11,56044628.75,0.014953732
Produce,Last 04 Wks,8,2023/08/13,2024/08/11,Total U.S.,Melons,668218169.4,691398468.7,0.034689717,0.723543075,0.702229006,-0.029457913,103992331.3,106842218.2,0.027404779,4.649233484,4.544271615,-0.022576166,483484628.7,485520059.3,0.004209918
Produce,Last 04 Wks,8,2023/08/13,2024/08/11,Total U.S.,Nectarines,36564224.68,29461007.35,-0.194266866,2.335842124,2.483067019,0.063028615,25051579.21,20127602.74,-0.196553536,3.409296298,3.634494213,0.066054076,85408256.25,73153655.68,-0.143482622
Produce,Last 04 Wks,8,2023/08/13,2024/08/11,Total U.S.,Oranges,45695119.78,43450440.45,-0.049122955,1.567664499,1.533473797,-0.021809961,19691273.4,17503807.1,-0.111088107,3.63788647,3.806606844,0.04637868,71634617.07,66630111.91,-0.069861547
Produce,Last 04 Wks,8,2023/08/13,2024/08/11,Total U.S.,Other,4016686.742,4136715.7,0.029882579,4.038738197,4.026127411,-0.003122457,5032461.776,5141156.145,0.021598648,3.223540863,3.239532899,0.004961016,16222346.17,16654944.47,0.026666815
Produce,Last 04 Wks,8,2023/08/13,2024/08/11,Total U.S.,Papaya,8380151.809,8666676.647,0.034190889,1.290604853,1.314345275,0.018394803,4126296.549,4344994.046,0.053000916,2.621106957,2.621638921,0.000202954,10815464.59,11391005.5,0.053214627
Produce,Last 04 Wks,8,2023/08/13,2024/08/11,Total U.S.,Peaches,63276792.07,63808985.83,0.008410568,2.330239329,2.186564277,-0.061656779,41131430.49,40847318.61,-0.006907416,3.58485148,3.415706433,-0.047183279,147450069.5,139522448.9,-0.05376478
Produce,Last 04 Wks,8,2023/08/13,2024/08/11,Total U.S.,Pears,10576660.98,10685189.13,0.010261097,1.993254093,2.000643462,0.003707189,5772958.189,6083623.711,0.053813922,3.651849209,3.513901383,-0.037774787,21081972.79,21377253.77,0.014006326
Produce,Last 04 Wks,8,2023/08/13,2024/08/11,Total U.S.,Pineapple,70858813.66,68798810.38,-0.029071941,1.273310922,1.36934723,0.075422512,27342452.26,28004391.15,0.0242092,3.299824774,3.364096006,0.019477165,90225301.33,94209460.42,0.044157892
Produce,Last 04 Wks,8,2023/08/13,2024/08/11,Total U.S.,Plums,24536554.21,23196372.49,-0.054619802,2.716497641,2.818650963,0.037604789,19577933.85,18690966.99,-0.045304416,3.40452124,3.498078922,0.027480422,66653491.65,65382477.66,-0.019068978
Produce,Last 04 Wks,8,2023/08/13,2024/08/11,Total U.S.,Pomegranates,377104.6941,171232.9363,-0.545927328,8.603462159,12.92389988,0.502174315,771843.6735,465360.5282,-0.3970793,4.203449581,4.755446992,0.131320098,3244405.966,2212997.324,-0.317903694
Produce,Last 04 Wks,8,2023/08/13,2024/08/11,Total U.S.,Tangelos,240511.5098,215846.3716,-0.102552839,1.976642434,2.154257602,0.089857004,158254.7284,150739.3104,-0.047489374,3.004050881,3.084720804,0.026853714,475405.2562,464988.6869,-0.021910926
Produce,Last 04 Wks,8,2023/08/13,2024/08/11,Total U.S.,Tangerines,61415122.99,71791760.98,0.168959004,1.647370724,1.671199879,0.014464962,20069672.79,23352620.62,0.163577546,5.041112364,5.137683868,0.019156785,101173475.6,119978382.2,0.185867951
Produce,Last 04 Wks,8,2023/08/13,2024/08/11,Total U.S.,Variety,17849192.89,17423732.39,-0.0238364,4.808797827,4.881055917,0.015026227,14481838.24,13768968.14,-0.049225111,5.92695199,6.176658352,0.042130654,85833159.97,85046212.07,-0.009168344
Produce,Last 04 Wks,8,2023/08/13,2024/08/11,Total U.S.,Rhubarb,666560,533200,-0.200072012,0.236799088,0.236866092,0.000282956,33328,26660,-0.200072012,4.735981757,4.73732183,0.000282956,157840.8,126297,-0.199845667
Produce,Last 04 Wks,9,2023/09/10,2024/09/08,Total U.S.,Total Store with Perimeter, , , , , , ,18710782064,18803521641,0.004956478,4.470634072,4.524399927,0.01202645,83649059818,85074651950,0.017042536
Produce,Last 04 Wks,9,2023/09/10,2024/09/08,Total U.S.,Produce Department,3627339346,3712814052,0.023564023,1.759758936,1.758395892,-0.000774563,2468411776,2520223459,0.020989886,2.585971631,2.590483377,0.001744701,6383242827,6528596977,0.022771208
Produce,Last 04 Wks,9,2023/09/10,2024/09/08,Total U.S.,Vegetable Aisle,1491313114,1544383870,0.035586595,2.003393439,1.976676719,-0.013335733,1292430132,1330555276,0.029498805,2.311681564,2.294341089,-0.007501239,2987686908,3052747641,0.021776289
Produce,Last 04 Wks,9,2023/09/10,2024/09/08,Total U.S.,Fruit Aisle,2103366887,2134005123,0.014566282,1.563503479,1.57634667,0.008214367,1117092417,1125604301,0.007619677,2.943911709,2.988556341,0.015165072,3288621446,3363931871,0.022900302
Produce,Last 04 Wks,9,2023/09/10,2024/09/08,Total U.S.,Blackberries,10122141.47,7952029.114,-0.214392613,6.575620128,8.278457093,0.258962186,21818697.04,16946701.73,-0.223294512,3.050565168,3.884563077,0.273391278,66559357.19,65830531.82,-0.010950006
Produce,Last 04 Wks,9,2023/09/10,2024/09/08,Total U.S.,Blueberries,45537051.38,44646440.88,-0.019557931,4.666970008,4.978855479,0.066828257,55528865.38,53937088.67,-0.028665752,3.82719963,4.121249075,0.076831489,212520053,222288176.8,0.045963304
Produce,Last 04 Wks,9,2023/09/10,2024/09/08,Total U.S.,Raspberries,12326395.69,12103616.41,-0.018073352,8.106982049,8.180461359,0.009063707,25680668.43,25140162.13,-0.021047205,3.891248737,3.938445816,0.012129032,99929868.61,99013166.34,-0.009173456
Produce,Last 04 Wks,9,2023/09/10,2024/09/08,Total U.S.,Strawberries,90063512.9,103721922.2,0.151653082,3.374043135,3.102041194,-0.080616024,76823821.49,87133687.98,0.134201427,3.955520196,3.692597926,-0.066469707,303878177.5,321749675.5,0.05881139
Produce,Last 04 Wks,9,2023/09/10,2024/09/08,Total U.S.,Apples,158445980.1,172759644,0.090337816,2.055448156,1.784934103,-0.131608308,75250182.55,81158681.57,0.078518069,4.327929669,3.799526731,-0.122091387,325677497.6,308364580.1,-0.053159698
Produce,Last 04 Wks,9,2023/09/10,2024/09/08,Total U.S.,Apricots,519639.8099,500743.1102,-0.036364996,3.251528342,3.011776104,-0.073735245,427958.0263,305158.5388,-0.286942831,3.948105809,4.942106944,0.25176659,1689623.57,1508126.134,-0.107418859
Produce,Last 04 Wks,9,2023/09/10,2024/09/08,Total U.S.,Avocados,83954050.82,85174265.93,0.014534321,2.397788799,2.770195949,0.15531274,100847893.1,102755401.1,0.018914703,1.996115899,2.296223887,0.150345974,201304082.7,235949406.4,0.172104427
Produce,Last 04 Wks,9,2023/09/10,2024/09/08,Total U.S.,Bananas,448889549.6,457893466.9,0.020058202,0.598648771,0.588813702,-0.01642878,246622309.3,250623783.1,0.016225109,1.089630447,1.075771597,-0.012718853,268727177.1,269613947.4,0.003299891
Produce,Last 04 Wks,9,2023/09/10,2024/09/08,Total U.S.,Cherries,22002403.85,19216055.8,-0.126638347,3.910112074,3.969132373,0.015094273,15514276.03,13892576.36,-0.10452951,5.545335455,5.490059381,-0.009968031,86031864.95,76271069.18,-0.113455587
Produce,Last 04 Wks,9,2023/09/10,2024/09/08,Total U.S.,Coconuts,942726.7486,965756.3061,0.024428667,2.331122006,2.443714444,0.048299676,758264.0868,788015.3979,0.039236081,2.898213311,2.994906751,0.033363121,2197611.069,2360032.635,0.07390824
Produce,Last 04 Wks,9,2023/09/10,2024/09/08,Total U.S.,Dates,2467.236405,2323.225184,-0.058369446,8.482055145,8.480728531,-0.000156402,3476.305513,3248.996963,-0.065387967,6.019964345,6.064222996,0.007351979,20927.23524,19702.6421,-0.058516719
Produce,Last 04 Wks,9,2023/09/10,2024/09/08,Total U.S.,Grapefruit,8585391.828,7496167.064,-0.126869546,1.44733296,1.555203967,0.074530885,3951802.882,3630098.322,-0.081407036,3.144367504,3.211502202,0.02135078,12425920.57,11658068.76,-0.06179436
Produce,Last 04 Wks,9,2023/09/10,2024/09/08,Total U.S.,Grapes,184589856.4,194268848.6,0.052435125,1.959368966,2.091163326,0.067263676,101738834,104775737.5,0.029849994,3.554981142,3.877308823,0.090669308,361679636.2,406247891.5,0.12322578
Produce,Last 04 Wks,9,2023/09/10,2024/09/08,Total U.S.,Kiwi,8597788.457,8384677.111,-0.024786763,3.287171421,3.560932897,0.083281777,6525948.219,6718646.626,0.029528032,4.330773636,4.443941499,0.026131096,28262404.5,29857272.56,0.056430728
Produce,Last 04 Wks,9,2023/09/10,2024/09/08,Total U.S.,Lemons,34635079.63,34596877.51,-0.001102989,2.041826987,2.080226312,0.018806356,37207273.29,36378544.8,-0.022273293,1.900672477,1.978345624,0.04086614,70718840.27,71969334.91,0.017682624
Produce,Last 04 Wks,9,2023/09/10,2024/09/08,Total U.S.,Limes,34590901.56,41494541.74,0.199579655,1.927326748,1.616840785,-0.161096691,43383160.13,43426167.48,0.000991338,1.536724609,1.544922597,0.005334715,66667969.79,67090067.46,0.006331341
Produce,Last 04 Wks,9,2023/09/10,2024/09/08,Total U.S.,Mangoes,30248128.58,27448795.33,-0.092545668,1.655886282,1.847494426,0.115713347,26976481.34,25856636.37,-0.041511899,1.856708463,1.961256509,0.056308273,50087461.19,50711496.38,0.01245891
Produce,Last 04 Wks,9,2023/09/10,2024/09/08,Total U.S.,Melons,582319744,568851744.8,-0.023128186,0.741298261,0.728338651,-0.017482315,94958287.63,91094887.02,-0.040685239,4.54591826,4.548188447,0.00049939,431672613.7,414316712.7,-0.040206167
Produce,Last 04 Wks,9,2023/09/10,2024/09/08,Total U.S.,Nectarines,31712453.88,29042936.08,-0.084178847,2.346496893,2.463145112,0.049711644,21433020.81,19526998.91,-0.088929224,3.471893913,3.663490041,0.055184903,74413174.51,71536966.04,-0.038651872
Produce,Last 04 Wks,9,2023/09/10,2024/09/08,Total U.S.,Oranges,45568032.03,41594472.12,-0.087200604,1.579691985,1.570342818,-0.005918348,19650095.57,17304435.2,-0.119371448,3.663262335,3.774614994,0.030397129,71983454.97,65317580.58,-0.092602868
Produce,Last 04 Wks,9,2023/09/10,2024/09/08,Total U.S.,Other,4268597.143,4639199.806,0.086820717,4.291102532,4.361832967,0.016483045,5442277.222,5666248.662,0.041153993,3.365684486,3.57121896,0.06106766,18316988.01,20235414.65,0.104734831
Produce,Last 04 Wks,9,2023/09/10,2024/09/08,Total U.S.,Papaya,8201988.335,8225769.996,0.002899499,1.287370341,1.37912299,0.071271371,4160137.382,4177677.125,0.004216145,2.538136496,2.715467991,0.069866808,10558996.52,11344348.51,0.074377522
Produce,Last 04 Wks,9,2023/09/10,2024/09/08,Total U.S.,Peaches,59587947.92,60397679.47,0.013588848,2.301435023,2.229179893,-0.031395686,38748586.72,39405625.82,0.016956466,3.53916883,3.416702307,-0.034603187,137137790.3,134637292.6,-0.018233469
Produce,Last 04 Wks,9,2023/09/10,2024/09/08,Total U.S.,Pears,13410189.11,12521464.55,-0.066272336,1.988055568,1.973056163,-0.007544761,8000023.782,7349169.197,-0.081356581,3.332515233,3.361679685,0.008751484,26660201.12,24705552.79,-0.073317088
Produce,Last 04 Wks,9,2023/09/10,2024/09/08,Total U.S.,Pineapple,63345487.48,63084482.22,-0.004120345,1.334049428,1.4026839,0.051448222,25136642.33,25892031.22,0.030051305,3.36186553,3.417560669,0.016566736,84506011.37,88487587.56,0.047115893
Produce,Last 04 Wks,9,2023/09/10,2024/09/08,Total U.S.,Plums,22132131.11,19824054.35,-0.104286241,2.343029907,2.525690821,0.077959275,17157617.88,15655932.07,-0.087522978,3.022345262,3.198112504,0.058155911,51856245.09,50069432.1,-0.034457045
Produce,Last 04 Wks,9,2023/09/10,2024/09/08,Total U.S.,Pomegranates,431142.008,352224.271,-0.183043488,7.748266996,8.755744505,0.130026174,772128.9828,677206.8361,-0.122935609,4.326483613,4.553979023,0.052582057,3340603.391,3083985.725,-0.076817759
Produce,Last 04 Wks,9,2023/09/10,2024/09/08,Total U.S.,Tangelos,729950.6316,603708.1263,-0.172946635,1.959871526,1.966120529,0.003188476,518887.4877,424433.0074,-0.182032681,2.757070641,2.796584903,0.014331973,1430609.458,1186962.941,-0.170309595
Produce,Last 04 Wks,9,2023/09/10,2024/09/08,Total U.S.,Tangerines,77873803.34,85569809.43,0.098826637,1.537096124,1.568814528,0.020635277,25800990.46,27858236.51,0.079735158,4.639338225,4.818796054,0.038681773,119699521.3,134243160.2,0.121501229
Produce,Last 04 Wks,9,2023/09/10,2024/09/08,Total U.S.,Variety,16847478.7,17430508.16,0.034606333,4.86040491,4.860934124,0.000108883,13643413.62,13928323.96,0.020882629,6.001838725,6.083183602,0.013553326,81885568.19,84728551.91,0.034718984
Produce,Last 04 Wks,9,2023/09/10,2024/09/08,Total U.S.,Rhubarb,480220,483500,0.006830203,0.236951751,0.236934271,-7.38E-05,24011,24175,0.006830203,4.739035026,4.738685419,-7.38E-05,113788.97,114557.72,0.006755927
Produce,Last 04 Wks,10,2023/10/08,2024/10/06,Total U.S.,Total Store with Perimeter, , , , , , ,18270126199,18558316727,0.015773866,4.474014282,4.554237138,0.017930845,81740805556,84518975265,0.03398755
Produce,Last 04 Wks,10,2023/10/08,2024/10/06,Total U.S.,Produce Department,3339578677,3425395356,0.025696858,1.812381625,1.838861614,0.014610603,2322205068,2386954240,0.027882625,2.606398165,2.638855796,0.012453059,6052591030,6298828033,0.040682908
Produce,Last 04 Wks,10,2023/10/08,2024/10/06,Total U.S.,Vegetable Aisle,1613310649,1630754300,0.010812333,1.858625533,1.870704174,0.006498695,1255128820,1284087526,0.023072297,2.389029968,2.375740606,-0.00556266,2998540365,3050658876,0.017381294
Produce,Last 04 Wks,10,2023/10/08,2024/10/06,Total U.S.,Fruit Aisle,1693911403,1761548315,0.039929428,1.741800588,1.783921016,0.024182118,1008466899,1041565759,0.032820967,2.925684402,3.017056805,0.031231121,2950455877,3142463060,0.065077124
Produce,Last 04 Wks,10,2023/10/08,2024/10/06,Total U.S.,Blackberries,9177768.274,7162214.936,-0.219612577,7.315311855,9.046524552,0.236656035,19824560.27,15402545.58,-0.223057391,3.386619231,4.206652266,0.24213913,67138237.05,64793153.26,-0.034929183
Produce,Last 04 Wks,10,2023/10/08,2024/10/06,Total U.S.,Blueberries,29016382.33,31011770.95,0.068767657,6.539476401,7.367058003,0.126551661,37373884.69,39559641.45,0.058483532,5.077126691,5.775217039,0.13749713,189751947.5,228465515.4,0.204021979
Produce,Last 04 Wks,10,2023/10/08,2024/10/06,Total U.S.,Raspberries,12491029.05,11983412.1,-0.040638522,7.891983897,8.358694796,0.059137335,26565394.35,26070186.86,-0.018641074,3.710805075,3.842154446,0.035396462,98579000.15,100165684.3,0.01609556
Produce,Last 04 Wks,10,2023/10/08,2024/10/06,Total U.S.,Strawberries,84736379.24,92759551.1,0.094683912,3.341224708,3.37633766,0.010509006,73310265.39,79445536.67,0.083689116,3.861986892,3.942166908,0.020761338,283123284,313187565.7,0.106187952
Produce,Last 04 Wks,10,2023/10/08,2024/10/06,Total U.S.,Apples,198798427.3,206909300.6,0.040799484,1.842425591,1.728956762,-0.061586655,94214358.39,97033693.46,0.029924686,3.887637896,3.686732119,-0.05167811,366271310,357737234.3,-0.023299875
Produce,Last 04 Wks,10,2023/10/08,2024/10/06,Total U.S.,Apricots,59291.35582,46010.91084,-0.223986191,3.630596332,4.271403,0.176501767,61867.64969,51791.22085,-0.162870723,3.479410969,3.794680631,0.090610067,215262.979,196531.1426,-0.087018383
Produce,Last 04 Wks,10,2023/10/08,2024/10/06,Total U.S.,Avocados,81272565.4,88551266.34,0.089559139,2.292053466,2.674813314,0.166994293,97717061.12,105645672.3,0.081138453,1.906331024,2.242004817,0.176083686,186281065.2,236858106.2,0.271509297
Produce,Last 04 Wks,10,2023/10/08,2024/10/06,Total U.S.,Bananas,442369515.6,458655480.4,0.036815296,0.601798762,0.587412397,-0.023905608,243223272.4,250412613.4,0.029558606,1.094539285,1.07590393,-0.017025752,266217426.7,269419914.9,0.012029597
Produce,Last 04 Wks,10,2023/10/08,2024/10/06,Total U.S.,Cherries,376535.7218,241754.7582,-0.357950005,4.595371363,3.923729002,-0.146156275,282731.0403,193483.6286,-0.31566188,6.120026548,4.902637824,-0.198918863,1730321.473,948580.1559,-0.451789641
Produce,Last 04 Wks,10,2023/10/08,2024/10/06,Total U.S.,Coconuts,904712.4007,830196.9379,-0.082363702,2.325816634,2.471553317,0.062660436,728755.7774,673744.8689,-0.075486068,2.887380403,3.045479217,0.054755104,2104195.15,2051875.996,-0.024864212
Produce,Last 04 Wks,10,2023/10/08,2024/10/06,Total U.S.,Dates,3122.932604,2122.361258,-0.320394793,8.783962835,8.823280095,0.004476028,4358.276332,2994.583421,-0.312897303,6.294168116,6.25335321,-0.006484559,27431.72393,18726.18785,-0.317352861
Produce,Last 04 Wks,10,2023/10/08,2024/10/06,Total U.S.,Grapefruit,7770982.466,7186812.748,-0.075173213,1.493370301,1.574489792,0.054319743,3651608.226,3636838.203,-0.004044799,3.178039294,3.111373858,-0.020976907,11604954.43,11315563.31,-0.024936859
Produce,Last 04 Wks,10,2023/10/08,2024/10/06,Total U.S.,Grapes,177189584.3,206479098.1,0.165300426,2.317005997,2.15241226,-0.071037251,99758272.62,113110799.3,0.133848816,4.115441443,3.929139789,-0.045268936,410549329.4,444428142.3,0.082520687
Produce,Last 04 Wks,10,2023/10/08,2024/10/06,Total U.S.,Kiwi,7279339.481,8819752.291,0.211614366,3.475638562,3.61954147,0.041403301,5756393.251,7065857.753,0.227480029,4.39517453,4.517987807,0.027942753,25300353,31923459.17,0.2617792
Produce,Last 04 Wks,10,2023/10/08,2024/10/06,Total U.S.,Lemons,32043455.54,32781095.02,0.023019973,2.047514523,2.086371794,0.018977776,34690737.49,34713266.63,0.000649428,1.891266814,1.970242465,0.04175807,65609440.58,68393552.03,0.042434617
Produce,Last 04 Wks,10,2023/10/08,2024/10/06,Total U.S.,Limes,31604996.49,37376795.93,0.182623006,1.945153058,1.817337929,-0.065709548,39234999.83,38248606.75,-0.025140642,1.566880485,1.775914855,0.133407986,61476555.55,67926268.91,0.104913382
Produce,Last 04 Wks,10,2023/10/08,2024/10/06,Total U.S.,Mangoes,19906243.69,17999786.09,-0.095771841,1.934960578,2.173378197,0.12321575,19311049.56,17482318.38,-0.094698695,1.994598827,2.237709084,0.121884288,38517796.8,39120342.64,0.01564331
Produce,Last 04 Wks,10,2023/10/08,2024/10/06,Total U.S.,Melons,247300501.5,242853427.4,-0.017982471,1.084086007,1.093780839,0.008942862,57361512.62,57431556.22,0.00122109,4.673778653,4.625130208,-0.010408804,268095013.2,265628425.6,-0.009200423
Produce,Last 04 Wks,10,2023/10/08,2024/10/06,Total U.S.,Nectarines,8051265.207,14140247.88,0.7562765,2.715084719,2.662454478,-0.019384383,5771919.566,9275680.693,0.607035681,3.787278545,4.058760487,0.071682592,21859867.14,37647766.29,0.722232164
Produce,Last 04 Wks,10,2023/10/08,2024/10/06,Total U.S.,Oranges,44847626.93,39453026.96,-0.1202873,1.587092568,1.606630614,0.01231059,19218894.59,16599436.41,-0.136295986,3.703508288,3.818589944,0.031073687,71177335.4,63386440.94,-0.109457518
Produce,Last 04 Wks,10,2023/10/08,2024/10/06,Total U.S.,Other,3995427.531,4157990.095,0.040687151,4.310903544,4.390998088,0.018579526,5299525.933,5177064.007,-0.023108091,3.250083672,3.526656525,0.085097148,17223902.7,18257726.56,0.060022625
Produce,Last 04 Wks,10,2023/10/08,2024/10/06,Total U.S.,Papaya,7998496.601,7672774.782,-0.04072288,1.265447867,1.374342568,0.086052301,4003079.077,3867212.651,-0.03394048,2.528473774,2.726775574,0.07842747,10121680.46,10545021,0.041825123
Produce,Last 04 Wks,10,2023/10/08,2024/10/06,Total U.S.,Peaches,32481056.18,35386731.72,0.089457545,2.496122799,2.473443568,-0.009085783,21180377.96,23065055.67,0.088982251,3.827915867,3.794791793,-0.008653292,81076704.84,87527083.96,0.07955897
Produce,Last 04 Wks,10,2023/10/08,2024/10/06,Total U.S.,Pears,23340176.62,18479035.35,-0.208273542,1.84820431,2.026755011,0.096607664,13474382.41,10898523.77,-0.191167102,3.201439124,3.436472524,0.073414921,43137415.02,37452477.51,-0.131786699
Produce,Last 04 Wks,10,2023/10/08,2024/10/06,Total U.S.,Pineapple,58302258.48,58673595.47,0.00636917,1.358531476,1.421340475,0.04623301,24127254.42,25256811.79,0.046816656,3.282820826,3.301887695,0.005808075,79205453.28,83395156.06,0.052896645
Produce,Last 04 Wks,10,2023/10/08,2024/10/06,Total U.S.,Plums,15224628.36,14677598.8,-0.035930569,2.348527073,2.536074858,0.079857621,11563064.1,11450609.49,-0.00972533,3.092212546,3.250786721,0.051281784,35755451.89,37223489.28,0.041057722
Produce,Last 04 Wks,10,2023/10/08,2024/10/06,Total U.S.,Pomegranates,3052072.634,2214008.338,-0.274588582,3.182162613,3.730880379,0.172435489,3316766.077,2467275.661,-0.256120087,2.928211155,3.347903274,0.143327136,9712191.427,8260200.265,-0.149501909
Produce,Last 04 Wks,10,2023/10/08,2024/10/06,Total U.S.,Tangelos,696679.0856,588534.107,-0.15522926,2.061071014,2.057893948,-0.001541464,506395.5863,415937.3832,-0.1786315,2.835540254,2.911834391,0.026906385,1435905.07,1211140.777,-0.156531443
Produce,Last 04 Wks,10,2023/10/08,2024/10/06,Total U.S.,Tangerines,95259308.32,95694525.97,0.004568768,1.525615958,1.645670558,0.078692544,31363903.42,30989122.41,-0.011949437,4.633642661,5.08183684,0.096726099,145329120.9,157481663.9,0.083620839
Produce,Last 04 Wks,10,2023/10/08,2024/10/06,Total U.S.,Variety,15721095.89,15696179.82,-0.001584881,4.770928914,4.940842886,0.035614442,12825598.84,12596188.17,-0.017886936,5.848010051,6.156811679,0.052804565,75004230.92,77552358.4,0.033973117
Produce,Last 04 Wks,10,2023/10/08,2024/10/06,Total U.S.,Rhubarb,172980,235700,0.36258527,0.236753787,0.236610861,-0.000603687,8649,11785,0.36258527,4.735075731,4.732217225,-0.000603687,40953.67,55769.18,0.361762694
Produce,Last 04 Wks,11,2023/11/05,2024/11/03,Total U.S.,Total Store with Perimeter, , , , , , ,18376921633,18380280078,0.000182753,4.488984989,4.548785829,0.013321684,82493725349,83607957548,0.013506872
Produce,Last 04 Wks,11,2023/11/05,2024/11/03,Total U.S.,Produce Department,3326355581,3428738980,0.030779451,1.784174719,1.790071206,0.003304882,2266381047,2323592899,0.025243704,2.618623882,2.641463968,0.008722171,5934799535,6137686920,0.034186055
Produce,Last 04 Wks,11,2023/11/05,2024/11/03,Total U.S.,Vegetable Aisle,1757442541,1801269023,0.024937647,1.728161384,1.711994186,-0.009355143,1256256110,1273827911,0.013987435,2.417615572,2.420862402,0.001342988,3037144334,3083762095,0.015349208
Produce,Last 04 Wks,11,2023/11/05,2024/11/03,Total U.S.,Fruit Aisle,1537519986,1596196029,0.038162784,1.81652521,1.846328751,0.016406897,951879005.8,989802606,0.039840778,2.934137425,2.977465006,0.014766718,2792943815,2947102622,0.055195814
Produce,Last 04 Wks,11,2023/11/05,2024/11/03,Total U.S.,Blackberries,6770476.006,7257905.136,0.071993333,8.233244491,8.723072207,0.059493887,14773256.42,15989111.69,0.082301101,3.773236088,3.959646527,0.049403333,55742984.28,63311230.58,0.135770383
Produce,Last 04 Wks,11,2023/11/05,2024/11/03,Total U.S.,Blueberries,25753061.97,31380580.21,0.218518413,7.780696456,7.707702727,-0.009381388,33930490.11,40850003.65,0.203932025,5.90550733,5.92098316,0.002620576,200376758,241872183.7,0.20708702
Produce,Last 04 Wks,11,2023/11/05,2024/11/03,Total U.S.,Raspberries,15326309.06,14157893.19,-0.076235959,6.850214984,7.31597326,0.067991775,34466928.12,32186058.84,-0.066175589,3.046065249,3.218125229,0.05648598,104988512,103578768,-0.013427603
Produce,Last 04 Wks,11,2023/11/05,2024/11/03,Total U.S.,Strawberries,77701124.14,87377650.28,0.124535214,3.317786407,3.310383322,-0.002231333,67630766.26,75181296.65,0.111643425,3.811811514,3.847413241,0.009339845,257795733.5,289253516.2,0.122026002
Produce,Last 04 Wks,11,2023/11/05,2024/11/03,Total U.S.,Apples,216959522.7,221679720.3,0.021756121,1.725877033,1.684577171,-0.023929783,102293727.1,102855527,0.005492026,3.660492857,3.630690611,-0.008141594,374445457.4,373436596.1,-0.002694281
Produce,Last 04 Wks,11,2023/11/05,2024/11/03,Total U.S.,Apricots,20627.04702,22949.28064,0.112581971,4.617429094,4.62264847,0.001130364,25703.47607,28070.62278,0.092094419,3.705488192,3.779269804,0.019911442,95243.92706,106086.457,0.113839594
Produce,Last 04 Wks,11,2023/11/05,2024/11/03,Total U.S.,Avocados,80229247.82,86819060.98,0.082137292,2.285185576,2.579522841,0.128802347,96402341.81,104163010.8,0.08050291,1.90180774,2.150012265,0.130509788,183338719.9,223951750.8,0.221519115
Produce,Last 04 Wks,11,2023/11/05,2024/11/03,Total U.S.,Bananas,432593595.9,450434984.4,0.04124284,0.610690803,0.588459227,-0.036403981,238245113,245535396.4,0.030599928,1.108861908,1.07952917,-0.026453012,264180930.5,265062622.7,0.003337456
Produce,Last 04 Wks,11,2023/11/05,2024/11/03,Total U.S.,Cherries,45410.01927,49050.49007,0.080168889,5.951110143,6.177515035,0.038044144,53268.4092,56377.21172,0.058361092,5.073176209,5.374691841,0.059433306,270240.0263,303010.1399,0.12126299
Produce,Last 04 Wks,11,2023/11/05,2024/11/03,Total U.S.,Coconuts,871749.6776,792205.3427,-0.091246762,2.330636426,2.450543093,0.051448036,704709.3388,632875.4982,-0.101933999,2.883077379,3.067480629,0.063960562,2031731.553,1941333.331,-0.044493192
Produce,Last 04 Wks,11,2023/11/05,2024/11/03,Total U.S.,Dates,2638.375111,2403.88658,-0.088876115,8.98217834,9.42637029,0.049452586,3772.660784,3473.302565,-0.07934936,6.281602595,6.524028533,0.038593008,23698.35577,22659.92504,-0.043818683
Produce,Last 04 Wks,11,2023/11/05,2024/11/03,Total U.S.,Grapefruit,8135295.531,6337937.224,-0.220933376,1.549952356,1.682335734,0.085411257,3753693.887,3103542.207,-0.17320317,3.359176548,3.435602793,0.022751482,12609320.47,10662538.27,-0.154392317
Produce,Last 04 Wks,11,2023/11/05,2024/11/03,Total U.S.,Grapes,160317637.4,194347423.2,0.212264766,2.549734453,2.121149356,-0.168090091,88227846.94,104560410.9,0.185118016,4.633088279,3.942600341,-0.149034056,408767403.5,412239911.6,0.008495071
Produce,Last 04 Wks,11,2023/11/05,2024/11/03,Total U.S.,Kiwi,5416610.329,8794389.474,0.623596482,3.457100522,3.652252538,0.056449622,4418774.918,6873920.844,0.555616878,4.237773306,4.672636187,0.10261589,18725766.4,32119331.28,0.715247889
Produce,Last 04 Wks,11,2023/11/05,2024/11/03,Total U.S.,Lemons,31379949.18,31152879.34,-0.007236144,2.034921449,2.101559039,0.032747008,33304677.42,32711171.43,-0.0178205,1.917320226,2.001445143,0.043876299,63855731.65,65469615.16,0.025273902
Produce,Last 04 Wks,11,2023/11/05,2024/11/03,Total U.S.,Limes,29919697.34,32997929.5,0.102883131,2.004642465,1.969045074,-0.017757476,36607896.02,35550559.59,-0.028882743,1.638397787,1.827662104,0.115517927,59978295.84,64974410.53,0.08329871
Produce,Last 04 Wks,11,2023/11/05,2024/11/03,Total U.S.,Mangoes,10139496.13,10898816.46,0.074887383,2.451404866,2.602099591,0.061472802,10536610.28,11465774.5,0.088184359,2.359013904,2.473431327,0.048502225,24856010.14,28359805.84,0.140963722
Produce,Last 04 Wks,11,2023/11/05,2024/11/03,Total U.S.,Melons,139932545.2,138776136.4,-0.008264045,1.40194697,1.437649238,0.025466204,41393701.36,42436146.59,0.025183668,4.739320267,4.701449656,-0.007990726,196178007.8,199511406.8,0.016991706
Produce,Last 04 Wks,11,2023/11/05,2024/11/03,Total U.S.,Nectarines,576879.6413,1859611.827,2.223569864,2.874412386,2.645977155,-0.079471976,439798.5375,1183123.583,1.690148971,3.770339928,4.158898091,0.103056534,1658189.986,4920490.411,1.967386399
Produce,Last 04 Wks,11,2023/11/05,2024/11/03,Total U.S.,Oranges,44083522.25,34875183.2,-0.208883923,1.635093412,1.703329517,0.041732236,19768039.34,15633132.73,-0.209171306,3.646324028,3.799873638,0.042110797,72080676.82,59403928.95,-0.17586888
Produce,Last 04 Wks,11,2023/11/05,2024/11/03,Total U.S.,Other,4422989.138,4431349.234,0.001890146,4.045998733,3.857384309,-0.046617519,5410682.387,5189135.281,-0.040946241,3.307421721,3.294078122,-0.004034441,17895408.45,17093417,-0.044815487
Produce,Last 04 Wks,11,2023/11/05,2024/11/03,Total U.S.,Papaya,7336416.245,6689468.453,-0.088183082,1.305640131,1.450438185,0.110901963,3685880.467,3293357.384,-0.106493709,2.598760203,2.946130453,0.133667681,9578719.468,9702660.482,0.012939205
Produce,Last 04 Wks,11,2023/11/05,2024/11/03,Total U.S.,Peaches,13641776.18,20607334.95,0.510604974,2.581577459,2.540000029,-0.016105436,8929492.869,13290325.37,0.48836284,3.943930791,3.938401048,-0.001402089,35217301.87,52342631.36,0.486276023
Produce,Last 04 Wks,11,2023/11/05,2024/11/03,Total U.S.,Pears,29123300.09,21501142.99,-0.26172024,1.811727839,2.059397483,0.136703559,16726511.88,12692560.5,-0.241171107,3.15448277,3.488610495,0.105921557,52763493.53,44279399.76,-0.160794769
Produce,Last 04 Wks,11,2023/11/05,2024/11/03,Total U.S.,Pineapple,57818662.7,58284694.96,0.008060239,1.322959506,1.398841037,0.05735741,23420036.68,23563471.16,0.006124435,3.26608154,3.460059964,0.059391788,76491749.45,81531023.16,0.065879964
Produce,Last 04 Wks,11,2023/11/05,2024/11/03,Total U.S.,Plums,10484390.97,10932328.51,0.042724231,2.291153738,2.554380575,0.114888334,7780204.61,8203749.708,0.054438812,3.087496121,3.403971181,0.102502172,24021351.56,27925327.58,0.162521081
Produce,Last 04 Wks,11,2023/11/05,2024/11/03,Total U.S.,Pomegranates,8144291.234,6462158.332,-0.206541349,2.628297505,2.988652061,0.137105695,8303078.132,6746183.734,-0.187508099,2.578034313,2.862824907,0.110468116,21405620.33,19313142.82,-0.09775365
Produce,Last 04 Wks,11,2023/11/05,2024/11/03,Total U.S.,Tangelos,220498.8029,276587.7824,0.25437317,2.121382463,2.119404445,-0.000932419,168129.3398,219963.7868,0.30830102,2.78215744,2.664990378,-0.042113742,467762.2937,586201.3754,0.253203568
Produce,Last 04 Wks,11,2023/11/05,2024/11/03,Total U.S.,Tangerines,100735571.5,86715202.24,-0.139179924,1.583907903,1.757622304,0.109674559,32992210.89,27554149.49,-0.164828644,4.836167793,5.531383706,0.143753472,159555867.7,152412573.5,-0.044769862
Produce,Last 04 Wks,11,2023/11/05,2024/11/03,Total U.S.,Variety,15050138.3,15796113.52,0.049566004,4.750161836,4.883774999,0.028128129,12280751.99,12726638.53,0.036307755,5.82135301,6.061668532,0.04128173,71490592.59,77144664.28,0.079088332
Produce,Last 04 Wks,11,2023/11/05,2024/11/03,Total U.S.,Rhubarb,800,10040,11.55,0.23015,0.234816733,0.02027692,40,502,11.55,4.603,4.696334661,0.02027692,184.12,2357.56,11.80447534
Produce,Last 04 Wks,12,2023/12/03,2024/12/01,Total U.S.,Total Store with Perimeter, , , , , , ,19267524319,19431848712,0.008528568,4.460840829,4.509617452,0.010934401,85949359161,87630204079,0.019556224
Produce,Last 04 Wks,12,2023/12/03,2024/12/01,Total U.S.,Produce Department,3240939416,3390576410,0.046170871,1.846410923,1.8475117,0.000596171,2331933531,2430736371,0.042369493,2.566156307,2.577050174,0.004245208,5984105938,6264129588,0.046794568
Produce,Last 04 Wks,12,2023/12/03,2024/12/01,Total U.S.,Vegetable Aisle,1714865799,1793998189,0.046144946,1.796098768,1.794594785,-0.000837361,1322832163,1363672829,0.030873657,2.328389373,2.360903382,0.013964163,3080068349,3219499795,0.045268945
Produce,Last 04 Wks,12,2023/12/03,2024/12/01,Total U.S.,Fruit Aisle,1494635160,1563734128,0.046231327,1.850647436,1.855426482,0.002582365,937716306.2,992235778,0.058140689,2.949764986,2.924097051,-0.008701688,2766042727,2901393713,0.048933078
Produce,Last 04 Wks,12,2023/12/03,2024/12/01,Total U.S.,Blackberries,6603328.94,7766954.477,0.176218018,8.315233267,8.426358796,0.01336409,14666277.01,17346569.13,0.182752045,3.743841769,3.772915824,0.007765834,54908220.47,65447145.18,0.191937102
Produce,Last 04 Wks,12,2023/12/03,2024/12/01,Total U.S.,Blueberries,28964727.85,45544662.28,0.572418098,7.796219086,5.63237992,-0.277549815,37879153.68,57018454.54,0.505272663,5.961468041,4.498979206,-0.245323606,225815364.1,256524841.3,0.135993746
Produce,Last 04 Wks,12,2023/12/03,2024/12/01,Total U.S.,Raspberries,15452146.14,11994986.89,-0.223733274,6.940396153,8.098166754,0.166816213,35271384.8,27016787.87,-0.234030985,3.040538846,3.595446081,0.182502926,107244015.6,97137404.06,-0.094239399
Produce,Last 04 Wks,12,2023/12/03,2024/12/01,Total U.S.,Strawberries,61259365.07,69429683.75,0.133372566,4.113867586,4.167996749,0.013157731,55202245.7,59999650.8,0.086905977,4.565265654,4.823073007,0.05647149,252012916.3,289382696.2,0.148285177
Produce,Last 04 Wks,12,2023/12/03,2024/12/01,Total U.S.,Apples,220991376.5,220076335.3,-0.004140619,1.743619983,1.749228246,0.003216448,104353569.8,103028907.8,-0.012693979,3.692494476,3.73646339,0.011907645,385324980,384963742,-0.000937489
Produce,Last 04 Wks,12,2023/12/03,2024/12/01,Total U.S.,Apricots,16684.76204,13780.86718,-0.174044728,4.968221545,4.884221666,-0.016907434,21228.55572,17506.82692,-0.175317099,3.904815539,3.844717856,-0.015390659,82893.59425,67308.81004,-0.188009512
Produce,Last 04 Wks,12,2023/12/03,2024/12/01,Total U.S.,Avocados,75853655.02,82078976.85,0.082070163,2.275305998,2.535311609,0.11427281,90794009.66,97836889.37,0.077569872,1.900899375,2.126966466,0.118926385,172590276.2,208095782.8,0.205721361
Produce,Last 04 Wks,12,2023/12/03,2024/12/01,Total U.S.,Bananas,421210706,445825888,0.058439118,0.614413223,0.58709804,-0.044457348,231986791.7,242735334.8,0.046332565,1.115569664,1.078308213,-0.033401277,258797427.3,261743505.1,0.011383721
Produce,Last 04 Wks,12,2023/12/03,2024/12/01,Total U.S.,Cherries,632987.6589,856328.9673,0.35283675,6.521652573,6.773118523,0.038558624,548966.946,727389.9232,0.325015884,7.519807203,7.973739263,0.060364853,4128125.595,5800017.59,0.405000274
Produce,Last 04 Wks,12,2023/12/03,2024/12/01,Total U.S.,Coconuts,890118.5152,769763.2524,-0.135212627,2.291867645,2.466338677,0.076126138,717520.5397,624861.2511,-0.129138169,2.843171327,3.038269501,0.068619915,2040033.825,1898496.882,-0.069379704
Produce,Last 04 Wks,12,2023/12/03,2024/12/01,Total U.S.,Dates,4060.191939,4217.166314,0.038661811,8.682905525,9.00370437,0.036946025,5941.090188,6075.133172,0.022562018,5.933972033,6.250088303,0.053272289,35254.26302,37970.11877,0.077036237
Produce,Last 04 Wks,12,2023/12/03,2024/12/01,Total U.S.,Grapefruit,12173752.56,9855391.923,-0.190439277,1.458419457,1.520689208,0.042696737,4809629.955,3962665.593,-0.176097615,3.691435258,3.782047157,0.024546523,17754437.59,14986988.14,-0.155873676
Produce,Last 04 Wks,12,2023/12/03,2024/12/01,Total U.S.,Grapes,141255688,165460247.1,0.17135281,2.616887779,2.198989738,-0.159692763,77884612.24,88580069.91,0.1373244,4.746127291,4.107531026,-0.134551019,369650283.7,363845385.5,-0.015703757
Produce,Last 04 Wks,12,2023/12/03,2024/12/01,Total U.S.,Kiwi,5178383.471,8118328.504,0.56773413,2.94588393,3.577581321,0.214433904,3985433.318,6156821.894,0.54483124,3.827668269,4.717365698,0.232438489,15254916.65,29043980.41,0.903909479
Produce,Last 04 Wks,12,2023/12/03,2024/12/01,Total U.S.,Lemons,36147630.85,36512796,0.010102049,2.07262837,2.013518225,-0.028519413,40118717.62,40721255.06,0.015018861,1.867472583,1.805425203,-0.033225323,74920605.2,73519180.18,-0.018705468
Produce,Last 04 Wks,12,2023/12/03,2024/12/01,Total U.S.,Limes,30185082.9,31957065.78,0.058703926,1.94653423,1.828486442,-0.060645113,36758495.99,34283266.83,-0.067337607,1.598441272,1.704419295,0.066300855,58756297.1,58433061.49,-0.005501293
Produce,Last 04 Wks,12,2023/12/03,2024/12/01,Total U.S.,Mangoes,8100995.961,18745167.43,1.313933684,2.668887043,2.061454646,-0.227597642,8510773.341,19400708.58,1.279547088,2.540385261,1.991799027,-0.215946078,21620643.15,38642312.48,0.787287835
Produce,Last 04 Wks,12,2023/12/03,2024/12/01,Total U.S.,Melons,100070399.8,88865503.61,-0.111970135,1.523463533,1.654745243,0.086173188,32381360.54,30814208.23,-0.048396741,4.708066688,4.772141744,0.013609632,152453604.9,147049769.4,-0.03544577
Produce,Last 04 Wks,12,2023/12/03,2024/12/01,Total U.S.,Nectarines,46216.21581,62461.4008,0.351504006,3.193099491,3.050052055,-0.044798928,37463.92335,46588.52577,0.243557044,3.939068894,4.089215547,0.038117295,147572.9751,190510.5239,0.290958075
Produce,Last 04 Wks,12,2023/12/03,2024/12/01,Total U.S.,Oranges,63696716.4,63914537.36,0.003419657,1.48832083,1.455281265,-0.022199222,27408479.08,28503261.72,0.03994321,3.458825626,3.263262629,-0.056540288,94801149.81,93013628.76,-0.018855479
Produce,Last 04 Wks,12,2023/12/03,2024/12/01,Total U.S.,Other,5127049.417,5097402.364,-0.005782479,3.613504604,3.353972308,-0.071822877,5285478.917,5144798.757,-0.026616351,3.50519167,3.32307388,-0.051956585,18526616.67,17096546.37,-0.077190041
Produce,Last 04 Wks,12,2023/12/03,2024/12/01,Total U.S.,Papaya,6112637.305,6406876.722,0.048136247,1.343652485,1.443870917,0.074586571,3015166.375,3146203.629,0.043459378,2.723982456,2.940274711,0.079402955,8213260.305,9250702.966,0.126313135
Produce,Last 04 Wks,12,2023/12/03,2024/12/01,Total U.S.,Peaches,1826138.816,3562582.947,0.950882876,2.625438063,2.493666329,-0.05019038,1343726.083,2278619.465,0.695746994,3.567999772,3.898805077,0.092714497,4794414.357,8883893.14,0.852967324
Produce,Last 04 Wks,12,2023/12/03,2024/12/01,Total U.S.,Pears,28831846.3,21878220.51,-0.241178651,1.813231822,2.124513981,0.171672565,16319057.31,12900730.6,-0.209468393,3.203544189,3.602942098,0.124673763,52278821.21,46480585.36,-0.110909843
Produce,Last 04 Wks,12,2023/12/03,2024/12/01,Total U.S.,Pineapple,66171532.73,67050106.14,0.013277211,1.144072101,1.255549263,0.097438931,24771937.35,25561753.57,0.031883506,3.05607928,3.29338561,0.07765058,75705004.46,84184711.37,0.112009859
Produce,Last 04 Wks,12,2023/12/03,2024/12/01,Total U.S.,Plums,5428857.478,6138239.547,0.130668759,2.405624327,2.583256775,0.073840477,3603371.755,4150282.133,0.151777395,3.624325355,3.820619512,0.054160192,13059791.62,15856648.9,0.21415788
Produce,Last 04 Wks,12,2023/12/03,2024/12/01,Total U.S.,Pomegranates,15726687.75,16592686.34,0.055065542,2.761364837,2.793643672,0.01168945,15702088.68,17192111.67,0.094893299,2.765690822,2.696239652,-0.02511169,43427122.55,46354053.19,0.067398678
Produce,Last 04 Wks,12,2023/12/03,2024/12/01,Total U.S.,Tangelos,25106.48496,30109.27103,0.199262703,2.855192209,3.056272483,0.070426178,18059.4851,25517.1176,0.412948235,3.969318054,3.606290412,-0.091458441,71683.84028,92022.13654,0.283722192
Produce,Last 04 Wks,12,2023/12/03,2024/12/01,Total U.S.,Tangerines,106651852.7,97572878.94,-0.085127202,1.504866897,1.571184036,0.044068441,34021711.53,31003546.51,-0.08871291,4.71748291,4.944755261,0.048176613,160496842.7,153304949.7,-0.044810184
Produce,Last 04 Wks,12,2023/12/03,2024/12/01,Total U.S.,Variety,15041326.04,15655985.36,0.040864703,4.791015549,4.922802817,0.027507168,12053133.44,12572316.74,0.04307455,5.978796079,6.130240786,0.025330301,72063226.95,77071328.85,0.069495943
Produce,Last 04 Wks,12,2023/12/03,2024/12/01,Total U.S.,Rhubarb,80, ,-1,0.285, , ,4, ,-1,5.7, , ,22.8, ,-1
Produce,Last 04 Wks,13,2023/12/31,2024/12/29,Total U.S.,Total Store with Perimeter, , , , , , ,19835755934,19690327634,-0.007331624,4.567113661,4.643014055,0.016618898,90592151901,91422467951,0.00916543
Produce,Last 04 Wks,13,2023/12/31,2024/12/29,Total U.S.,Produce Department,3094942811,3100923757,0.00193249,1.904808776,1.936555564,0.016666654,2268435815,2290112283,0.009555689,2.598827874,2.62219071,0.008989759,5895274226,6005111153,0.018631352
Produce,Last 04 Wks,13,2023/12/31,2024/12/29,Total U.S.,Vegetable Aisle,1578890867,1562059282,-0.010660385,1.897388278,1.936935185,0.020842812,1268299918,1261055882,-0.005711611,2.362035178,2.399265273,0.015761872,2995769022,3025607585,0.009960235
Produce,Last 04 Wks,13,2023/12/31,2024/12/29,Total U.S.,Fruit Aisle,1482247840,1505464134,0.015662896,1.855856316,1.882726795,0.01447875,929740446.1,958289533.4,0.030706513,2.958717162,2.957746657,-0.000328016,2750839014,2834377664,0.030368425
Produce,Last 04 Wks,13,2023/12/31,2024/12/29,Total U.S.,Blackberries,7877637.269,8772677.796,0.11361789,7.906409139,7.836143102,-0.008887225,17856596.68,19599460.98,0.097603386,3.488000788,3.507441285,0.005573535,62283823.3,68743958.6,0.103720918
Produce,Last 04 Wks,13,2023/12/31,2024/12/29,Total U.S.,Blueberries,34251636.27,48993898.64,0.430410455,6.670520926,4.934197041,-0.260298094,44373352.89,60487699.78,0.363153691,5.148951829,3.996606757,-0.223801875,228476256.5,241745549.7,0.05807734
Produce,Last 04 Wks,13,2023/12/31,2024/12/29,Total U.S.,Raspberries,11436787.59,11519367.87,0.007220584,8.399028575,8.444675691,0.005434809,26324569.47,26203349.64,-0.004604817,3.648982971,3.712400407,0.017379482,96057905.73,97277325.86,0.012694636
Produce,Last 04 Wks,13,2023/12/31,2024/12/29,Total U.S.,Strawberries,64245817.6,65246542.07,0.015576492,4.446457539,4.800049152,0.079522094,58686979.66,57140912.08,-0.026344303,4.867626545,5.48095222,0.126000972,285666300,313186608.9,0.096337261
Produce,Last 04 Wks,13,2023/12/31,2024/12/29,Total U.S.,Apples,197325616,194682369.7,-0.013395353,1.753126395,1.776688147,0.013439847,92214946.65,90702910.33,-0.016396868,3.751417297,3.813437267,0.01653241,345936745.9,345889858.5,-0.000135537
Produce,Last 04 Wks,13,2023/12/31,2024/12/29,Total U.S.,Apricots,51764.09474,72011.18396,0.391141569,4.990088501,4.954074919,-0.007217023,67731.72003,94035.91598,0.3883586,3.813684546,3.793750469,-0.005226986,258307.4139,356748.8004,0.381101669
Produce,Last 04 Wks,13,2023/12/31,2024/12/29,Total U.S.,Avocados,82184635.86,83375804.48,0.014493811,2.14619836,2.486192115,0.158416743,100274572.9,100763374,0.004874626,1.759015527,2.057178709,0.169505714,176384530.7,207288267.7,0.175206617
Produce,Last 04 Wks,13,2023/12/31,2024/12/29,Total U.S.,Bananas,413184900.1,428310211.4,0.036606641,0.608477067,0.588421767,-0.032959827,228229850.1,232839115.9,0.020195718,1.101580428,1.082408557,-0.017403968,251413536,252027051.6,0.002440265
Produce,Last 04 Wks,13,2023/12/31,2024/12/29,Total U.S.,Cherries,3304198.151,4493318.62,0.359881706,5.876830139,5.480411508,-0.067454499,2766228.986,3739553.701,0.351859777,7.019741092,6.585073258,-0.061920779,19418211.28,24625235.07,0.268151567
Produce,Last 04 Wks,13,2023/12/31,2024/12/29,Total U.S.,Coconuts,947321.1949,860969.0061,-0.091154077,2.322791787,2.437085201,0.049205191,768023.0214,704779.6622,-0.082345656,2.865057206,2.977178451,0.039134034,2200429.892,2098254.823,-0.04643414
Produce,Last 04 Wks,13,2023/12/31,2024/12/29,Total U.S.,Dates,4379.723154,4355.590088,-0.005510181,8.708814399,8.936078588,0.026095882,6324.693513,6252.70077,-0.011382803,6.030678956,6.224813366,0.032191137,38142.19607,38921.89532,0.020441908
Produce,Last 04 Wks,13,2023/12/31,2024/12/29,Total U.S.,Grapefruit,13538237.39,12314660.94,-0.090379302,1.43448269,1.425672664,-0.006141605,5203241.814,4641711.189,-0.107919379,3.732359148,3.782371361,0.013399625,19420367.19,17556675.47,-0.095965833
Produce,Last 04 Wks,13,2023/12/31,2024/12/29,Total U.S.,Grapes,136836353.4,137755383.5,0.006716272,2.534387295,2.37120722,-0.0643864,74918094.16,75592082.59,0.008996337,4.62900611,4.32117424,-0.06650064,346796315.6,326646560,-0.058102565
Produce,Last 04 Wks,13,2023/12/31,2024/12/29,Total U.S.,Kiwi,5852864.789,8329466.571,0.423143516,3.191460168,3.479181734,0.090153582,4356252.525,6260680.845,0.43717124,4.287902212,4.628846074,0.079512975,18679184.84,28979727.95,0.551445001
Produce,Last 04 Wks,13,2023/12/31,2024/12/29,Total U.S.,Lemons,37022617.49,35086745.18,-0.05228891,2.051400563,2.014766511,-0.017858069,40988266.85,39971175.47,-0.024814208,1.85292583,1.76856443,-0.045528752,75948218.37,70691599.15,-0.0692132
Produce,Last 04 Wks,13,2023/12/31,2024/12/29,Total U.S.,Limes,32721679.3,32044740.63,-0.020687773,1.869550396,1.802624938,-0.035797622,39956102.86,34323979.89,-0.140957765,1.531050932,1.682923973,0.09919529,61174828.5,57764648.6,-0.055744822
Produce,Last 04 Wks,13,2023/12/31,2024/12/29,Total U.S.,Mangoes,8415540.372,21857557.25,1.597285057,2.566404742,1.885551489,-0.265294574,9020220.806,22695017.3,1.516015715,2.394362974,1.815973484,-0.241562995,21597682.72,41213549.62,0.908239424
Produce,Last 04 Wks,13,2023/12/31,2024/12/29,Total U.S.,Melons,80308129.88,65426114.26,-0.185311445,1.645792531,1.869006249,0.135626887,28148806.65,26103710.88,-0.072653018,4.695421798,4.684461031,-0.002334352,132170520.3,122281816.4,-0.074817773
Produce,Last 04 Wks,13,2023/12/31,2024/12/29,Total U.S.,Nectarines,71633.50301,75231.56608,0.050228775,4.008848912,3.591627211,-0.104075187,62382.83812,61549.39407,-0.01336015,4.603315579,4.390030868,-0.046332846,287167.8906,270203.7399,-0.059073982
Produce,Last 04 Wks,13,2023/12/31,2024/12/29,Total U.S.,Oranges,86075277.61,89583790.03,0.040760977,1.373613652,1.332988089,-0.029575684,33750050.95,34994605.41,0.036875632,3.503229569,3.412358097,-0.025939343,118234176.4,119414125.1,0.00997976
Produce,Last 04 Wks,13,2023/12/31,2024/12/29,Total U.S.,Other,4822102.921,4673668.659,-0.03078206,3.621432634,3.593143086,-0.007811701,5043182.732,4784719.631,-0.051249997,3.462678593,3.509748016,0.013593356,17462920.88,16793160.23,-0.038353301
Produce,Last 04 Wks,13,2023/12/31,2024/12/29,Total U.S.,Papaya,5552200.325,6129662.774,0.104006054,1.401131214,1.452844212,0.036908034,2805746.253,3059518.02,0.090447155,2.772653149,2.910734641,0.049801214,7779361.184,8905445.085,0.144752747
Produce,Last 04 Wks,13,2023/12/31,2024/12/29,Total U.S.,Peaches,214946.6138,119104.9626,-0.445885839,3.664483577,3.62934535,-0.009588862,156303.7038,90737.66745,-0.419478456,5.039345307,4.763986715,-0.054641739,787668.3362,432273.0423,-0.451199163
Produce,Last 04 Wks,13,2023/12/31,2024/12/29,Total U.S.,Pears,25706330.92,20522199.99,-0.201667478,1.876772917,2.181843052,0.162550371,14585407.68,12143205.42,-0.167441481,3.307754347,3.687347607,0.114758601,48244945.67,44776219.46,-0.07189823
Produce,Last 04 Wks,13,2023/12/31,2024/12/29,Total U.S.,Pineapple,72775652.08,70037277.78,-0.037627616,1.072065825,1.174030964,0.095110894,25865535.81,25615251.06,-0.00967638,3.016380177,3.210038134,0.064202105,78020289.48,82225932.72,0.053904481
Produce,Last 04 Wks,13,2023/12/31,2024/12/29,Total U.S.,Plums,1930988.131,1321632.139,-0.315566928,2.250317757,2.367080203,0.051887093,970453.4479,739679.4232,-0.237800201,4.477635573,4.229412329,-0.055436232,4345336.88,3128409.272,-0.280053686
Produce,Last 04 Wks,13,2023/12/31,2024/12/29,Total U.S.,Pomegranates,13168570.12,13677218.97,0.038625974,3.003350441,3.171902118,0.056121215,13274982.02,14419980.81,0.086252379,2.979275664,3.008519941,0.009815902,39549830.89,43382799.81,0.096914926
Produce,Last 04 Wks,13,2023/12/31,2024/12/29,Total U.S.,Tangelos,35396.27381,36599.93577,0.03400533,2.711441096,2.932779028,0.081631105,24586.95377,25495.44135,0.036949985,3.903489321,4.210145751,0.078559567,95974.91146,107339.5241,0.118412327
Produce,Last 04 Wks,13,2023/12/31,2024/12/29,Total U.S.,Tangerines,118933276.3,114600085.8,-0.036433794,1.520202086,1.531629172,0.007516821,37878538.99,36841308.75,-0.027383058,4.773220391,4.764348513,-0.001858678,180802614.7,175524834.5,-0.02919084
Produce,Last 04 Wks,13,2023/12/31,2024/12/29,Total U.S.,Variety,16914494.43,17009185.68,0.005598231,4.770351591,4.980410291,0.044034217,13033886.74,13086946.64,0.004070919,6.190638831,6.473070132,0.045622319,80688085.4,84712723.4,0.049878963
Produce,Last 04 Wks,13,2023/12/31,2024/12/29,Total U.S.,Rhubarb,20, ,-1,0.3415, , ,1, ,-1,6.83, , ,6.83, ,-1
